timestamp,latitude,longitude,mpu_acc_x_g,mpu_acc_y_g,mpu_acc_z_g,gyro_x_dps,gyro_y_dps,gyro_z_dps,adxl_acc_x_g,adxl_acc_y_g,adxl_acc_z_g,risk
2026-01-01 00:00:00,23.519999,87.309998,0.0117,0.0331,1.0001,0.641,0.086,0.095,0.0226,0.0243,1.0386,stable
2026-01-01 00:00:01,23.520001,87.309993,-0.0154,0.0194,1.0323,0.290,0.725,-0.647,0.0055,0.0346,1.0286,stable
2026-01-01 00:00:02,23.520004,87.310002,0.0385,-0.0214,1.0140,-1.721,-0.186,-0.324,0.0530,0.0416,0.9796,stable
2026-01-01 00:00:03,23.519990,87.309999,0.0062,0.0154,1.0238,0.655,0.820,0.512,-0.0071,-0.0137,0.9972,stable
2026-01-01 00:00:04,23.519997,87.310023,-0.0096,-0.0210,1.0246,0.780,0.969,1.081,0.0142,-0.0419,0.9971,stable
2026-01-01 00:00:05,23.519986,87.310000,0.0226,0.0025,1.0218,2.232,0.796,-0.141,-0.0045,-0.0183,1.0296,stable
2026-01-01 00:00:06,23.519999,87.310007,-0.0067,0.0032,0.9667,-0.079,0.633,0.941,0.0173,0.0255,1.0150,stable
2026-01-01 00:00:07,23.520009,87.310003,-0.0153,0.0391,1.0164,0.351,1.862,0.010,0.0817,0.0196,0.9912,stable
2026-01-01 00:00:08,23.519998,87.310014,0.0395,0.0327,0.9601,0.820,-0.140,-0.151,0.0179,0.0840,0.9798,stable
2026-01-01 00:00:09,23.520014,87.309996,0.0041,0.0149,0.9817,-0.593,1.008,0.227,0.1093,0.0262,1.0377,stable
2026-01-01 00:00:10,23.519999,87.310003,0.0674,-0.0384,1.0271,1.602,0.870,0.256,-0.0029,-0.0349,1.0118,stable
2026-01-01 00:00:11,23.520020,87.309994,0.0246,-0.0351,0.9987,1.034,1.458,0.199,-0.0267,0.0333,1.0219,stable
2026-01-01 00:00:12,23.519993,87.310011,0.0176,0.0330,1.0329,0.604,2.022,0.371,0.0062,0.0195,1.0449,stable
2026-01-01 00:00:13,23.520005,87.310012,-0.0004,-0.0398,1.0125,-0.111,0.997,0.590,-0.0218,0.0357,0.9981,stable
2026-01-01 00:00:14,23.520005,87.310000,-0.0074,0.0277,1.0145,0.695,1.112,-0.203,0.0332,0.0151,1.0586,stable
2026-01-01 00:00:15,23.520007,87.309997,0.0120,0.0690,1.0109,0.021,0.580,-0.070,-0.0096,0.0175,1.0010,stable
2026-01-01 00:00:16,23.519979,87.310020,0.0100,0.0643,0.9865,2.907,-0.396,-0.672,-0.0039,0.0339,1.0287,stable
2026-01-01 00:00:17,23.519997,87.309984,0.0019,0.0492,1.0109,0.347,1.419,1.501,0.0405,0.0274,0.9740,stable
2026-01-01 00:00:18,23.520000,87.310005,0.0324,-0.0023,0.9812,-0.551,0.815,-1.162,0.0047,0.0330,1.0458,stable
2026-01-01 00:00:19,23.520010,87.309996,-0.0073,-0.0082,1.0388,0.765,2.964,0.206,0.0428,0.0273,1.0089,stable
2026-01-01 00:00:20,23.520015,87.309986,0.0030,0.0249,1.0186,-1.429,-1.225,0.182,0.0139,0.0288,0.9846,stable
2026-01-01 00:00:21,23.519980,87.310003,0.0261,0.0418,1.0214,1.454,0.191,-0.172,-0.0028,-0.0084,0.9538,stable
2026-01-01 00:00:22,23.520002,87.309996,-0.0064,0.0232,1.0404,-0.031,-0.173,0.183,-0.0326,0.0100,1.0146,stable
2026-01-01 00:00:23,23.520009,87.310010,-0.0064,0.0321,0.9839,0.710,-0.313,1.425,0.0407,-0.0611,1.0201,stable
2026-01-01 00:00:24,23.520000,87.310005,0.0267,-0.0492,0.9846,1.416,1.823,1.307,-0.0642,0.0458,0.9644,stable
2026-01-01 00:00:25,23.520003,87.309989,0.0753,0.0313,0.9688,-0.210,0.389,-0.054,0.0729,-0.0419,1.0209,stable
2026-01-01 00:00:26,23.519992,87.310002,0.0211,-0.0087,1.0192,-0.380,1.710,0.700,0.0113,-0.0105,0.9916,stable
2026-01-01 00:00:27,23.519999,87.310005,0.0095,0.0305,1.0054,0.228,0.964,0.628,0.0133,-0.0194,0.9818,stable
2026-01-01 00:00:28,23.519990,87.310009,0.0136,0.0591,1.0516,-0.863,-0.005,0.180,-0.0415,0.0050,1.0133,stable
2026-01-01 00:00:29,23.519992,87.309992,0.0686,0.0072,0.9886,1.138,-0.248,0.514,0.0471,0.0450,1.0408,stable
2026-01-01 00:00:30,23.520011,87.309992,0.0031,0.0479,1.0225,-0.578,0.749,-0.153,-0.0190,-0.0109,1.0073,stable
2026-01-01 00:00:31,23.520004,87.310002,-0.0025,0.0431,1.0169,-0.161,0.856,-0.685,0.0047,-0.0102,1.0099,stable
2026-01-01 00:00:32,23.520000,87.310011,0.0218,0.0026,0.9834,0.798,1.461,-0.223,0.0191,0.0127,1.0053,stable
2026-01-01 00:00:33,23.519983,87.310008,0.0346,0.0459,1.0503,0.346,0.308,1.390,-0.0512,0.0344,0.9630,stable
2026-01-01 00:00:34,23.519980,87.309986,0.0471,-0.0141,0.9988,0.864,-0.582,1.016,-0.0217,-0.0156,1.0106,stable
2026-01-01 00:00:35,23.520014,87.310001,-0.0212,-0.0048,0.9962,0.682,0.204,0.747,-0.0031,0.0096,1.0166,stable
2026-01-01 00:00:36,23.519999,87.309996,-0.0164,0.0326,0.9950,-1.146,1.135,-0.574,-0.0131,0.0573,0.9739,stable
2026-01-01 00:00:37,23.520001,87.309990,0.0553,0.0570,0.9633,1.022,-0.742,-0.008,0.0232,0.0427,1.0022,stable
2026-01-01 00:00:38,23.519992,87.310013,0.0001,0.0222,0.9960,0.240,0.170,-0.383,0.0499,0.0716,1.0158,stable
2026-01-01 00:00:39,23.520008,87.310009,0.0241,0.0184,1.0234,-0.404,0.319,-0.908,0.0178,0.0315,1.0389,stable
2026-01-01 00:00:40,23.520009,87.310000,-0.0157,-0.0303,0.9835,0.882,0.134,0.567,0.0209,0.0568,1.0321,stable
2026-01-01 00:00:41,23.519997,87.309995,-0.0336,0.0323,1.0298,-0.020,1.173,-1.182,0.0251,0.0207,0.9974,stable
2026-01-01 00:00:42,23.520010,87.309997,0.0124,0.0004,0.9928,1.479,1.122,0.704,-0.0258,0.0982,1.0576,stable
2026-01-01 00:00:43,23.519991,87.309991,0.0276,-0.0154,1.0078,-0.830,1.905,1.165,-0.0315,-0.0415,0.9973,stable
2026-01-01 00:00:44,23.519997,87.309974,0.0081,0.0661,0.9831,-0.817,0.811,0.090,0.0956,0.0233,0.9998,stable
2026-01-01 00:00:45,23.519995,87.309987,0.0241,0.0068,1.0102,-0.033,0.637,1.268,-0.0263,0.0845,0.9991,stable
2026-01-01 00:00:46,23.520024,87.310002,0.0561,0.0365,0.9727,-0.045,-0.773,-0.838,0.0221,0.0386,1.0163,stable
2026-01-01 00:00:47,23.519992,87.309990,-0.0017,-0.0190,1.0019,-0.342,0.114,-0.231,0.0178,0.0353,1.0134,stable
2026-01-01 00:00:48,23.519983,87.309996,0.0233,0.0312,0.9744,1.340,0.157,0.168,0.0360,0.0249,1.0246,stable
2026-01-01 00:00:49,23.520002,87.309992,0.0099,0.0496,1.0015,-0.018,0.930,-0.288,0.0544,-0.0225,0.9817,stable
2026-01-01 00:00:50,23.520001,87.310003,0.0469,-0.0004,1.0128,1.382,0.806,0.547,0.0255,-0.0164,1.0008,stable
2026-01-01 00:00:51,23.520000,87.310001,-0.0258,0.0174,0.9897,0.251,-1.185,0.644,0.0521,0.0129,0.9798,stable
2026-01-01 00:00:52,23.519998,87.309976,0.0204,0.0319,0.9986,0.521,0.581,0.881,0.0187,-0.0126,0.9965,stable
2026-01-01 00:00:53,23.520016,87.309997,-0.0166,-0.0141,0.9648,-0.714,-0.687,-0.961,-0.0267,0.0377,0.9695,stable
2026-01-01 00:00:54,23.520002,87.309997,0.0280,0.0342,1.0029,0.276,0.700,-0.125,-0.0395,0.0591,0.9959,stable
2026-01-01 00:00:55,23.520000,87.310010,0.0229,0.0020,1.0245,1.485,0.838,-0.448,0.1681,-0.0329,0.9961,stable
2026-01-01 00:00:56,23.520016,87.310004,-0.0278,0.0200,1.0162,-0.601,-0.280,-0.037,0.0189,-0.0058,1.0230,stable
2026-01-01 00:00:57,23.519983,87.309993,0.0555,-0.0052,1.0539,-0.557,-0.367,0.371,-0.0291,0.1100,0.9848,stable
2026-01-01 00:00:58,23.520015,87.309999,-0.0149,0.0038,1.0152,0.420,-0.820,0.250,-0.0089,-0.0723,0.9858,stable
2026-01-01 00:00:59,23.520006,87.310019,0.0708,-0.0052,0.9982,1.224,-0.035,0.139,0.1063,0.0107,0.9957,stable
2026-01-01 00:01:00,23.520006,87.309990,0.0075,-0.0230,1.0047,0.968,0.226,-0.335,0.0055,0.0570,0.9978,stable
2026-01-01 00:01:01,23.519986,87.309997,0.0673,-0.0482,1.0256,0.303,0.162,0.720,-0.1082,-0.0617,0.9935,stable
2026-01-01 00:01:02,23.519991,87.309998,-0.0206,-0.0000,0.9896,0.840,1.446,-0.169,0.0053,0.0169,1.0000,stable
2026-01-01 00:01:03,23.519984,87.310004,-0.0125,-0.0167,0.9768,0.263,1.220,0.388,-0.0501,-0.0283,1.0242,stable
2026-01-01 00:01:04,23.519989,87.309998,0.0097,-0.0184,0.9984,-1.697,0.702,-0.262,0.0702,-0.0310,0.9716,stable
2026-01-01 00:01:05,23.519984,87.309994,0.0329,0.0021,0.9733,0.220,1.327,0.578,0.1394,-0.0508,1.0038,stable
2026-01-01 00:01:06,23.520012,87.310008,0.0376,-0.0113,0.9865,1.743,0.707,0.068,0.0553,0.0450,1.0270,stable
2026-01-01 00:01:07,23.519993,87.310002,0.0257,0.0407,0.9861,2.139,0.854,0.747,0.0172,0.0457,1.0529,stable
2026-01-01 00:01:08,23.520012,87.309991,0.0327,0.0391,0.9934,-0.165,-0.344,0.224,0.0953,0.0274,1.0287,stable
2026-01-01 00:01:09,23.520001,87.309988,-0.0021,0.0371,1.0085,0.213,0.142,0.991,-0.0079,-0.0458,1.0413,stable
2026-01-01 00:01:10,23.519978,87.310000,0.0029,0.0643,0.9901,-0.353,-0.543,-0.195,-0.0394,-0.0262,0.9628,stable
2026-01-01 00:01:11,23.519984,87.309995,-0.0055,-0.0248,1.0155,0.029,-0.071,1.181,0.0276,0.0340,0.9409,stable
2026-01-01 00:01:12,23.519978,87.309996,0.0262,-0.0082,1.0141,0.836,-0.943,0.068,0.0348,0.0364,1.0101,stable
2026-01-01 00:01:13,23.519996,87.309995,-0.0678,0.0651,0.9960,1.432,1.288,0.290,-0.0394,0.0318,0.9885,stable
2026-01-01 00:01:14,23.520010,87.309979,0.0320,0.0258,1.0478,-1.272,-0.369,0.264,0.0322,0.0542,0.9575,stable
2026-01-01 00:01:15,23.520010,87.310015,0.0708,0.0003,1.0318,1.333,0.879,0.722,-0.0136,-0.0429,1.0310,stable
2026-01-01 00:01:16,23.520000,87.309994,0.0032,0.0190,0.9857,0.572,0.238,-0.221,0.0495,0.0899,0.9962,stable
2026-01-01 00:01:17,23.520009,87.309973,-0.0078,-0.0071,1.0221,0.755,0.809,-0.314,-0.0119,-0.0339,1.0029,stable
2026-01-01 00:01:18,23.520002,87.309993,0.0422,0.0395,1.0385,0.523,0.838,0.591,-0.0081,0.0666,1.0564,stable
2026-01-01 00:01:19,23.520000,87.310003,0.0275,0.0119,1.0181,0.220,1.707,0.324,0.0207,0.0503,1.0121,stable
2026-01-01 00:01:20,23.519999,87.309988,0.0141,-0.0221,1.0075,1.108,0.899,0.393,0.0140,0.0317,0.9551,stable
2026-01-01 00:01:21,23.519999,87.310003,0.0126,-0.0181,1.0076,-0.480,0.564,0.099,0.0659,0.0416,1.0268,stable
2026-01-01 00:01:22,23.519992,87.309991,-0.0291,0.0984,0.9839,0.087,0.075,-0.125,-0.0567,-0.0249,0.9724,stable
2026-01-01 00:01:23,23.519993,87.309993,0.0215,-0.0055,1.0238,0.555,-0.760,0.619,0.0018,0.0314,1.0152,stable
2026-01-01 00:01:24,23.520002,87.309996,0.0554,0.0400,1.0130,-0.504,-0.231,0.078,0.0359,-0.0209,1.0369,stable
2026-01-01 00:01:25,23.519980,87.309995,-0.0626,-0.0106,0.9936,0.115,-0.015,-0.131,0.0781,0.0636,0.9827,stable
2026-01-01 00:01:26,23.519984,87.309992,0.0608,-0.0552,1.0147,0.260,0.156,1.243,-0.0144,0.0122,1.0224,stable
2026-01-01 00:01:27,23.519992,87.309999,0.0178,0.0385,0.9861,0.633,0.166,0.114,0.0173,-0.0128,0.9888,stable
2026-01-01 00:01:28,23.519989,87.310012,0.0215,-0.0263,1.0120,0.985,1.227,0.005,-0.0103,-0.0092,0.9807,stable
2026-01-01 00:01:29,23.520003,87.310000,0.0003,-0.0101,1.0118,-0.457,0.179,0.066,-0.0248,0.0481,1.0288,stable
2026-01-01 00:01:30,23.520001,87.310005,0.0141,0.0387,1.0393,0.727,0.999,0.022,-0.0271,0.0512,0.9736,stable
2026-01-01 00:01:31,23.520009,87.310002,0.0165,0.0645,0.9845,-0.104,0.091,-0.379,0.0242,0.0204,0.9920,stable
2026-01-01 00:01:32,23.519986,87.309987,0.0263,0.0058,1.0130,-0.452,-0.216,-0.185,0.0390,-0.0042,1.0283,stable
2026-01-01 00:01:33,23.520010,87.310009,0.0385,0.0351,0.9951,-1.089,0.533,-0.179,0.0341,0.0361,0.9707,stable
2026-01-01 00:01:34,23.519997,87.309995,0.0200,-0.0227,1.0031,-1.349,0.873,-0.558,-0.0044,-0.0417,0.9711,stable
2026-01-01 00:01:35,23.519996,87.310010,0.0285,0.0042,1.0237,0.704,-0.025,0.836,0.0887,0.0414,1.0545,stable
2026-01-01 00:01:36,23.520008,87.309989,-0.0184,0.0105,0.9713,1.069,-0.232,0.545,-0.0361,-0.0047,1.0337,stable
2026-01-01 00:01:37,23.520003,87.310017,0.0539,-0.0143,1.0310,0.361,0.312,0.869,-0.0272,0.0331,1.0230,stable
2026-01-01 00:01:38,23.519998,87.310010,-0.0063,0.0464,1.0099,0.701,0.443,0.012,-0.0115,0.0054,0.9765,stable
2026-01-01 00:01:39,23.519989,87.309993,0.0493,0.0296,1.0238,0.125,-0.537,0.732,0.0499,0.0019,0.9796,stable
2026-01-01 00:01:40,23.520006,87.309986,0.0384,-0.0312,0.9938,-0.135,-0.367,-0.143,0.0470,0.0268,1.0265,stable
2026-01-01 00:01:41,23.519996,87.310001,0.0311,0.0632,1.0271,1.190,1.146,-0.846,0.0532,0.0235,1.0073,stable
2026-01-01 00:01:42,23.519996,87.310004,0.0402,-0.0329,1.0091,-0.386,0.614,0.028,-0.0084,-0.0158,1.0145,stable
2026-01-01 00:01:43,23.519989,87.309992,0.0095,0.0242,0.9861,-0.284,2.482,-0.340,-0.0136,0.0228,0.9874,stable
2026-01-01 00:01:44,23.520018,87.309996,0.0202,-0.0035,1.0092,1.090,-0.423,1.153,0.0645,0.0345,0.9912,stable
2026-01-01 00:01:45,23.519992,87.310005,0.0055,-0.0550,1.0250,1.238,0.191,0.338,0.0626,0.0305,1.0243,stable
2026-01-01 00:01:46,23.519998,87.310002,0.0670,-0.0122,0.9820,0.802,0.801,0.670,-0.0361,0.0552,1.0371,stable
2026-01-01 00:01:47,23.520000,87.310007,0.0260,0.0313,0.9839,-0.595,0.805,0.543,0.0140,0.0269,0.9712,stable
2026-01-01 00:01:48,23.519995,87.310001,0.0485,-0.0107,1.0302,0.398,0.745,-0.523,0.0418,0.0175,1.0328,stable
2026-01-01 00:01:49,23.519996,87.310004,0.0132,-0.0232,1.0050,0.301,-0.396,0.655,-0.0561,-0.0698,1.0079,stable
2026-01-01 00:01:50,23.520002,87.309991,0.0105,-0.0300,1.0068,0.256,0.509,-0.829,-0.0029,0.0465,1.0417,stable
2026-01-01 00:01:51,23.520003,87.309988,-0.0254,0.0599,1.0176,0.550,0.814,0.334,0.1079,0.0392,0.9318,stable
2026-01-01 00:01:52,23.519993,87.309998,0.0154,-0.0075,0.9874,0.853,-0.237,0.633,0.0450,0.0657,0.9835,stable
2026-01-01 00:01:53,23.519994,87.310012,0.0092,-0.0562,1.0027,0.201,0.253,-0.016,-0.0415,-0.0296,0.9856,stable
2026-01-01 00:01:54,23.520013,87.310007,0.0008,0.0502,0.9802,0.235,0.489,0.608,-0.0092,0.0470,1.0145,stable
2026-01-01 00:01:55,23.519997,87.310013,0.0344,-0.0232,1.0308,-1.411,0.983,0.866,0.0201,0.0046,1.0492,stable
2026-01-01 00:01:56,23.519993,87.310007,-0.0223,-0.0048,0.9800,-0.567,1.278,-0.434,-0.0040,-0.0314,1.0291,stable
2026-01-01 00:01:57,23.520005,87.309999,-0.0201,-0.0172,1.0226,0.995,-2.230,0.891,-0.0018,0.1019,0.9948,stable
2026-01-01 00:01:58,23.520007,87.309991,0.0412,-0.0074,1.0336,0.772,-0.279,0.099,0.0300,-0.0663,0.9965,stable
2026-01-01 00:01:59,23.519987,87.310013,-0.0038,0.0217,0.9841,0.745,1.209,1.037,0.0681,0.0234,0.9808,stable
2026-01-01 00:02:00,23.519987,87.309996,0.0371,0.0253,1.0379,-0.977,0.080,0.329,0.0040,0.0715,0.9970,stable
2026-01-01 00:02:01,23.520005,87.309989,0.0660,0.0201,0.9804,2.270,-1.303,0.767,0.0374,0.0220,1.0176,stable
2026-01-01 00:02:02,23.519993,87.310014,-0.0255,0.0708,1.0339,0.371,1.436,-0.070,0.0115,-0.0011,1.0349,stable
2026-01-01 00:02:03,23.520000,87.310005,0.0088,-0.0140,0.9758,-0.569,-1.076,-0.211,0.0300,0.0172,0.9838,stable
2026-01-01 00:02:04,23.519990,87.309986,-0.0221,0.0334,0.9779,-0.119,2.242,-0.853,0.0257,0.0016,0.9892,stable
2026-01-01 00:02:05,23.520002,87.309989,0.0278,0.0237,1.0308,1.551,0.143,-0.961,0.0389,0.0117,0.9882,stable
2026-01-01 00:02:06,23.519995,87.310010,0.0125,0.0345,1.0207,-0.451,1.036,0.238,0.0981,0.0341,1.0240,stable
2026-01-01 00:02:07,23.519996,87.310001,-0.0201,-0.0231,1.0037,0.537,1.194,-0.015,0.0452,0.0092,1.0034,stable
2026-01-01 00:02:08,23.519979,87.310001,-0.0041,-0.0159,0.9673,-1.127,0.996,0.081,-0.0493,-0.0119,1.0246,stable
2026-01-01 00:02:09,23.519997,87.309996,0.0112,-0.0390,1.0038,2.738,0.130,-0.048,0.0575,0.0088,1.0112,stable
2026-01-01 00:02:10,23.520016,87.309994,0.0263,0.0460,0.9999,0.844,0.846,-0.429,0.0253,-0.0228,0.9869,stable
2026-01-01 00:02:11,23.520012,87.310016,0.0932,0.0103,0.9870,1.661,-0.931,0.035,-0.0046,0.0850,0.9855,stable
2026-01-01 00:02:12,23.520013,87.309998,0.0290,-0.0342,1.0038,-1.689,0.632,0.438,-0.0497,-0.0415,0.9872,stable
2026-01-01 00:02:13,23.519997,87.309990,-0.0152,0.0212,0.9963,0.191,0.666,0.132,0.0525,0.0191,1.0335,stable
2026-01-01 00:02:14,23.519985,87.310009,0.0685,-0.0172,1.0046,0.728,0.716,-0.177,0.0705,-0.0193,1.0071,stable
2026-01-01 00:02:15,23.520020,87.309995,0.0385,0.0186,0.9722,-0.589,-0.103,-0.025,0.0191,0.0661,1.0260,stable
2026-01-01 00:02:16,23.519998,87.310008,0.0274,0.0572,1.0003,1.678,-0.277,0.180,0.0382,-0.0024,0.9911,stable
2026-01-01 00:02:17,23.519998,87.310017,-0.0003,0.0058,1.0215,-0.344,-0.276,0.389,-0.0086,0.0185,0.9494,stable
2026-01-01 00:02:18,23.519998,87.309995,-0.0148,-0.0145,1.0108,-0.744,0.079,0.811,0.0314,0.0112,0.9963,stable
2026-01-01 00:02:19,23.519999,87.309978,-0.0065,-0.0465,1.0337,-0.256,0.944,1.694,-0.0069,0.0670,1.0159,stable
2026-01-01 00:02:20,23.519989,87.309994,0.0032,-0.0575,1.0159,0.742,-0.035,2.024,-0.0483,-0.0223,1.0322,stable
2026-01-01 00:02:21,23.519990,87.310018,-0.0125,0.0508,1.0125,1.801,-0.218,1.986,-0.0270,0.0025,1.0505,stable
2026-01-01 00:02:22,23.519994,87.310001,0.0286,0.0236,0.9915,0.885,1.503,0.422,-0.0321,0.0161,0.9959,stable
2026-01-01 00:02:23,23.519983,87.310006,-0.0170,0.0502,1.0219,0.779,0.030,0.630,0.0160,0.0442,1.0015,stable
2026-01-01 00:02:24,23.519995,87.310015,0.0586,0.0151,1.0027,0.879,0.763,-0.362,0.0445,0.0643,0.9831,stable
2026-01-01 00:02:25,23.520005,87.310007,0.0024,-0.0039,0.9976,0.718,0.284,-0.594,-0.0256,0.0405,0.9777,stable
2026-01-01 00:02:26,23.519996,87.309994,0.0158,0.0623,1.0111,-0.804,0.710,0.907,0.0423,0.0616,1.0155,stable
2026-01-01 00:02:27,23.520000,87.310005,0.0366,-0.0028,1.0056,1.392,1.104,0.613,0.0338,-0.0260,0.9797,stable
2026-01-01 00:02:28,23.520010,87.310004,0.0318,-0.0330,0.9793,0.347,-0.751,0.754,0.0283,0.1331,1.0398,stable
2026-01-01 00:02:29,23.519998,87.310002,0.0119,-0.0312,1.0252,-1.829,-0.208,-0.272,0.0572,0.0132,1.0399,stable
2026-01-01 00:02:30,23.519989,87.310011,-0.0047,-0.0198,0.9938,0.806,1.195,-0.727,0.0064,0.0156,1.0121,stable
2026-01-01 00:02:31,23.520001,87.309994,-0.0184,-0.0427,0.9986,1.112,-0.002,1.619,0.0149,-0.0043,1.0141,stable
2026-01-01 00:02:32,23.520002,87.309979,0.0353,0.0140,1.0106,-0.644,-0.419,1.165,0.0378,-0.0089,1.0193,stable
2026-01-01 00:02:33,23.520020,87.310011,0.0273,-0.0015,1.0414,-0.321,-0.676,-0.292,0.0034,0.0456,1.0338,stable
2026-01-01 00:02:34,23.520002,87.310008,0.0828,0.0393,1.0347,-0.218,-0.301,-1.381,0.0209,0.0707,0.9947,stable
2026-01-01 00:02:35,23.519991,87.309995,0.0236,-0.0239,1.0252,0.633,-0.093,1.118,0.0485,-0.0684,0.9439,stable
2026-01-01 00:02:36,23.519995,87.309998,0.0159,0.0322,0.9746,0.577,0.011,0.163,-0.0077,0.0081,1.0398,stable
2026-01-01 00:02:37,23.519988,87.310006,0.0620,0.0058,0.9762,0.583,-0.699,1.530,0.1117,0.0241,1.0193,stable
2026-01-01 00:02:38,23.520011,87.310000,0.0169,0.0528,1.0233,-0.934,-0.144,-0.317,0.0517,-0.0047,1.0191,stable
2026-01-01 00:02:39,23.519999,87.310023,0.0642,-0.0444,1.0152,-0.020,-0.582,0.622,0.0220,0.0371,1.0105,stable
2026-01-01 00:02:40,23.519991,87.309995,0.0304,0.0340,0.9813,-0.791,0.305,0.041,-0.0103,0.0603,0.9466,stable
2026-01-01 00:02:41,23.519991,87.310009,0.0615,0.0353,1.0289,0.506,-0.806,0.000,0.0278,0.0188,1.0360,stable
2026-01-01 00:02:42,23.519992,87.309985,-0.0342,0.0422,1.0132,1.323,0.355,-0.357,0.0577,-0.0127,0.9741,stable
2026-01-01 00:02:43,23.520001,87.310013,0.0166,0.0487,1.0069,2.552,1.757,0.343,-0.0153,-0.0494,1.0168,stable
2026-01-01 00:02:44,23.520005,87.310003,0.0281,0.0463,1.0107,-0.241,0.767,-0.418,0.0467,0.0436,1.0041,stable
2026-01-01 00:02:45,23.519982,87.309989,-0.0338,0.0128,0.9951,1.073,0.403,0.254,0.0403,0.0565,0.9695,stable
2026-01-01 00:02:46,23.519982,87.309992,0.0454,0.0327,1.0197,1.505,-0.933,0.042,0.0199,0.0964,1.0363,stable
2026-01-01 00:02:47,23.519992,87.310022,0.0292,-0.0182,1.0497,-0.320,0.113,-0.363,0.0391,0.0261,1.0160,stable
2026-01-01 00:02:48,23.519984,87.310014,-0.0097,0.0559,1.0493,0.223,-0.631,0.422,0.0159,-0.0555,1.0231,stable
2026-01-01 00:02:49,23.520014,87.310010,0.0066,0.0131,1.0001,2.854,-0.449,0.258,0.0577,-0.0004,0.9878,stable
2026-01-01 00:02:50,23.520012,87.310007,0.0291,-0.0333,1.0167,0.105,-0.801,0.191,-0.0168,0.0182,1.0081,stable
2026-01-01 00:02:51,23.520009,87.309999,0.0309,0.0246,1.0240,0.099,1.038,0.317,0.0630,0.0448,0.9990,stable
2026-01-01 00:02:52,23.519997,87.310010,0.0706,0.0447,1.0483,-0.064,0.087,-0.015,0.0329,0.0003,1.0381,stable
2026-01-01 00:02:53,23.520004,87.309990,0.0314,0.0322,1.0131,1.495,-0.139,0.005,0.0447,0.0362,1.0280,stable
2026-01-01 00:02:54,23.519987,87.309988,0.0020,0.0358,1.0178,0.802,0.230,-0.400,0.1056,0.0256,1.0359,stable
2026-01-01 00:02:55,23.519994,87.309996,0.0597,-0.0272,1.0076,1.151,0.624,-0.323,0.0569,0.0488,0.9792,stable
2026-01-01 00:02:56,23.519995,87.309989,0.0469,0.0023,0.9981,0.059,1.488,0.674,-0.0467,-0.0246,1.0219,stable
2026-01-01 00:02:57,23.519994,87.309991,-0.0249,0.0149,1.0010,0.322,-0.472,0.641,0.0718,-0.0144,0.9635,stable
2026-01-01 00:02:58,23.519987,87.310016,-0.0266,0.0022,1.0374,-0.036,-0.326,0.116,0.0084,0.0749,0.9996,stable
2026-01-01 00:02:59,23.520010,87.310010,0.0082,0.0352,1.0043,0.310,-0.616,-0.155,-0.0196,0.0283,1.0082,stable
2026-01-01 00:03:00,23.519991,87.310000,0.0289,0.0142,0.9648,1.793,1.567,0.551,0.0449,-0.0112,1.0088,stable
2026-01-01 00:03:01,23.520001,87.309986,0.0326,0.0014,1.0218,0.007,0.975,-0.479,0.0074,-0.0065,1.0259,stable
2026-01-01 00:03:02,23.520003,87.310005,-0.0554,-0.0158,1.0106,0.833,1.349,0.092,0.0220,-0.0050,0.9941,stable
2026-01-01 00:03:03,23.519995,87.309998,-0.0045,0.0128,0.9706,0.517,0.657,-0.053,-0.0023,0.0543,1.0096,stable
2026-01-01 00:03:04,23.519986,87.309998,-0.0188,-0.0116,0.9891,1.001,-0.615,0.591,-0.0396,-0.0012,1.0419,stable
2026-01-01 00:03:05,23.520003,87.310006,0.0323,0.0308,1.0317,0.318,0.810,0.675,0.0403,0.0673,0.9909,stable
2026-01-01 00:03:06,23.520013,87.310000,-0.0015,0.0131,0.9996,1.087,0.549,0.550,0.0193,0.0561,0.9449,stable
2026-01-01 00:03:07,23.520000,87.309996,-0.0135,0.0306,0.9869,0.474,0.346,-0.273,0.0103,0.0641,1.0240,stable
2026-01-01 00:03:08,23.519999,87.309983,0.0010,0.0075,1.0346,0.715,-0.385,0.302,0.0075,0.0053,0.9781,stable
2026-01-01 00:03:09,23.520000,87.310008,-0.0288,-0.0218,1.0769,0.605,0.650,-0.364,0.0871,0.0124,1.0167,stable
2026-01-01 00:03:10,23.519992,87.309995,0.0046,-0.0292,1.0126,0.522,0.825,0.744,0.0315,0.0053,1.0359,stable
2026-01-01 00:03:11,23.520014,87.309998,0.0379,0.0668,0.9603,0.052,1.666,-0.019,0.1272,-0.0461,1.0151,stable
2026-01-01 00:03:12,23.520005,87.309994,0.0015,-0.0427,1.0048,-0.673,0.369,0.152,0.0591,-0.0391,1.0190,stable
2026-01-01 00:03:13,23.519997,87.309992,0.0126,0.0385,1.0004,0.156,1.680,0.241,0.0110,-0.0494,0.9730,stable
2026-01-01 00:03:14,23.519998,87.310003,-0.0055,0.0075,0.9942,0.200,1.792,-0.188,0.0628,-0.0272,0.9933,stable
2026-01-01 00:03:15,23.520013,87.310004,0.0191,0.0190,0.9875,1.487,0.273,0.233,0.0440,0.0080,1.0010,stable
2026-01-01 00:03:16,23.519997,87.309995,0.0369,0.0022,0.9960,-0.825,1.548,0.530,0.0527,-0.0062,1.0444,stable
2026-01-01 00:03:17,23.520015,87.310000,0.0137,-0.0038,1.0081,1.569,1.532,0.279,0.0668,-0.0937,0.9965,stable
2026-01-01 00:03:18,23.520009,87.310004,0.0133,-0.0018,0.9943,1.273,1.346,0.231,-0.0034,0.0372,1.0065,stable
2026-01-01 00:03:19,23.520000,87.309994,-0.0111,0.0047,0.9796,1.046,-0.316,-0.871,0.0337,0.0245,1.0040,stable
2026-01-01 00:03:20,23.519981,87.310017,0.0085,0.0271,1.0055,-0.648,-0.057,-0.588,-0.0255,-0.0134,0.9610,stable
2026-01-01 00:03:21,23.519993,87.309988,0.0110,0.0117,0.9938,0.950,1.197,0.028,0.0537,0.0456,0.9800,stable
2026-01-01 00:03:22,23.520029,87.309996,0.0296,0.0056,1.0204,-0.429,1.207,0.344,-0.0811,0.0159,1.0051,stable
2026-01-01 00:03:23,23.520003,87.310003,0.0176,0.0207,0.9811,-0.307,-0.773,0.698,0.0611,0.0396,0.9909,stable
2026-01-01 00:03:24,23.519996,87.310011,0.0308,0.0642,0.9861,-0.634,-0.834,0.132,0.0046,-0.0055,0.9697,stable
2026-01-01 00:03:25,23.519997,87.310009,0.0315,-0.0274,1.0126,1.601,0.276,-0.077,0.0017,-0.0450,1.0457,stable
2026-01-01 00:03:26,23.519983,87.309997,0.0117,-0.0058,1.0332,0.179,1.957,0.245,0.0083,0.0262,0.9932,stable
2026-01-01 00:03:27,23.520006,87.309996,0.0094,-0.0152,1.0083,0.378,-0.114,0.565,0.0597,0.0465,1.0023,stable
2026-01-01 00:03:28,23.519997,87.310000,0.0296,-0.0050,0.9870,1.462,1.798,0.701,-0.0216,0.0713,0.9840,stable
2026-01-01 00:03:29,23.520004,87.309986,0.0391,0.0104,1.0121,1.052,0.710,0.007,0.0558,-0.0914,1.0162,stable
2026-01-01 00:03:30,23.519992,87.310002,0.0300,-0.0101,1.0035,0.689,1.281,-0.053,0.0707,-0.0372,1.0099,stable
2026-01-01 00:03:31,23.520001,87.310007,0.0757,0.0135,0.9933,0.408,0.379,0.775,0.0617,-0.0543,1.0087,stable
2026-01-01 00:03:32,23.519989,87.309984,0.0130,-0.0019,0.9912,0.094,0.314,1.171,0.0168,0.0902,1.0415,stable
2026-01-01 00:03:33,23.519993,87.309997,-0.0126,0.0245,1.0057,0.617,0.434,0.011,-0.0209,-0.0027,1.0249,stable
2026-01-01 00:03:34,23.519999,87.310009,0.0296,-0.0322,1.0024,0.332,0.612,0.531,0.0846,-0.0050,1.0018,stable
2026-01-01 00:03:35,23.520010,87.309990,0.0356,0.0320,1.0024,0.961,0.642,0.465,-0.0113,-0.0539,1.0043,stable
2026-01-01 00:03:36,23.520005,87.309992,0.0340,0.0243,0.9933,0.101,-0.257,0.376,0.0174,-0.0212,1.0230,stable
2026-01-01 00:03:37,23.519992,87.309982,0.0278,0.0150,1.0115,-1.617,1.315,1.043,-0.0212,0.0556,0.9841,stable
2026-01-01 00:03:38,23.519999,87.310018,0.0259,0.0135,1.0223,1.573,1.556,0.483,-0.0135,0.0579,1.0168,stable
2026-01-01 00:03:39,23.520011,87.310004,-0.0121,0.0567,1.0123,0.867,0.549,0.674,0.0259,0.0079,0.9922,stable
2026-01-01 00:03:40,23.519997,87.310010,0.0049,0.0087,1.0052,0.894,1.880,-0.611,0.0089,0.0379,0.9706,stable
2026-01-01 00:03:41,23.519999,87.309992,0.0441,-0.0539,1.0080,0.363,0.599,0.701,0.0345,0.0985,1.0080,stable
2026-01-01 00:03:42,23.520012,87.309999,0.0275,-0.1061,1.0149,0.027,-0.225,0.767,-0.0637,0.1410,1.0375,stable
2026-01-01 00:03:43,23.520019,87.310003,-0.0118,0.0428,0.9746,1.333,0.728,-0.646,0.0262,0.0101,0.9820,stable
2026-01-01 00:03:44,23.519988,87.309995,0.0488,0.0946,1.0214,0.038,1.166,0.593,0.0336,0.0245,1.0442,stable
2026-01-01 00:03:45,23.520000,87.310002,0.0301,-0.0019,0.9633,-0.212,1.353,0.334,0.0779,-0.0193,1.0309,stable
2026-01-01 00:03:46,23.520009,87.309998,0.0431,0.0013,1.0208,0.682,0.654,1.233,-0.0045,0.0711,1.0023,stable
2026-01-01 00:03:47,23.520023,87.309992,-0.0497,0.0169,0.9910,0.112,-0.127,1.084,0.0630,0.0614,1.0630,stable
2026-01-01 00:03:48,23.519975,87.310020,0.0225,0.0103,0.9669,0.929,0.185,-1.067,-0.0196,0.0570,1.0401,stable
2026-01-01 00:03:49,23.520028,87.310010,0.0693,0.0520,1.0196,-0.905,-0.293,0.380,0.0180,0.0300,1.0084,stable
2026-01-01 00:03:50,23.520010,87.310000,0.0064,-0.0666,1.0217,-0.352,0.994,0.776,0.0452,0.0531,0.9795,stable
2026-01-01 00:03:51,23.519994,87.310017,0.0409,0.0047,1.0237,0.281,0.674,0.735,0.0123,-0.0350,1.0156,stable
2026-01-01 00:03:52,23.519989,87.309992,0.0075,0.0128,1.0168,0.735,0.001,0.552,0.0341,0.0378,1.0426,stable
2026-01-01 00:03:53,23.519984,87.309999,0.0393,0.0127,1.0085,-0.292,0.731,0.692,-0.0120,0.0297,0.9863,stable
2026-01-01 00:03:54,23.520001,87.310002,0.0269,0.0339,1.0417,0.086,1.052,-0.656,0.0220,0.0571,1.0270,stable
2026-01-01 00:03:55,23.520019,87.309993,0.0388,0.0092,1.0286,1.001,1.537,0.604,0.0096,0.0003,0.9933,stable
2026-01-01 00:03:56,23.520013,87.309998,-0.0393,-0.0070,1.0125,-1.192,-0.056,-0.999,0.0310,-0.0010,1.0129,stable
2026-01-01 00:03:57,23.519991,87.309979,0.0141,0.0261,0.9766,0.097,0.322,-0.144,0.1245,0.0045,1.0107,stable
2026-01-01 00:03:58,23.519974,87.310014,-0.0797,0.0527,0.9765,0.288,2.057,0.417,0.0103,-0.0157,1.0227,stable
2026-01-01 00:03:59,23.520007,87.309980,0.0309,0.0215,0.9765,0.257,-0.089,0.399,-0.0394,-0.0204,1.0578,stable
2026-01-01 00:04:00,23.519996,87.309998,0.0066,0.0482,0.9965,-0.309,0.918,0.097,0.0110,0.0115,1.0177,stable
2026-01-01 00:04:01,23.519990,87.310020,0.0302,0.0012,1.0187,-1.426,0.429,0.152,0.0320,-0.0160,1.0054,stable
2026-01-01 00:04:02,23.519998,87.309996,0.0260,0.0002,1.0270,0.666,-0.263,-0.524,0.0468,0.0255,1.0256,stable
2026-01-01 00:04:03,23.519985,87.310001,-0.0452,0.0276,0.9853,0.956,-0.132,0.211,0.0669,-0.0512,1.0239,stable
2026-01-01 00:04:04,23.520009,87.309983,0.0151,0.0451,1.0315,0.151,1.773,-0.627,0.0162,0.0221,1.0091,stable
2026-01-01 00:04:05,23.520010,87.310009,0.0695,-0.0118,0.9988,1.827,0.292,-0.692,0.0094,0.0536,1.0278,stable
2026-01-01 00:04:06,23.520019,87.309996,-0.0121,-0.0241,1.0058,1.757,0.475,0.234,0.0127,0.0641,0.9881,stable
2026-01-01 00:04:07,23.519999,87.310000,0.0692,-0.0148,1.0536,-0.281,-0.229,0.614,0.0174,0.0598,0.9819,stable
2026-01-01 00:04:08,23.519996,87.310003,-0.0291,0.0088,1.0149,-0.284,-0.576,0.139,0.0363,0.1249,1.0328,stable
2026-01-01 00:04:09,23.519985,87.309999,0.0622,0.0317,0.9977,1.477,1.469,-0.415,0.0355,-0.0362,0.9835,stable
2026-01-01 00:04:10,23.519997,87.309986,0.0382,0.0116,0.9898,1.600,0.576,-0.125,0.0066,0.0108,0.9848,stable
2026-01-01 00:04:11,23.519996,87.310012,-0.0098,-0.0459,1.0067,-1.003,0.452,0.472,0.0395,0.0373,1.0180,stable
2026-01-01 00:04:12,23.520006,87.310014,0.0084,0.0231,0.9886,-0.120,1.620,-0.003,0.0451,-0.0063,1.0485,stable
2026-01-01 00:04:13,23.520004,87.309979,-0.0211,0.0688,1.0196,0.370,-0.196,0.567,0.0920,0.0412,1.0199,stable
2026-01-01 00:04:14,23.519989,87.310007,0.0426,-0.0064,0.9964,0.542,-0.610,-0.029,-0.0003,0.0124,1.0049,stable
2026-01-01 00:04:15,23.520017,87.310008,0.0595,-0.0388,1.0109,0.955,-0.243,-0.229,0.0564,0.0065,1.0242,stable
2026-01-01 00:04:16,23.519999,87.310001,-0.0099,0.0630,1.0201,-0.048,-0.132,0.033,-0.0165,0.0421,1.0238,stable
2026-01-01 00:04:17,23.519997,87.310004,-0.0076,-0.0003,1.0355,-0.038,2.304,-1.051,-0.0294,0.0869,0.9988,stable
2026-01-01 00:04:18,23.520021,87.309993,-0.0027,0.0243,1.0033,0.268,-0.763,0.504,0.0514,0.0085,1.0036,stable
2026-01-01 00:04:19,23.519995,87.309997,0.0129,0.0562,1.0048,0.244,-0.007,-0.354,-0.0188,0.0494,0.9935,stable
2026-01-01 00:04:20,23.519995,87.309987,0.0011,0.0539,0.9962,0.033,0.032,0.362,0.0015,0.0111,0.9963,stable
2026-01-01 00:04:21,23.520003,87.310002,0.0340,0.0090,1.0313,1.565,0.236,0.388,-0.0093,0.0156,1.0269,stable
2026-01-01 00:04:22,23.520015,87.310000,0.0625,-0.0195,0.9993,1.184,0.814,0.179,-0.0002,0.0139,1.0281,stable
2026-01-01 00:04:23,23.519999,87.309996,0.0181,0.0159,1.0100,1.767,-0.203,1.132,0.0737,0.0529,1.0560,stable
2026-01-01 00:04:24,23.519997,87.309995,-0.0051,0.0371,0.9732,1.601,1.110,0.474,0.0549,0.0460,0.9984,stable
2026-01-01 00:04:25,23.520013,87.310004,-0.0263,0.0163,0.9964,0.113,0.741,0.100,-0.0282,0.0419,1.0154,stable
2026-01-01 00:04:26,23.520004,87.310009,0.0104,0.0176,0.9868,0.792,0.230,0.483,0.0086,0.0046,1.0114,stable
2026-01-01 00:04:27,23.520009,87.309996,-0.0283,0.0163,0.9742,-0.502,-0.051,-0.253,-0.0435,0.0060,1.0404,stable
2026-01-01 00:04:28,23.520000,87.310009,0.0018,-0.0145,1.0171,0.642,0.279,0.007,-0.0003,0.0605,0.9686,stable
2026-01-01 00:04:29,23.519997,87.309993,0.0162,0.0215,1.0054,1.507,-0.181,0.476,-0.0515,0.0333,0.9627,stable
2026-01-01 00:04:30,23.519995,87.310002,-0.0287,0.0127,1.0239,0.361,0.295,0.912,0.0474,-0.0100,0.9910,stable
2026-01-01 00:04:31,23.520000,87.309988,-0.0498,0.0055,1.0115,1.243,-0.734,-0.083,-0.0397,0.0248,1.0034,stable
2026-01-01 00:04:32,23.520000,87.309993,-0.0157,0.0594,1.0218,-0.858,0.129,0.570,0.0248,0.0554,1.0379,stable
2026-01-01 00:04:33,23.519995,87.309995,0.0026,0.0391,0.9937,0.747,0.221,-0.055,-0.0605,0.0618,1.0215,stable
2026-01-01 00:04:34,23.520002,87.309989,-0.0258,-0.0510,1.0236,0.127,0.252,1.278,-0.0122,-0.0324,1.0123,stable
2026-01-01 00:04:35,23.519997,87.309986,-0.0080,0.0326,1.0165,-0.603,-0.488,0.210,0.1063,0.0036,1.0067,stable
2026-01-01 00:04:36,23.520026,87.309994,-0.0004,0.0167,0.9813,0.368,-0.374,-0.132,-0.0578,-0.0072,0.9493,stable
2026-01-01 00:04:37,23.519995,87.309994,-0.0025,-0.0133,1.0339,0.239,1.215,0.041,0.0059,-0.0182,1.0268,stable
2026-01-01 00:04:38,23.519987,87.310002,-0.0005,-0.0151,1.0012,0.028,1.812,0.486,-0.0274,0.0371,1.0088,stable
2026-01-01 00:04:39,23.519994,87.310000,-0.0028,0.0068,1.0226,-0.662,-0.075,1.189,0.0899,0.0298,1.0514,stable
2026-01-01 00:04:40,23.519999,87.309980,0.0132,-0.0265,1.0127,0.574,-0.328,-0.477,-0.0605,-0.0612,1.0507,stable
2026-01-01 00:04:41,23.519999,87.309998,0.0134,0.0116,1.0347,-1.211,1.149,-0.933,0.0018,-0.0404,1.0047,stable
2026-01-01 00:04:42,23.519986,87.309990,0.0394,0.0064,1.0224,0.566,0.756,-0.357,0.0146,-0.0310,1.0241,stable
2026-01-01 00:04:43,23.520010,87.310000,0.0419,0.0076,0.9959,0.956,2.063,0.662,-0.0260,-0.0241,0.9752,stable
2026-01-01 00:04:44,23.519989,87.310014,0.0063,0.0313,1.0098,-0.454,0.273,-0.031,0.0139,0.0200,1.0231,stable
2026-01-01 00:04:45,23.520008,87.310003,0.0642,-0.0874,0.9960,-1.642,1.488,0.274,-0.0637,0.0440,0.9784,stable
2026-01-01 00:04:46,23.520015,87.309996,-0.0138,0.0722,1.0238,-0.257,0.137,1.171,-0.0213,-0.0360,1.0385,stable
2026-01-01 00:04:47,23.520001,87.310005,0.0033,-0.0607,1.0045,2.113,0.206,0.208,0.0726,0.0388,1.0089,stable
2026-01-01 00:04:48,23.519996,87.310002,-0.0304,0.0010,1.0396,-0.772,-1.210,0.218,-0.0051,-0.0197,1.0140,stable
2026-01-01 00:04:49,23.520002,87.310004,-0.0219,-0.0072,0.9994,1.167,-0.283,-0.242,0.0775,0.0213,0.9716,stable
2026-01-01 00:04:50,23.519988,87.309989,-0.0250,-0.0119,1.0495,1.480,1.170,0.144,0.0341,0.0191,0.9773,stable
2026-01-01 00:04:51,23.520009,87.309988,0.0210,0.0316,1.0219,-0.586,0.732,0.142,-0.0211,-0.0646,1.0141,stable
2026-01-01 00:04:52,23.519983,87.310017,-0.0210,-0.0006,1.0076,-0.440,-0.267,0.708,0.0068,0.0141,0.9517,stable
2026-01-01 00:04:53,23.520009,87.309993,-0.0135,0.0232,1.0187,-0.078,0.900,1.202,0.0648,-0.0475,1.0768,stable
2026-01-01 00:04:54,23.519988,87.310003,0.0122,0.0228,1.0343,-0.340,0.358,0.832,0.0601,0.0600,1.0301,stable
2026-01-01 00:04:55,23.519995,87.309987,0.0277,-0.0016,1.0289,0.070,-0.042,0.805,0.0481,0.0159,1.0196,stable
2026-01-01 00:04:56,23.519982,87.310007,0.0474,0.0484,1.0203,-0.056,0.830,-0.129,0.0101,-0.0452,0.9787,stable
2026-01-01 00:04:57,23.519996,87.309992,0.0094,0.0210,1.0012,0.446,0.099,0.218,-0.0175,-0.0051,0.9581,stable
2026-01-01 00:04:58,23.519988,87.309996,0.0489,0.0117,1.0069,0.605,1.657,0.173,-0.0150,-0.0316,1.0112,stable
2026-01-01 00:04:59,23.520007,87.309990,-0.0347,0.0264,0.9815,1.205,-0.174,0.350,0.0737,-0.0036,1.0465,stable
2026-01-01 00:05:00,23.519991,87.310001,0.0218,0.0460,1.0246,0.900,0.445,0.700,-0.0027,-0.0283,1.0208,stable
2026-01-01 00:05:01,23.520008,87.309993,0.0568,-0.0439,1.0019,-0.164,-0.175,0.123,-0.0037,-0.0164,0.9757,stable
2026-01-01 00:05:02,23.519990,87.309999,0.0452,-0.0079,0.9854,-0.540,0.376,-0.337,-0.0108,0.0305,1.0228,stable
2026-01-01 00:05:03,23.520007,87.310002,0.0337,-0.0189,1.0314,0.767,0.779,-0.663,-0.0274,0.0203,1.0128,stable
2026-01-01 00:05:04,23.520001,87.309998,0.0527,0.0225,1.0236,1.386,0.554,0.660,0.0286,0.0579,1.0614,stable
2026-01-01 00:05:05,23.519992,87.310016,0.0206,-0.0009,0.9942,0.823,1.906,0.170,0.0541,0.0812,0.9685,stable
2026-01-01 00:05:06,23.520003,87.309994,0.0024,-0.0078,1.0010,-0.649,0.608,0.300,0.0572,0.0359,1.0204,stable
2026-01-01 00:05:07,23.519991,87.309995,0.0232,0.0400,1.0185,0.226,0.500,-0.469,0.0519,0.0459,1.0337,stable
2026-01-01 00:05:08,23.520010,87.309981,0.0218,-0.0309,0.9866,1.321,0.565,0.364,0.0894,0.0246,0.9796,stable
2026-01-01 00:05:09,23.519991,87.310001,-0.0312,0.0251,1.0106,0.458,0.713,-0.154,0.0473,-0.0137,1.0266,stable
2026-01-01 00:05:10,23.520003,87.309987,0.0177,0.0144,0.9859,0.070,0.995,0.716,0.0660,0.0132,1.0541,stable
2026-01-01 00:05:11,23.520004,87.309998,0.0597,0.0130,0.9859,-0.523,-0.398,0.781,0.0172,0.0492,0.9895,stable
2026-01-01 00:05:12,23.519998,87.309980,-0.0119,-0.0299,0.9779,0.668,0.773,-0.217,0.0393,-0.0437,0.9950,stable
2026-01-01 00:05:13,23.519994,87.310001,0.0143,0.0261,1.0142,-0.009,0.821,0.391,0.0277,0.0203,0.9593,stable
2026-01-01 00:05:14,23.519991,87.309992,0.0053,-0.0273,1.0395,-0.172,-0.364,0.487,0.0738,0.0259,0.9921,stable
2026-01-01 00:05:15,23.520003,87.309993,0.0128,0.0159,1.0107,0.394,1.790,1.925,0.0249,-0.0217,0.9837,stable
2026-01-01 00:05:16,23.519984,87.309998,0.0268,0.0175,1.0020,1.012,-0.077,0.695,0.0106,-0.0057,1.0009,stable
2026-01-01 00:05:17,23.519994,87.309999,0.0456,0.0211,1.0093,2.240,0.955,-1.196,0.0702,-0.0364,0.9711,stable
2026-01-01 00:05:18,23.520013,87.309997,0.0213,-0.0381,1.0269,-0.656,0.560,0.519,0.0214,0.0667,1.0266,stable
2026-01-01 00:05:19,23.519999,87.310001,0.0409,0.0468,1.0036,0.467,0.304,0.490,-0.0162,-0.0508,1.0621,stable
2026-01-01 00:05:20,23.519991,87.310001,0.0337,-0.0026,1.0335,1.169,-0.204,0.529,0.0800,0.0340,0.9960,stable
2026-01-01 00:05:21,23.520007,87.309996,0.0032,0.0649,1.0324,-0.680,-0.727,-0.444,0.0066,0.0120,0.9734,stable
2026-01-01 00:05:22,23.519971,87.310001,0.0632,-0.0245,0.9488,0.936,-0.027,0.362,0.0696,0.0826,1.0187,stable
2026-01-01 00:05:23,23.520002,87.309990,0.0145,0.0048,0.9980,0.193,-0.885,0.453,0.0454,0.0170,0.9868,stable
2026-01-01 00:05:24,23.519994,87.309995,-0.0061,0.0054,0.9794,-0.251,1.002,0.454,0.0782,-0.0396,1.0424,stable
2026-01-01 00:05:25,23.520006,87.310009,0.0438,0.0138,1.0149,0.957,-0.413,0.468,0.0796,0.0953,1.0386,stable
2026-01-01 00:05:26,23.520005,87.310011,0.0734,0.0104,0.9739,0.524,-0.359,-0.494,-0.0017,-0.0342,1.0354,stable
2026-01-01 00:05:27,23.520007,87.309986,0.0212,-0.0137,1.0097,1.161,0.862,0.033,0.0382,0.0175,1.0450,stable
2026-01-01 00:05:28,23.520004,87.310012,0.0040,-0.0030,1.0075,-0.054,-0.519,0.118,-0.0657,-0.0091,1.0203,stable
2026-01-01 00:05:29,23.519996,87.310009,0.0623,-0.0101,1.0262,-0.302,0.729,0.380,0.0228,0.0496,1.0047,stable
2026-01-01 00:05:30,23.519995,87.309994,-0.0412,0.0323,0.9909,1.183,0.122,0.277,0.0259,0.0068,0.9754,stable
2026-01-01 00:05:31,23.519994,87.310005,0.0237,0.0207,1.0124,-0.322,1.094,0.325,0.0196,-0.0016,1.0081,stable
2026-01-01 00:05:32,23.519988,87.309983,0.0068,0.0331,1.0031,1.412,1.422,1.096,0.0285,0.0377,0.9824,stable
2026-01-01 00:05:33,23.520004,87.309992,0.0090,-0.0626,1.0235,-0.098,-0.624,-0.263,-0.0159,-0.0238,0.9715,stable
2026-01-01 00:05:34,23.519997,87.310009,-0.0375,-0.0014,0.9889,0.333,0.979,1.328,0.0180,0.0362,0.9884,stable
2026-01-01 00:05:35,23.520000,87.310021,-0.0192,0.0080,1.0047,0.657,0.311,0.297,-0.0109,0.0444,0.9831,stable
2026-01-01 00:05:36,23.520008,87.310014,-0.0075,0.0307,1.0066,0.464,1.658,1.145,-0.0209,0.0019,0.9885,stable
2026-01-01 00:05:37,23.519982,87.309983,0.0456,0.0222,1.0190,-0.466,0.145,1.055,0.0210,0.0223,1.0381,stable
2026-01-01 00:05:38,23.520002,87.310004,0.0093,0.0592,1.0023,0.920,1.057,-0.058,0.0470,0.0581,0.9185,stable
2026-01-01 00:05:39,23.520004,87.309991,0.0656,0.0217,1.0041,0.071,-0.214,0.298,0.0581,-0.0469,1.0122,stable
2026-01-01 00:05:40,23.520001,87.309992,0.0193,-0.0202,1.0050,-0.957,0.635,-1.462,0.0030,-0.0446,1.0129,stable
2026-01-01 00:05:41,23.520008,87.309998,0.0086,0.0456,0.9966,1.516,0.830,1.415,0.0364,-0.0062,1.0371,stable
2026-01-01 00:05:42,23.519997,87.310005,0.0125,0.0269,1.0064,1.726,0.665,-0.573,0.0263,0.0030,1.0160,stable
2026-01-01 00:05:43,23.520004,87.309983,-0.0320,0.0540,1.0085,0.797,-0.126,-0.788,0.0385,0.0357,1.0507,stable
2026-01-01 00:05:44,23.520001,87.309982,-0.0032,0.0194,0.9970,1.509,1.582,-0.416,0.0220,-0.0021,1.0453,stable
2026-01-01 00:05:45,23.520006,87.309991,0.0548,0.0030,1.0457,-0.146,0.722,0.371,0.0091,0.0450,1.0069,stable
2026-01-01 00:05:46,23.519994,87.309993,0.0173,0.0174,1.0245,0.465,1.575,-0.182,-0.0237,-0.0221,1.0235,stable
2026-01-01 00:05:47,23.520000,87.309993,-0.0023,0.0028,0.9977,0.332,0.515,-0.047,0.0368,-0.0042,0.9963,stable
2026-01-01 00:05:48,23.519983,87.309992,-0.0050,-0.0187,0.9997,-0.354,1.113,1.474,0.0578,0.0269,1.0365,stable
2026-01-01 00:05:49,23.519997,87.310001,0.0049,-0.0541,0.9873,0.762,-0.085,-0.855,0.0169,0.0265,1.0278,stable
2026-01-01 00:05:50,23.520024,87.309991,0.0545,0.0396,0.9930,-0.222,0.201,-0.041,0.0002,0.0148,0.9850,stable
2026-01-01 00:05:51,23.520009,87.309993,0.0409,-0.0195,0.9710,0.812,-0.291,0.541,0.0964,0.1355,0.9867,stable
2026-01-01 00:05:52,23.519988,87.310028,0.0019,0.0378,1.0055,0.210,-0.783,-0.159,0.0073,0.0240,0.9505,stable
2026-01-01 00:05:53,23.520026,87.309990,0.0248,-0.0007,0.9473,-0.172,0.978,0.204,0.0092,0.0419,1.0102,stable
2026-01-01 00:05:54,23.520007,87.309986,0.0088,0.0496,0.9614,0.500,0.483,0.023,0.0352,-0.0205,1.0326,stable
2026-01-01 00:05:55,23.520018,87.310008,0.0315,0.0545,0.9893,-1.025,0.996,1.217,-0.0014,-0.0337,1.0334,stable
2026-01-01 00:05:56,23.519995,87.310015,0.0042,0.0064,1.0396,-0.476,1.504,-0.820,0.0583,0.0346,0.9921,stable
2026-01-01 00:05:57,23.519989,87.310017,0.0187,-0.0069,1.0202,0.630,0.858,0.797,0.0204,0.0277,1.0016,stable
2026-01-01 00:05:58,23.519987,87.310005,-0.0063,0.0114,1.0032,0.599,0.545,0.053,0.0125,0.0014,1.0086,stable
2026-01-01 00:05:59,23.520000,87.310004,0.0268,-0.0203,0.9967,-0.057,-0.673,-0.427,0.0184,0.0304,1.0086,stable
2026-01-01 00:06:00,23.520004,87.309998,0.0001,-0.0158,0.9974,0.228,0.201,-0.376,0.1296,-0.0756,0.9552,stable
2026-01-01 00:06:01,23.520002,87.310018,0.0304,0.0210,1.0246,-1.189,0.504,0.355,0.1048,-0.0138,1.0349,stable
2026-01-01 00:06:02,23.520015,87.310001,0.0401,0.0331,1.0198,-0.150,0.172,-0.234,0.0135,-0.0494,1.0147,stable
2026-01-01 00:06:03,23.520012,87.310013,0.0196,0.0074,1.0018,0.949,0.571,-0.582,0.0731,0.0341,1.0324,stable
2026-01-01 00:06:04,23.519997,87.310019,-0.0171,-0.0386,1.0465,0.032,-0.168,-0.979,0.0927,0.0432,1.0227,stable
2026-01-01 00:06:05,23.519991,87.310005,0.0476,-0.0541,1.0196,0.456,-0.408,0.126,-0.0003,0.0295,0.9965,stable
2026-01-01 00:06:06,23.519995,87.309995,0.0501,0.0072,1.0137,1.592,-0.862,0.283,0.0090,-0.0155,1.0043,stable
2026-01-01 00:06:07,23.520017,87.309998,0.0043,-0.0443,1.0379,-0.353,0.384,0.665,0.0789,0.1020,1.0249,stable
2026-01-01 00:06:08,23.519993,87.309998,0.0391,0.0406,1.0141,-0.078,1.465,-0.095,0.0148,0.1241,1.0099,stable
2026-01-01 00:06:09,23.520018,87.310008,0.0020,-0.0564,0.9903,0.849,1.238,-0.439,0.0260,-0.0670,0.9870,stable
2026-01-01 00:06:10,23.519978,87.310008,0.0699,-0.0311,1.0047,0.776,0.618,0.290,-0.0369,0.0095,1.0399,stable
2026-01-01 00:06:11,23.520007,87.309996,-0.0111,-0.0009,0.9819,0.359,0.117,-0.339,0.0458,-0.0223,1.0196,stable
2026-01-01 00:06:12,23.520017,87.310003,0.0387,0.0142,0.9798,1.719,0.201,1.481,0.0550,0.0950,1.0003,stable
2026-01-01 00:06:13,23.520001,87.309993,0.0210,0.0048,1.0091,-0.404,-0.124,0.986,0.0155,-0.0386,0.9561,stable
2026-01-01 00:06:14,23.520003,87.309988,-0.0386,0.0288,1.0718,-0.422,0.206,0.154,-0.0329,-0.0412,1.0063,stable
2026-01-01 00:06:15,23.520003,87.309993,0.0303,0.0276,0.9836,0.891,1.209,0.468,0.0652,0.0737,0.9707,stable
2026-01-01 00:06:16,23.520013,87.310011,0.0578,-0.0056,1.0214,-0.104,0.453,-0.574,-0.0160,0.0281,1.0338,stable
2026-01-01 00:06:17,23.520015,87.310015,-0.0145,0.0090,0.9978,0.950,-0.335,0.779,-0.0348,0.0621,0.9460,stable
2026-01-01 00:06:18,23.519993,87.310007,0.0226,-0.0537,0.9778,1.322,1.605,0.634,0.0749,-0.0151,1.0183,stable
2026-01-01 00:06:19,23.519989,87.309996,0.0043,0.0257,1.0147,-0.051,-1.221,0.528,0.0139,0.0138,1.0197,stable
2026-01-01 00:06:20,23.519990,87.309994,0.0047,0.0185,0.9929,-0.689,-0.026,-0.823,-0.0084,0.0366,1.0113,stable
2026-01-01 00:06:21,23.519998,87.310009,-0.0204,0.0253,0.9923,0.253,-0.135,0.412,-0.0078,-0.0335,0.9917,stable
2026-01-01 00:06:22,23.520001,87.309994,-0.0229,0.0229,1.0136,0.141,1.031,0.062,0.0283,-0.0304,1.0210,stable
2026-01-01 00:06:23,23.520005,87.309997,-0.0076,-0.0241,1.0008,-0.663,1.301,0.840,-0.0634,-0.0706,0.9700,stable
2026-01-01 00:06:24,23.520027,87.309988,0.0055,0.0520,0.9986,1.122,0.277,0.754,0.0554,-0.0411,1.0012,stable
2026-01-01 00:06:25,23.520000,87.309988,-0.0149,0.0137,1.0090,0.543,1.446,1.011,0.0635,-0.1264,0.9896,stable
2026-01-01 00:06:26,23.519987,87.309995,0.0351,0.0134,1.0029,0.037,1.189,0.195,0.0220,0.0007,0.9858,stable
2026-01-01 00:06:27,23.519986,87.310006,0.0184,-0.0012,1.0195,-1.199,0.637,-0.601,-0.0378,0.0215,1.0293,stable
2026-01-01 00:06:28,23.519991,87.310015,-0.0274,0.0374,1.0130,0.266,-0.388,-0.175,0.0119,-0.0133,0.9684,stable
2026-01-01 00:06:29,23.519994,87.310008,0.0104,0.0964,1.0141,-0.723,-0.417,-0.032,-0.0481,-0.0300,1.0032,stable
2026-01-01 00:06:30,23.519999,87.310002,-0.0151,0.0301,1.0102,0.907,0.130,0.130,0.0365,0.0301,0.9680,stable
2026-01-01 00:06:31,23.519994,87.310011,0.0204,-0.0075,1.0092,-0.225,-1.068,0.072,0.0684,0.0785,1.0270,stable
2026-01-01 00:06:32,23.519998,87.309995,0.0097,-0.0208,0.9978,2.231,0.348,-0.086,-0.0316,0.0533,1.0256,stable
2026-01-01 00:06:33,23.520003,87.309995,-0.0068,-0.0109,0.9994,-0.066,0.527,0.677,-0.0002,0.0541,1.0192,stable
2026-01-01 00:06:34,23.520000,87.310002,-0.0108,-0.0132,1.0130,0.191,0.702,0.086,-0.0133,0.0155,1.0150,stable
2026-01-01 00:06:35,23.519994,87.309995,0.0205,-0.0323,1.0121,0.539,-0.150,0.393,-0.0261,-0.0154,1.0235,stable
2026-01-01 00:06:36,23.519994,87.309994,0.0345,-0.0312,0.9918,1.700,0.079,-0.087,0.0225,0.0496,0.9524,stable
2026-01-01 00:06:37,23.520002,87.309994,-0.0283,-0.0093,1.0099,1.943,-1.011,-0.664,-0.0303,0.0539,0.9805,stable
2026-01-01 00:06:38,23.520008,87.309993,0.0485,0.0184,0.9948,1.028,1.502,-0.023,0.0053,0.0739,1.0361,stable
2026-01-01 00:06:39,23.519991,87.309990,-0.0279,-0.0177,0.9992,0.952,-1.763,-0.256,-0.0092,0.0393,1.0169,stable
2026-01-01 00:06:40,23.520002,87.309990,0.0237,-0.0246,1.0119,2.007,1.169,-0.394,-0.0028,-0.0223,0.9870,stable
2026-01-01 00:06:41,23.519994,87.310011,0.0820,0.0250,1.0116,-0.889,-0.377,0.708,0.0087,0.0003,1.0231,stable
2026-01-01 00:06:42,23.520012,87.309992,0.0319,0.0120,1.0228,-0.435,0.970,0.529,0.0750,-0.0061,1.0394,stable
2026-01-01 00:06:43,23.519996,87.310010,0.0038,0.0394,1.0042,0.429,1.111,0.173,0.0412,0.0390,0.9888,stable
2026-01-01 00:06:44,23.520015,87.310005,0.0272,-0.0136,1.0283,0.490,1.540,-0.188,0.0396,-0.0141,1.0197,stable
2026-01-01 00:06:45,23.519996,87.309994,0.0180,-0.0390,1.0368,-0.016,1.491,0.211,0.0283,0.0265,1.0477,stable
2026-01-01 00:06:46,23.519989,87.310001,0.0276,0.0112,0.9912,-0.983,0.685,-0.276,-0.0077,0.0354,1.0314,stable
2026-01-01 00:06:47,23.519996,87.309996,0.0302,-0.0192,0.9909,-0.108,-0.523,0.218,-0.0187,0.0041,1.0391,stable
2026-01-01 00:06:48,23.519999,87.309995,-0.0306,0.0173,1.0292,2.658,0.064,0.346,-0.0260,0.0891,1.0352,stable
2026-01-01 00:06:49,23.520006,87.309999,-0.0611,0.0495,1.0199,-0.286,0.994,0.404,0.0260,-0.0293,0.9792,stable
2026-01-01 00:06:50,23.519999,87.309990,0.0670,-0.0012,1.0053,1.553,-0.320,0.114,-0.0330,0.0570,1.0186,stable
2026-01-01 00:06:51,23.520003,87.310018,0.0117,-0.0055,0.9967,0.846,0.684,-0.164,0.0399,0.0390,1.0098,stable
2026-01-01 00:06:52,23.520005,87.310004,0.0006,0.0026,0.9730,0.287,1.540,-0.846,0.0248,0.0387,0.9915,stable
2026-01-01 00:06:53,23.520003,87.310005,0.0080,-0.0833,1.0078,-0.210,-0.760,0.539,0.0339,0.0782,0.9909,stable
2026-01-01 00:06:54,23.520000,87.309995,0.0300,0.0383,0.9990,0.390,-0.686,-0.458,0.0609,-0.0071,1.0100,stable
2026-01-01 00:06:55,23.519999,87.310010,0.0005,-0.0213,0.9597,0.164,1.291,-0.197,0.0589,0.0034,1.0476,stable
2026-01-01 00:06:56,23.519996,87.310007,0.0507,0.0373,0.9817,0.368,-1.002,-0.110,0.0041,-0.0170,1.0418,stable
2026-01-01 00:06:57,23.520011,87.309991,-0.0351,0.0256,1.0086,0.903,0.425,0.706,0.0211,0.0232,1.0608,stable
2026-01-01 00:06:58,23.519989,87.309984,0.0557,-0.0011,1.0023,0.637,-0.031,-0.489,-0.0534,-0.0807,0.9848,stable
2026-01-01 00:06:59,23.519991,87.310000,0.0486,0.0514,0.9965,0.075,-1.251,0.799,0.0224,-0.0201,1.0137,stable
2026-01-01 00:07:00,23.520002,87.309990,0.0098,0.0212,1.0206,-0.492,0.639,0.967,-0.0058,0.0352,1.0369,stable
2026-01-01 00:07:01,23.520013,87.310003,0.0572,0.0526,0.9901,0.563,-0.248,0.027,-0.0623,0.0434,1.0322,stable
2026-01-01 00:07:02,23.520013,87.309994,0.0102,0.0583,1.0259,-1.513,0.117,-0.416,0.0205,0.0538,0.9721,stable
2026-01-01 00:07:03,23.519988,87.310025,0.0165,0.0263,0.9803,-0.392,-0.465,0.929,-0.0279,0.0481,1.0177,stable
2026-01-01 00:07:04,23.519975,87.309995,0.0441,0.0281,1.0058,0.476,0.503,-0.067,0.0353,-0.0134,0.9554,stable
2026-01-01 00:07:05,23.519993,87.310012,0.0366,0.0105,0.9963,1.570,-0.474,-0.158,0.0640,0.0342,1.0000,stable
2026-01-01 00:07:06,23.520006,87.309991,0.0232,0.0118,1.0404,0.762,0.407,0.538,-0.0376,-0.0432,1.0184,stable
2026-01-01 00:07:07,23.519996,87.309980,-0.0176,0.0281,1.0071,-0.368,0.513,0.134,0.0116,-0.0052,1.0121,stable
2026-01-01 00:07:08,23.519994,87.310017,-0.0027,0.0170,0.9727,1.111,0.881,0.354,-0.0089,0.0291,0.9859,stable
2026-01-01 00:07:09,23.519974,87.309996,-0.0089,0.0508,1.0048,1.532,0.664,-0.758,-0.0122,-0.0050,1.0187,stable
2026-01-01 00:07:10,23.519987,87.310008,-0.0154,0.0014,1.0109,1.630,1.211,-0.566,-0.0270,0.0610,1.0122,stable
2026-01-01 00:07:11,23.520000,87.310012,0.0381,0.0356,0.9938,-0.913,0.107,-0.156,-0.0131,-0.0225,0.9610,stable
2026-01-01 00:07:12,23.519998,87.309998,0.0300,0.0440,1.0318,0.525,-0.424,0.665,0.0188,0.0514,1.0305,stable
2026-01-01 00:07:13,23.520005,87.310001,-0.0223,0.0219,1.0387,-0.167,0.794,1.230,-0.0236,-0.0816,0.9924,stable
2026-01-01 00:07:14,23.519999,87.309997,-0.0001,-0.0074,0.9903,0.833,-0.968,1.174,0.0357,0.0372,1.0012,stable
2026-01-01 00:07:15,23.519989,87.310016,0.0574,0.0048,0.9789,0.848,-0.015,-0.252,0.0244,-0.0200,1.0437,stable
2026-01-01 00:07:16,23.520007,87.309993,0.0212,0.0453,0.9646,1.500,1.749,-0.345,0.0290,0.0568,1.0321,stable
2026-01-01 00:07:17,23.519980,87.310002,0.0299,0.0083,1.0023,1.557,-0.174,0.320,-0.0283,0.0844,0.9692,stable
2026-01-01 00:07:18,23.519991,87.309990,0.0533,0.0816,1.0105,0.952,-0.426,1.028,0.0165,0.0318,0.9896,stable
2026-01-01 00:07:19,23.519984,87.310000,0.0417,-0.0435,0.9847,0.127,0.228,0.198,0.0293,0.0136,0.9664,stable
2026-01-01 00:07:20,23.520012,87.310003,-0.0382,0.0190,1.0133,0.436,1.321,1.195,0.0231,0.0353,1.0021,stable
2026-01-01 00:07:21,23.520014,87.310010,0.0335,-0.0038,1.0377,-0.658,1.171,0.326,0.0291,-0.0657,0.9739,stable
2026-01-01 00:07:22,23.519992,87.310008,-0.0248,-0.0323,1.0463,0.272,0.479,-0.200,0.0322,0.0622,0.9986,stable
2026-01-01 00:07:23,23.519983,87.310018,0.0451,0.0111,1.0025,-0.029,0.596,0.037,-0.0189,0.0566,0.9986,stable
2026-01-01 00:07:24,23.519997,87.309999,0.0099,-0.0076,1.0205,1.065,0.897,0.958,-0.0017,0.0415,1.0031,stable
2026-01-01 00:07:25,23.519993,87.309995,0.0339,0.0017,0.9933,0.660,-0.675,0.288,0.0631,0.0588,0.9907,stable
2026-01-01 00:07:26,23.519996,87.310013,0.0373,-0.0568,1.0182,1.921,0.976,-0.012,0.0223,0.0414,0.9966,stable
2026-01-01 00:07:27,23.519999,87.309997,0.0608,-0.0492,1.0038,0.229,-0.266,1.753,-0.0026,0.0095,0.9947,stable
2026-01-01 00:07:28,23.519995,87.309993,0.0711,0.0354,1.0168,-0.131,-0.350,-0.251,0.0661,-0.0098,1.0354,stable
2026-01-01 00:07:29,23.519982,87.309992,0.0236,0.0478,1.0329,0.922,-1.816,0.383,0.0195,0.0026,0.9935,stable
2026-01-01 00:07:30,23.520011,87.310020,0.0092,-0.0119,1.0430,-0.041,-0.810,0.477,0.0422,0.0487,1.0147,stable
2026-01-01 00:07:31,23.520006,87.310005,0.0504,0.0376,1.0086,1.017,-0.162,0.136,-0.0106,0.1003,0.9852,stable
2026-01-01 00:07:32,23.520007,87.310009,0.0138,0.0145,0.9959,-0.236,1.391,-0.265,0.0234,0.1205,0.9818,stable
2026-01-01 00:07:33,23.519997,87.309980,-0.0110,-0.0309,1.0163,-1.331,0.948,0.808,0.0035,0.0529,1.0194,stable
2026-01-01 00:07:34,23.520003,87.310002,-0.0101,-0.0188,1.0193,0.345,0.468,-0.408,0.0076,0.0069,0.9961,stable
2026-01-01 00:07:35,23.520000,87.309994,0.0522,0.0735,0.9900,0.722,0.766,-0.233,-0.0048,0.0385,0.9732,stable
2026-01-01 00:07:36,23.520003,87.309997,0.0105,-0.0202,1.0419,0.027,1.706,0.844,0.0102,0.0324,0.9981,stable
2026-01-01 00:07:37,23.519998,87.310003,0.0478,0.0713,0.9678,1.194,0.313,-0.033,-0.0567,0.0628,0.9821,stable
2026-01-01 00:07:38,23.519996,87.309984,0.0276,0.0266,0.9892,1.819,0.693,0.484,-0.0114,-0.0266,0.9976,stable
2026-01-01 00:07:39,23.520000,87.309998,0.0898,0.0291,0.9838,-1.016,-0.508,0.572,0.0066,-0.0127,1.0239,stable
2026-01-01 00:07:40,23.520004,87.310000,0.0139,-0.0276,0.9673,-0.256,-0.355,0.121,-0.0010,-0.0372,1.0059,stable
2026-01-01 00:07:41,23.519995,87.310008,0.0245,0.0237,0.9995,0.921,-1.243,0.866,-0.0024,0.0410,0.9485,stable
2026-01-01 00:07:42,23.519983,87.309999,0.0204,0.0242,1.0036,1.417,-0.776,0.023,-0.0131,-0.0091,0.9757,stable
2026-01-01 00:07:43,23.520007,87.310001,0.0107,-0.0168,1.0018,0.444,0.615,0.077,0.0340,0.0383,1.0335,stable
2026-01-01 00:07:44,23.519986,87.309988,-0.0215,0.0061,0.9729,1.045,0.883,1.209,0.0521,0.0555,0.9932,stable
2026-01-01 00:07:45,23.520009,87.310009,-0.0425,-0.0297,0.9845,1.429,1.745,0.423,0.0316,0.0927,1.0204,stable
2026-01-01 00:07:46,23.520004,87.310004,0.0555,0.0338,1.0068,0.583,-1.030,0.501,0.0230,0.0278,0.9800,stable
2026-01-01 00:07:47,23.520002,87.310000,0.0261,-0.0129,0.9779,-1.386,0.776,1.466,0.0328,0.0491,1.0513,stable
2026-01-01 00:07:48,23.520023,87.309991,0.0048,0.0265,0.9737,0.428,1.338,0.865,0.0487,0.0429,1.0099,stable
2026-01-01 00:07:49,23.520008,87.310010,-0.0066,0.0255,1.0051,1.299,0.099,-0.328,-0.0184,-0.0079,1.0222,stable
2026-01-01 00:07:50,23.519994,87.310008,0.0198,0.0330,1.0541,0.651,0.571,0.893,0.0691,0.0007,0.9795,stable
2026-01-01 00:07:51,23.520002,87.310006,0.0313,-0.0090,0.9982,0.246,-0.325,0.060,0.0339,-0.0054,1.0534,stable
2026-01-01 00:07:52,23.519985,87.310002,0.0621,0.1109,0.9966,-0.710,0.745,0.512,0.0293,-0.0284,1.0325,stable
2026-01-01 00:07:53,23.520014,87.310004,0.0135,0.0389,0.9975,-0.999,1.395,1.023,0.0130,-0.0169,0.9961,stable
2026-01-01 00:07:54,23.519997,87.310017,-0.0038,-0.0118,0.9796,-0.385,0.820,0.040,0.0853,0.0387,1.0152,stable
2026-01-01 00:07:55,23.520000,87.310003,0.0253,0.0227,1.0058,-1.550,-0.593,0.833,0.0500,0.0607,1.0164,stable
2026-01-01 00:07:56,23.520000,87.309983,0.0203,-0.0074,0.9916,0.321,1.032,0.705,-0.0208,0.0247,0.9996,stable
2026-01-01 00:07:57,23.520009,87.309994,0.0324,-0.0117,1.0244,0.584,0.735,-0.167,0.0053,-0.0298,1.0374,stable
2026-01-01 00:07:58,23.519995,87.310000,-0.0050,-0.0273,0.9930,-1.177,0.537,-0.372,0.0163,-0.0913,1.0076,stable
2026-01-01 00:07:59,23.519994,87.310009,0.0113,0.0210,1.0082,-0.258,0.291,0.085,0.0464,-0.0081,1.0279,stable
2026-01-01 00:08:00,23.519994,87.310007,0.0030,-0.0072,0.9876,0.624,0.143,0.041,0.0522,0.0503,1.0044,stable
2026-01-01 00:08:01,23.520005,87.309980,-0.0118,0.0072,1.0311,-0.850,-0.272,0.640,-0.0473,-0.0170,1.0405,stable
2026-01-01 00:08:02,23.519994,87.310010,0.0176,-0.0152,0.9903,-0.488,0.667,0.831,-0.0396,0.0417,0.9812,stable
2026-01-01 00:08:03,23.520003,87.310010,0.0143,0.0195,1.0422,1.218,0.900,0.530,0.0836,0.0445,0.9909,stable
2026-01-01 00:08:04,23.520004,87.309986,-0.0023,0.0633,0.9844,0.625,1.072,-0.241,-0.0131,0.0171,0.9964,stable
2026-01-01 00:08:05,23.520002,87.310009,-0.0149,0.0297,1.0557,-0.522,1.211,-0.060,-0.0335,-0.0301,0.9795,stable
2026-01-01 00:08:06,23.519992,87.309991,0.0038,0.0248,1.0266,0.109,1.113,-0.247,0.0864,0.0398,1.0094,stable
2026-01-01 00:08:07,23.520010,87.309995,-0.0033,-0.0126,0.9950,0.717,0.342,1.349,-0.0319,0.0264,0.9760,stable
2026-01-01 00:08:08,23.520006,87.310001,0.0302,0.0295,1.0126,1.077,1.699,0.899,0.0076,0.0936,1.0172,stable
2026-01-01 00:08:09,23.520007,87.310014,-0.0328,-0.0118,1.0159,0.084,1.503,-0.112,0.0304,0.0301,0.9949,stable
2026-01-01 00:08:10,23.519981,87.309997,0.0810,-0.0096,1.0102,0.406,0.707,0.412,-0.0155,-0.0193,0.9949,stable
2026-01-01 00:08:11,23.519993,87.309995,0.0228,0.0480,1.0516,0.602,-0.486,-0.146,-0.0508,0.0841,0.9997,stable
2026-01-01 00:08:12,23.519989,87.309977,0.0662,-0.0365,0.9880,0.447,0.151,1.026,0.0067,0.0470,0.9809,stable
2026-01-01 00:08:13,23.519994,87.310002,-0.0066,-0.0124,1.0025,0.179,0.456,-0.058,0.0710,-0.0436,0.9698,stable
2026-01-01 00:08:14,23.519978,87.310017,0.0145,0.0250,1.0110,0.789,1.930,0.957,-0.0105,0.0646,0.9775,stable
2026-01-01 00:08:15,23.520001,87.310012,-0.0266,0.0435,0.9941,1.173,-0.033,-0.977,0.0499,-0.0525,0.9947,stable
2026-01-01 00:08:16,23.519992,87.310011,0.0340,-0.0332,1.0016,1.460,0.668,-0.501,-0.0336,0.0416,1.0248,stable
2026-01-01 00:08:17,23.519994,87.310005,0.0237,-0.0669,1.0024,-0.812,0.997,-0.524,0.0273,-0.0188,0.9678,stable
2026-01-01 00:08:18,23.519999,87.310015,0.0399,-0.0356,1.0148,1.054,1.788,1.397,-0.0103,0.0305,1.0714,stable
2026-01-01 00:08:19,23.519993,87.309985,-0.0317,0.0317,1.0034,-0.089,-0.388,0.595,0.0169,0.0322,0.9719,stable
2026-01-01 00:08:20,23.520012,87.310011,-0.0169,0.0627,0.9922,2.055,1.757,1.111,0.1281,0.0516,0.9976,low
2026-01-01 00:08:21,23.520000,87.310008,0.0131,0.0605,1.0144,0.378,0.523,0.858,0.0462,0.0752,0.9690,low
2026-01-01 00:08:22,23.519990,87.310011,0.0408,0.0371,1.0343,0.698,-0.242,0.460,-0.0071,0.0423,1.0059,low
2026-01-01 00:08:23,23.520002,87.309996,0.0640,0.1211,0.9975,0.347,-0.184,0.098,0.0834,0.0536,1.0018,low
2026-01-01 00:08:24,23.519992,87.310006,0.0826,0.0283,1.0019,-0.721,0.857,0.905,0.0392,0.0248,1.0534,low
2026-01-01 00:08:25,23.520004,87.310005,0.0493,0.0754,0.9904,-0.702,0.564,1.877,0.0026,0.0009,1.0284,low
2026-01-01 00:08:26,23.520007,87.309995,0.0959,0.0343,1.0515,0.339,-0.296,0.997,0.0614,0.0464,1.0283,low
2026-01-01 00:08:27,23.520016,87.309970,0.0831,0.0438,1.0089,2.111,-0.028,0.740,0.0995,-0.0212,1.0332,low
2026-01-01 00:08:28,23.520004,87.309995,0.0626,0.0672,1.0261,0.216,0.357,1.397,0.0453,0.0075,1.0250,low
2026-01-01 00:08:29,23.520008,87.309991,-0.0112,0.0808,1.0201,0.399,-0.758,-0.118,0.0660,0.0253,1.0719,low
2026-01-01 00:08:30,23.519994,87.309991,0.0837,0.0248,1.0715,0.033,-0.733,0.234,0.1118,0.0351,0.9544,low
2026-01-01 00:08:31,23.519997,87.310014,0.0580,0.0315,1.0391,1.972,0.307,1.086,0.0993,0.1382,1.0268,low
2026-01-01 00:08:32,23.520004,87.309995,0.0495,0.0119,1.0086,1.800,1.539,-0.315,0.0839,0.0226,1.0669,low
2026-01-01 00:08:33,23.520011,87.310006,0.0137,-0.0263,1.0121,1.277,-0.291,1.144,0.0746,-0.0062,1.0022,low
2026-01-01 00:08:34,23.520009,87.310002,0.0242,0.0409,1.0099,-0.002,0.933,0.184,0.0489,-0.0356,1.0384,low
2026-01-01 00:08:35,23.520001,87.310015,0.0916,0.0559,0.9970,1.365,1.115,0.759,0.0868,0.0713,1.0604,low
2026-01-01 00:08:36,23.519993,87.309997,0.0446,0.0484,1.0081,0.860,0.472,0.923,0.0904,0.1159,1.0445,low
2026-01-01 00:08:37,23.520013,87.309986,0.0575,0.0192,1.0204,0.789,1.097,1.029,0.0530,-0.0094,1.0276,low
2026-01-01 00:08:38,23.519999,87.310000,0.0587,0.0483,0.9891,2.536,-0.626,0.119,0.0264,-0.0344,0.9681,low
2026-01-01 00:08:39,23.520011,87.309996,0.0170,0.0310,1.0311,1.159,3.013,0.834,0.0713,0.0238,0.9905,low
2026-01-01 00:08:40,23.519987,87.310006,0.0499,0.0171,1.0181,0.959,0.927,0.849,0.0739,0.0148,0.9434,low
2026-01-01 00:08:41,23.520004,87.309994,0.0347,-0.0155,1.0028,1.157,0.037,-0.018,0.1311,0.0350,1.0077,low
2026-01-01 00:08:42,23.519992,87.309997,0.0105,0.0387,0.9899,0.486,-0.428,-0.272,0.0588,0.0038,1.0166,low
2026-01-01 00:08:43,23.520003,87.310008,0.0256,0.0014,1.0277,0.849,0.847,0.559,0.0478,0.0704,1.0178,low
2026-01-01 00:08:44,23.520004,87.310022,0.0234,0.0705,1.0258,1.578,1.389,0.310,-0.0444,0.0748,0.9885,low
2026-01-01 00:08:45,23.519982,87.310006,-0.0101,0.0184,1.0067,-0.061,1.268,0.965,0.0395,0.0336,0.9681,low
2026-01-01 00:08:46,23.519998,87.310006,0.0505,0.0377,1.0275,1.940,2.160,0.796,0.0477,0.0841,1.0295,low
2026-01-01 00:08:47,23.519997,87.310001,0.0679,0.0209,1.0470,1.599,0.850,1.016,0.0363,0.0002,0.9912,low
2026-01-01 00:08:48,23.520010,87.309995,-0.0105,0.0513,1.0273,0.052,0.006,1.732,0.0298,0.0632,1.0131,low
2026-01-01 00:08:49,23.519985,87.310005,0.0357,0.0275,1.0279,1.077,1.837,1.181,0.0430,0.0638,1.0302,low
2026-01-01 00:08:50,23.519985,87.310009,0.0466,0.0906,1.0118,1.789,1.294,0.692,0.0162,0.0333,1.0104,low
2026-01-01 00:08:51,23.519990,87.310002,0.0985,0.0097,1.0159,1.526,1.110,0.129,0.0760,0.0492,1.0687,low
2026-01-01 00:08:52,23.520004,87.309999,0.0113,0.1141,1.0237,1.193,-0.273,-0.141,-0.0130,0.0978,1.0320,low
2026-01-01 00:08:53,23.519986,87.309992,0.0419,-0.0010,1.0300,0.900,0.820,-0.638,0.0864,0.0466,0.9636,low
2026-01-01 00:08:54,23.519997,87.309990,0.0555,0.0721,1.0154,0.583,-0.683,0.795,0.0141,0.0560,1.0504,low
2026-01-01 00:08:55,23.520002,87.309997,-0.0036,0.1014,1.0615,1.470,-0.020,0.442,0.0550,0.0214,1.0692,low
2026-01-01 00:08:56,23.519994,87.309996,0.0523,-0.0118,1.0274,1.844,1.184,0.283,0.0272,0.1004,1.0386,low
2026-01-01 00:08:57,23.520006,87.309999,0.0122,0.0900,1.0228,1.054,1.786,0.155,0.0014,0.0338,1.0164,low
2026-01-01 00:08:58,23.520003,87.309985,0.0228,-0.0060,1.0024,0.628,1.833,0.926,0.0200,0.0965,1.0470,low
2026-01-01 00:08:59,23.519996,87.310019,0.0689,0.0037,1.0156,1.841,0.077,0.293,0.0293,0.0642,0.9963,low
2026-01-01 00:09:00,23.519978,87.310009,-0.0356,0.0413,1.0196,2.005,1.803,1.319,0.0994,0.0581,1.0154,low
2026-01-01 00:09:01,23.520011,87.309999,-0.0270,-0.0144,1.0485,0.636,1.656,1.213,0.0763,0.0508,0.9894,low
2026-01-01 00:09:02,23.519996,87.310011,0.0493,0.0199,1.0115,2.446,-0.134,0.913,0.1262,0.0246,1.0128,low
2026-01-01 00:09:03,23.520016,87.309989,0.0644,-0.0230,1.0023,0.234,0.696,-0.129,0.0576,-0.0023,0.9984,low
2026-01-01 00:09:04,23.519981,87.310006,0.0205,0.0839,1.0015,1.211,1.698,-0.786,0.0283,0.0953,0.9855,low
2026-01-01 00:09:05,23.519984,87.309997,0.0073,0.0495,0.9847,0.971,0.413,0.532,0.0155,0.0094,1.0570,low
2026-01-01 00:09:06,23.520004,87.310011,0.0571,0.0268,1.0279,2.521,1.067,0.703,0.1165,0.0780,1.0092,low
2026-01-01 00:09:07,23.519987,87.309998,0.0503,0.0402,1.0082,1.444,1.344,0.270,0.0531,0.0647,1.0380,low
2026-01-01 00:09:08,23.520005,87.310006,0.0667,0.0497,1.0101,0.591,0.432,0.880,0.0564,0.0179,1.0297,low
2026-01-01 00:09:09,23.520005,87.309987,0.0847,0.0506,1.0274,0.063,-0.435,0.719,0.0392,0.0581,1.0522,low
2026-01-01 00:09:10,23.519990,87.310006,0.0267,0.0480,1.0265,2.293,0.627,0.693,0.1049,0.0525,0.9986,low
2026-01-01 00:09:11,23.520002,87.309996,0.0298,0.0644,1.0259,0.996,0.083,0.528,0.0912,0.0218,1.0505,low
2026-01-01 00:09:12,23.520004,87.309993,0.0460,0.0358,1.0358,-0.125,0.017,0.268,0.0795,0.0092,0.9953,low
2026-01-01 00:09:13,23.520000,87.309999,0.0065,0.0266,1.0397,1.431,0.293,0.506,0.0040,0.0678,1.0415,low
2026-01-01 00:09:14,23.519996,87.309992,0.0414,0.0860,1.0051,1.852,0.822,-0.111,0.0675,0.1061,1.0260,low
2026-01-01 00:09:15,23.519999,87.309979,0.0545,0.0215,1.0081,0.362,0.978,-0.068,0.0674,-0.0113,1.0291,low
2026-01-01 00:09:16,23.520007,87.309987,0.0319,0.0113,1.0207,0.811,1.289,0.779,-0.0074,0.0895,1.0330,low
2026-01-01 00:09:17,23.519996,87.310000,0.0509,0.0228,1.0604,1.396,0.386,0.342,0.0481,0.0164,0.9991,low
2026-01-01 00:09:18,23.519996,87.310021,0.0395,0.0162,1.0421,-0.158,1.882,0.040,0.0344,-0.0107,0.9983,low
2026-01-01 00:09:19,23.519994,87.309997,0.0406,0.0436,1.0228,2.162,1.034,1.398,0.0593,0.0194,0.9634,low
2026-01-01 00:09:20,23.519996,87.309988,0.0443,0.0744,0.9774,-0.087,-0.583,2.018,0.0843,-0.0739,1.0540,low
2026-01-01 00:09:21,23.520015,87.309991,0.0509,0.0395,0.9774,1.762,0.135,0.990,0.0803,0.0459,1.0566,low
2026-01-01 00:09:22,23.520016,87.310003,0.0762,0.0317,1.0338,1.478,1.493,0.485,0.0412,-0.0271,1.0176,low
2026-01-01 00:09:23,23.519992,87.309996,0.0647,0.0532,1.0260,1.350,0.187,1.598,0.1189,0.0210,0.9810,low
2026-01-01 00:09:24,23.519991,87.309991,0.0541,0.0414,1.0362,1.294,0.660,1.611,0.1184,0.0133,1.0277,low
2026-01-01 00:09:25,23.519997,87.309994,0.0105,0.0278,1.0461,1.882,1.015,1.482,0.0509,0.0401,1.0000,low
2026-01-01 00:09:26,23.520010,87.309990,0.0073,0.0958,1.0153,0.878,1.361,1.320,0.0864,0.1093,1.0447,low
2026-01-01 00:09:27,23.520012,87.309995,0.0275,-0.0064,1.0286,1.329,0.982,0.472,0.0378,0.0846,1.0593,low
2026-01-01 00:09:28,23.519992,87.310019,0.0477,0.0193,1.0172,1.056,0.975,-0.099,0.0229,0.0895,1.0421,low
2026-01-01 00:09:29,23.519983,87.309994,0.0543,0.0561,1.0610,0.412,0.292,-0.129,0.1078,0.0389,1.0168,low
2026-01-01 00:09:30,23.520013,87.309997,0.0294,0.0447,0.9875,1.668,1.048,1.101,0.0547,0.0519,1.0582,low
2026-01-01 00:09:31,23.520016,87.310009,0.0371,0.0347,1.0127,3.346,0.696,0.853,0.0734,0.0487,1.0241,low
2026-01-01 00:09:32,23.519985,87.309991,0.0521,0.0380,1.0259,2.083,0.060,0.267,0.0970,0.0486,1.0381,low
2026-01-01 00:09:33,23.519982,87.310015,0.0509,-0.0022,1.0544,2.330,0.699,1.093,0.0755,-0.0098,1.0776,low
2026-01-01 00:09:34,23.520021,87.310000,0.0530,0.0284,1.0580,1.270,0.399,0.256,0.0808,-0.0441,0.9824,low
2026-01-01 00:09:35,23.520003,87.309995,0.0321,-0.0157,1.0091,1.359,1.359,-0.494,0.1166,-0.0395,1.0314,low
2026-01-01 00:09:36,23.520010,87.310006,0.0393,0.0266,0.9841,0.540,0.146,0.005,0.0544,0.0281,1.0394,low
2026-01-01 00:09:37,23.519985,87.309992,0.0458,-0.0189,1.0427,1.015,1.003,1.072,0.0802,0.0146,1.0221,low
2026-01-01 00:09:38,23.519979,87.309990,0.0183,0.0630,1.0257,0.425,1.154,0.095,0.0315,0.0145,0.9953,low
2026-01-01 00:09:39,23.520002,87.310003,0.0203,0.0220,1.0275,2.271,0.690,0.868,0.0804,0.0049,0.9829,low
2026-01-01 00:09:40,23.520004,87.309998,0.0526,0.0396,1.0263,0.801,1.497,1.039,-0.0016,0.0354,1.0934,low
2026-01-01 00:09:41,23.520000,87.310000,-0.0042,0.0393,1.0128,2.541,1.068,0.078,0.0103,0.0744,0.9982,low
2026-01-01 00:09:42,23.519983,87.309999,0.0629,0.0604,1.0339,0.174,1.054,0.901,-0.0116,0.0374,0.9971,low
2026-01-01 00:09:43,23.519992,87.310007,0.0926,0.0294,0.9968,1.441,0.159,1.233,0.1203,0.1142,1.0690,low
2026-01-01 00:09:44,23.520005,87.309992,0.0051,0.0582,0.9962,0.434,0.734,1.716,0.0642,0.0654,1.0234,low
2026-01-01 00:09:45,23.519997,87.309991,0.0153,-0.0109,0.9973,1.058,0.135,1.146,0.0612,0.0628,0.9935,low
2026-01-01 00:09:46,23.520003,87.309997,0.0752,0.0592,1.0500,0.612,0.937,2.071,0.0974,0.0389,1.0385,low
2026-01-01 00:09:47,23.519997,87.310011,0.0578,0.0640,1.0496,1.373,1.661,1.152,0.0390,0.0471,1.0656,low
2026-01-01 00:09:48,23.520005,87.310005,0.0020,0.0555,0.9926,2.113,0.503,-0.237,0.0531,0.0442,1.0276,low
2026-01-01 00:09:49,23.520003,87.309985,0.0772,-0.0290,1.0163,0.514,-0.261,0.223,0.0345,0.1252,0.9889,low
2026-01-01 00:09:50,23.519998,87.309992,0.0035,0.0004,1.0294,2.177,0.135,-0.598,0.0770,0.0661,1.0351,low
2026-01-01 00:09:51,23.520015,87.310001,0.1055,0.0297,1.0419,2.845,0.489,-0.235,0.0635,0.0907,1.0536,low
2026-01-01 00:09:52,23.520004,87.310000,0.0854,0.0674,1.0145,1.108,1.850,0.448,0.0577,0.0222,0.9725,low
2026-01-01 00:09:53,23.520011,87.310006,0.0213,0.0508,1.0239,0.771,0.892,-0.016,0.0999,0.0660,1.0475,low
2026-01-01 00:09:54,23.520012,87.310014,0.0550,0.0206,1.0275,0.854,1.852,0.488,0.0642,0.0501,0.9899,low
2026-01-01 00:09:55,23.520008,87.310001,0.0528,0.0265,1.0013,-0.313,1.332,-0.120,0.0361,-0.0384,1.0108,low
2026-01-01 00:09:56,23.520001,87.310000,0.0522,-0.0147,1.0326,1.150,1.249,-0.918,0.1109,0.0314,1.0333,low
2026-01-01 00:09:57,23.519994,87.310013,0.0089,0.0448,1.0109,1.844,1.455,1.009,0.0300,0.0351,1.0416,low
2026-01-01 00:09:58,23.520005,87.309998,0.0514,0.0634,1.0334,0.804,1.627,0.461,0.0578,0.0680,0.9870,low
2026-01-01 00:09:59,23.520003,87.310002,0.0699,-0.0337,0.9915,1.717,2.457,0.605,0.1019,0.1340,0.9504,low
2026-01-01 00:10:00,23.519995,87.309986,0.0905,0.0280,1.0123,1.647,0.434,1.085,0.0171,0.0171,1.0444,low
2026-01-01 00:10:01,23.519995,87.309995,0.0281,-0.0404,0.9878,2.226,1.448,0.363,0.0489,-0.0221,1.0139,low
2026-01-01 00:10:02,23.519994,87.310006,0.0568,0.0525,1.0657,-0.452,-0.217,0.639,0.0184,0.0349,1.0586,low
2026-01-01 00:10:03,23.519988,87.310014,0.0389,0.0344,1.0257,0.536,0.948,1.421,0.1033,0.0123,1.0366,low
2026-01-01 00:10:04,23.519997,87.309987,0.0256,0.0539,1.0162,1.333,0.678,0.976,0.1071,0.0620,1.0457,low
2026-01-01 00:10:05,23.520007,87.310011,-0.0157,0.0370,1.0251,0.442,0.794,0.232,0.0675,0.0721,1.0261,low
2026-01-01 00:10:06,23.519995,87.309994,0.0474,0.0240,1.0367,1.551,1.651,-0.302,0.0518,0.0498,0.9768,low
2026-01-01 00:10:07,23.519998,87.309986,0.0849,0.0398,0.9697,0.866,0.810,0.217,0.0112,0.0550,1.0070,low
2026-01-01 00:10:08,23.520005,87.310002,0.0279,0.0393,1.0202,-0.161,0.894,-0.691,0.0589,0.1438,0.9909,low
2026-01-01 00:10:09,23.520008,87.309992,0.0140,0.0289,1.0269,0.752,0.418,0.517,0.0257,0.0570,1.0492,low
2026-01-01 00:10:10,23.519988,87.309999,0.0275,-0.0069,0.9788,1.071,0.306,1.748,0.0698,0.0041,0.9908,low
2026-01-01 00:10:11,23.519986,87.309999,0.0780,0.0264,0.9908,-0.054,0.969,0.596,0.0616,-0.0120,1.0398,low
2026-01-01 00:10:12,23.519982,87.309989,0.0257,0.0337,0.9906,1.113,1.579,1.536,0.0422,0.0196,1.0213,low
2026-01-01 00:10:13,23.520011,87.309999,0.0322,0.0019,0.9898,1.493,0.885,-0.709,0.0265,0.0655,1.0670,low
2026-01-01 00:10:14,23.520004,87.310000,0.0329,0.0015,0.9906,1.496,1.581,0.562,0.0285,0.0854,1.0622,low
2026-01-01 00:10:15,23.520006,87.310001,0.0546,0.0568,1.0479,2.847,-0.044,1.132,-0.0032,-0.0118,1.0395,low
2026-01-01 00:10:16,23.519994,87.310006,0.0232,0.0693,0.9898,1.354,1.068,0.676,0.0492,-0.0580,0.9948,low
2026-01-01 00:10:17,23.520007,87.310014,0.0469,0.0866,1.0222,0.750,0.459,1.218,-0.0039,0.1060,1.0685,low
2026-01-01 00:10:18,23.520014,87.309995,0.0376,0.0431,1.0117,1.840,1.420,0.367,-0.0069,0.0617,0.9991,low
2026-01-01 00:10:19,23.519988,87.309997,0.0907,0.0474,0.9931,0.331,0.084,0.771,0.0985,0.1533,1.0623,low
2026-01-01 00:10:20,23.520009,87.310001,0.0972,0.0514,1.0146,0.491,0.397,0.487,0.0433,-0.0383,1.0719,low
2026-01-01 00:10:21,23.519988,87.310014,-0.0059,0.0335,1.0027,1.543,-0.134,0.577,0.0835,0.0079,1.0651,low
2026-01-01 00:10:22,23.519995,87.310014,-0.0133,0.0176,1.0351,2.006,1.684,0.699,0.0815,0.0462,0.9939,low
2026-01-01 00:10:23,23.520006,87.309999,0.0277,0.0944,0.9999,0.563,0.856,1.357,0.0704,0.0327,1.0512,low
2026-01-01 00:10:24,23.519999,87.309996,0.0232,-0.0208,1.0442,0.198,0.220,-0.008,0.0984,0.0416,0.9908,low
2026-01-01 00:10:25,23.519990,87.310011,0.0021,0.0385,1.0303,1.306,0.789,-0.734,0.0533,0.0251,1.0025,low
2026-01-01 00:10:26,23.520013,87.309996,0.0557,0.0361,0.9773,1.822,0.811,0.076,0.0992,0.0590,0.9884,low
2026-01-01 00:10:27,23.519996,87.309990,0.0678,0.0197,1.0328,0.590,0.018,0.676,0.0359,0.0316,0.9858,low
2026-01-01 00:10:28,23.519996,87.309987,0.0120,0.1212,1.0825,0.879,0.021,1.008,0.0128,0.0339,1.0072,low
2026-01-01 00:10:29,23.519999,87.310003,0.0268,0.0301,0.9811,0.875,1.233,0.393,0.0142,0.0481,1.0577,low
2026-01-01 00:10:30,23.520018,87.309975,0.0190,0.0279,0.9729,1.164,0.104,0.193,0.0483,0.0363,1.0125,low
2026-01-01 00:10:31,23.519992,87.310011,0.0817,-0.0115,1.0067,0.106,0.439,0.770,0.0941,0.0920,1.0238,low
2026-01-01 00:10:32,23.520003,87.310016,0.0446,0.0320,1.0053,0.084,-1.252,1.557,0.1324,-0.0239,1.0473,low
2026-01-01 00:10:33,23.519998,87.310006,0.0419,0.1155,1.0308,0.256,2.003,0.516,0.0453,0.0510,1.0346,low
2026-01-01 00:10:34,23.519991,87.309977,0.0283,0.0122,0.9940,0.371,-0.264,1.250,0.0105,0.0358,1.0554,low
2026-01-01 00:10:35,23.520004,87.310010,0.0623,0.0185,1.0059,1.275,0.326,0.464,0.0519,-0.0261,1.0440,low
2026-01-01 00:10:36,23.519993,87.309992,0.0326,0.0300,1.0641,1.268,0.409,0.721,0.0466,-0.0016,1.0158,low
2026-01-01 00:10:37,23.519989,87.309987,0.0403,0.0240,0.9916,2.066,2.568,0.401,0.0768,0.0940,1.0464,low
2026-01-01 00:10:38,23.520002,87.309995,0.0591,0.0508,1.0390,1.252,0.728,1.382,0.0480,0.0122,1.0270,low
2026-01-01 00:10:39,23.520011,87.310008,0.0450,0.0703,1.0120,-0.024,-0.087,0.942,0.0376,-0.0008,1.0450,low
2026-01-01 00:10:40,23.519993,87.309998,0.0901,0.0684,1.0234,0.660,2.339,1.461,0.0396,0.0530,1.0542,low
2026-01-01 00:10:41,23.520010,87.310007,0.0554,-0.0118,1.0450,1.321,0.878,1.306,0.0371,-0.0016,1.0655,low
2026-01-01 00:10:42,23.520015,87.310000,0.0552,0.0631,0.9872,0.465,0.389,1.744,0.1567,0.0366,1.0219,low
2026-01-01 00:10:43,23.519998,87.310003,0.0552,0.0254,1.0117,0.539,0.580,1.090,0.0734,0.0240,1.0473,low
2026-01-01 00:10:44,23.520010,87.309998,0.0990,0.0779,1.0423,0.608,2.292,-0.060,0.0572,0.0205,0.9632,low
2026-01-01 00:10:45,23.519996,87.310005,0.0339,0.0641,1.0052,2.212,1.866,0.527,-0.0105,0.0014,1.0103,low
2026-01-01 00:10:46,23.520012,87.310001,0.0537,0.0489,1.0020,2.341,1.319,1.604,0.0440,0.0453,1.0552,low
2026-01-01 00:10:47,23.519994,87.310018,0.0404,0.0119,1.0033,1.961,1.978,-0.071,0.0271,0.1193,1.0437,low
2026-01-01 00:10:48,23.519998,87.310004,0.0876,0.0592,1.0279,2.360,1.366,0.016,0.0384,0.1171,0.9675,low
2026-01-01 00:10:49,23.520005,87.309999,0.0110,-0.0691,1.0193,0.325,-0.018,1.140,0.1101,0.0098,1.0001,low
2026-01-01 00:10:50,23.520000,87.309993,0.0399,-0.0375,1.0239,0.045,0.707,-0.536,-0.0106,0.0072,0.9702,low
2026-01-01 00:10:51,23.519999,87.310017,0.0711,-0.0378,1.0079,1.490,0.626,0.885,0.0800,0.0294,0.9774,low
2026-01-01 00:10:52,23.520006,87.310006,0.0394,0.0560,1.0073,1.263,1.568,1.461,0.0306,0.0499,1.0044,low
2026-01-01 00:10:53,23.520003,87.309991,0.0471,0.0160,1.0057,1.190,1.296,0.430,0.0427,0.0596,1.0122,low
2026-01-01 00:10:54,23.519994,87.309999,0.0697,0.0603,1.0425,1.245,1.693,0.482,0.0943,0.0752,1.0716,low
2026-01-01 00:10:55,23.520007,87.310003,0.0299,0.0166,1.0263,2.376,1.065,1.044,0.0928,0.0550,1.0011,low
2026-01-01 00:10:56,23.520004,87.310006,0.0010,0.0418,1.0230,-0.239,0.456,0.557,0.0194,0.0525,0.9506,low
2026-01-01 00:10:57,23.520000,87.310005,0.0202,0.0471,1.0280,1.187,-0.466,0.675,0.0591,0.1050,1.0057,low
2026-01-01 00:10:58,23.519999,87.309989,0.0365,0.0695,1.0140,1.675,1.683,0.678,0.1222,0.1295,0.9623,low
2026-01-01 00:10:59,23.520019,87.310005,0.0895,0.0532,0.9848,1.118,1.969,0.637,0.0348,0.0234,1.0291,low
2026-01-01 00:11:00,23.520023,87.309999,0.0078,0.0546,1.0246,0.553,1.276,0.384,0.0324,0.0215,1.0341,low
2026-01-01 00:11:01,23.519999,87.309997,0.0674,0.0307,1.0311,1.471,1.121,0.726,0.1166,0.0663,1.0391,low
2026-01-01 00:11:02,23.520004,87.309997,0.0741,0.1030,1.0112,1.234,0.976,-0.456,0.0286,0.0129,1.0483,low
2026-01-01 00:11:03,23.520013,87.309991,0.0398,0.0239,0.9964,2.238,1.799,1.398,0.0927,0.0815,1.0467,low
2026-01-01 00:11:04,23.520006,87.310015,0.0556,0.0307,0.9987,0.752,-1.490,0.960,0.1150,0.0701,1.0204,low
2026-01-01 00:11:05,23.519998,87.310014,0.0040,0.1040,0.9938,0.590,0.541,-0.617,0.0920,0.0622,1.0449,low
2026-01-01 00:11:06,23.520013,87.310002,0.0398,0.0211,1.0453,1.464,-0.283,0.640,0.0138,0.0128,0.9815,low
2026-01-01 00:11:07,23.519999,87.310000,0.0155,0.0416,0.9975,1.631,1.200,1.030,0.0270,-0.0327,1.0199,low
2026-01-01 00:11:08,23.519997,87.309988,0.0380,0.0560,1.0032,1.241,1.115,0.688,0.0653,0.0945,1.0705,low
2026-01-01 00:11:09,23.519996,87.310004,0.0034,0.0363,1.0549,1.116,0.273,1.344,0.0427,0.0572,1.0029,low
2026-01-01 00:11:10,23.519998,87.309990,0.0247,0.0189,1.0568,1.377,0.397,1.040,0.0486,0.0939,1.0325,low
2026-01-01 00:11:11,23.519998,87.310001,0.0310,0.0352,0.9906,-0.205,0.227,0.108,0.0655,0.0192,1.0304,low
2026-01-01 00:11:12,23.520006,87.309984,0.0572,0.0541,1.0088,1.415,0.695,0.835,0.0773,0.0618,0.9957,low
2026-01-01 00:11:13,23.520001,87.309999,0.0401,0.0458,1.0214,1.800,1.180,0.773,0.0566,0.1326,1.0330,low
2026-01-01 00:11:14,23.519984,87.309997,0.0595,-0.0021,1.0160,1.754,-0.304,0.565,0.0446,0.0452,1.0408,low
2026-01-01 00:11:15,23.520011,87.310026,0.0516,0.0497,1.0150,0.401,0.758,0.286,0.0029,0.0513,1.0103,low
2026-01-01 00:11:16,23.519997,87.310005,0.0882,0.0518,1.0084,1.294,0.568,0.467,0.0998,0.0564,1.0124,low
2026-01-01 00:11:17,23.519999,87.309995,0.0525,0.0240,1.0110,0.582,2.012,-0.067,0.0726,0.0608,1.0341,low
2026-01-01 00:11:18,23.520009,87.309997,0.0337,0.0260,1.0508,1.988,0.235,0.997,0.0982,-0.0039,1.0082,low
2026-01-01 00:11:19,23.520012,87.309994,0.0975,0.0279,1.0342,0.533,2.232,0.227,0.0502,0.0295,1.0809,low
2026-01-01 00:11:20,23.520009,87.310012,0.0322,0.0630,1.0001,0.829,0.940,-0.667,0.0064,0.0419,1.0389,low
2026-01-01 00:11:21,23.520000,87.309993,0.0624,-0.0049,1.0219,1.856,0.179,1.610,0.0369,0.0203,1.0021,low
2026-01-01 00:11:22,23.519988,87.309997,0.0578,0.0094,0.9963,0.039,0.322,0.665,-0.0083,0.0453,1.0261,low
2026-01-01 00:11:23,23.520000,87.309977,0.0179,0.0452,1.0070,2.387,1.890,-0.149,0.0478,0.0664,1.0437,low
2026-01-01 00:11:24,23.520006,87.309996,0.0498,0.0270,1.0643,0.903,0.153,2.207,0.0711,0.0020,1.0487,low
2026-01-01 00:11:25,23.519997,87.310011,-0.0067,0.0641,1.0240,1.278,-0.430,0.212,0.0690,0.0655,1.0059,low
2026-01-01 00:11:26,23.519997,87.309992,0.0219,0.0504,1.0138,1.018,1.353,0.788,0.0471,0.0453,1.0099,low
2026-01-01 00:11:27,23.520001,87.309991,-0.0104,-0.0172,1.0124,0.666,0.688,0.066,0.1135,0.1347,0.9507,low
2026-01-01 00:11:28,23.520005,87.310005,0.0295,0.0217,1.0416,-0.306,0.341,0.949,0.0129,0.0228,1.0581,low
2026-01-01 00:11:29,23.519995,87.310005,0.0041,0.0409,1.0351,1.636,1.009,0.557,0.0440,0.0939,1.0583,low
2026-01-01 00:11:30,23.520000,87.309991,0.0044,0.0223,1.0346,2.146,0.749,-0.301,0.0264,0.0783,1.0298,low
2026-01-01 00:11:31,23.520000,87.309995,0.0642,0.0202,1.0260,-0.162,2.129,0.522,0.0875,0.0685,1.0177,low
2026-01-01 00:11:32,23.520002,87.309995,0.0199,0.0207,0.9777,1.011,1.344,-0.540,0.0731,0.0981,1.0567,low
2026-01-01 00:11:33,23.519988,87.309990,0.0027,0.0770,1.0508,0.993,-0.172,-0.452,0.0159,0.1039,1.0172,low
2026-01-01 00:11:34,23.520007,87.309992,0.0850,0.0032,1.0106,0.882,0.698,1.160,0.1000,-0.0273,1.0346,low
2026-01-01 00:11:35,23.520016,87.309975,0.0219,0.0385,1.0145,1.512,1.335,0.532,0.0469,0.0823,1.0388,low
2026-01-01 00:11:36,23.520001,87.309992,0.0223,0.0399,1.0319,1.386,1.218,0.520,0.0492,0.0706,1.0154,low
2026-01-01 00:11:37,23.519983,87.310007,0.0658,0.0775,0.9700,1.989,0.276,0.658,0.0970,0.0023,0.9875,low
2026-01-01 00:11:38,23.520000,87.309993,0.0466,0.0326,1.0235,1.565,1.577,1.208,0.0716,0.0278,1.0125,low
2026-01-01 00:11:39,23.520003,87.310009,0.0253,0.0778,1.0479,0.228,0.961,0.277,0.0374,0.0758,1.0511,low
2026-01-01 00:11:40,23.519997,87.309989,0.0435,0.0442,1.0369,0.678,0.358,1.473,0.0646,-0.0236,1.0565,low
2026-01-01 00:11:41,23.520008,87.309997,0.0467,0.0860,0.9794,0.545,0.680,0.486,0.0910,0.0622,1.0243,low
2026-01-01 00:11:42,23.520008,87.309991,0.0338,0.0156,1.0197,1.722,0.476,0.682,0.0300,0.0206,1.0301,low
2026-01-01 00:11:43,23.520002,87.310008,0.0842,0.0078,1.0416,1.198,1.123,-0.117,0.1064,0.0729,1.0007,low
2026-01-01 00:11:44,23.520024,87.309998,0.0428,-0.0130,1.0169,0.688,1.016,0.869,0.0392,0.0851,1.0169,low
2026-01-01 00:11:45,23.520000,87.309982,0.0623,0.0591,1.0365,1.056,1.336,2.311,0.0099,0.0692,1.0423,low
2026-01-01 00:11:46,23.519986,87.310020,0.0837,0.0291,1.0556,2.821,1.073,-0.532,0.0529,0.0269,0.9792,low
2026-01-01 00:11:47,23.520003,87.309993,0.0750,-0.0145,1.0162,1.450,0.451,0.838,0.0126,0.0169,0.9988,low
2026-01-01 00:11:48,23.519996,87.309990,0.0363,0.0768,1.0471,2.573,0.858,1.366,0.0892,0.0143,0.9903,low
2026-01-01 00:11:49,23.520000,87.310004,0.0389,-0.0012,1.0325,1.260,0.401,0.879,0.0164,0.0560,1.0415,low
2026-01-01 00:11:50,23.520019,87.310018,0.0716,0.0201,1.0218,1.120,0.801,0.374,0.0742,0.0278,1.0712,low
2026-01-01 00:11:51,23.520019,87.310003,0.0152,0.0394,1.0599,1.197,1.342,1.152,0.0841,-0.0227,0.9994,low
2026-01-01 00:11:52,23.520030,87.309992,0.0491,0.1167,1.0372,1.806,-0.367,0.397,0.0441,-0.0271,0.9795,low
2026-01-01 00:11:53,23.520019,87.309989,0.0415,0.0797,1.0295,1.095,1.229,-0.453,0.0324,0.0227,0.9577,low
2026-01-01 00:11:54,23.520001,87.310004,0.0060,0.0522,1.0132,0.651,-0.837,1.193,0.0727,0.0440,0.9971,low
2026-01-01 00:11:55,23.520004,87.309995,0.0623,0.0562,1.0030,0.993,1.164,-0.360,0.0615,-0.0132,1.0342,low
2026-01-01 00:11:56,23.519990,87.309990,0.0327,0.0293,0.9943,1.635,1.306,0.884,0.0431,0.0071,1.0281,low
2026-01-01 00:11:57,23.519992,87.309998,0.0454,0.1039,1.0497,1.688,0.408,1.042,0.1150,0.0054,1.0252,low
2026-01-01 00:11:58,23.520006,87.310012,0.0391,0.0313,1.0777,0.027,1.011,0.338,0.0472,0.0402,0.9662,low
2026-01-01 00:11:59,23.520002,87.310012,0.0502,0.0707,1.0544,1.494,0.636,1.049,0.0408,-0.0489,1.0296,low
2026-01-01 00:12:00,23.520009,87.309997,0.0213,0.0280,1.0094,0.319,0.836,0.804,0.0771,0.0128,0.9725,low
2026-01-01 00:12:01,23.520010,87.309985,0.0193,0.0159,1.0584,0.860,1.523,0.252,0.0526,-0.0286,0.9894,low
2026-01-01 00:12:02,23.519988,87.310006,0.0152,0.0662,1.0307,2.061,1.102,0.248,0.0367,0.0717,0.9988,low
2026-01-01 00:12:03,23.519998,87.310006,0.0485,0.0126,1.0481,1.367,0.474,0.192,0.0578,0.0249,1.0222,low
2026-01-01 00:12:04,23.519995,87.310010,0.0630,-0.0256,0.9972,0.339,0.315,1.062,0.0735,-0.0196,0.9923,low
2026-01-01 00:12:05,23.519997,87.310008,0.0254,0.0370,0.9986,1.604,1.206,0.008,0.0958,0.0424,1.0373,low
2026-01-01 00:12:06,23.519995,87.310009,0.0232,0.0246,0.9832,2.882,0.767,0.428,0.1290,-0.0247,1.0552,low
2026-01-01 00:12:07,23.519999,87.309998,0.0360,0.0807,1.0374,0.493,0.919,0.068,0.0215,0.0330,0.9976,low
2026-01-01 00:12:08,23.519996,87.309990,0.0906,-0.0278,1.0365,0.981,0.768,0.758,0.0557,0.0729,1.0324,low
2026-01-01 00:12:09,23.519990,87.310003,0.0621,0.0595,1.0237,-0.260,2.374,0.189,0.0497,0.1150,1.0830,low
2026-01-01 00:12:10,23.520008,87.310004,0.0033,0.0003,1.0206,1.701,1.577,1.512,0.1107,0.0466,0.9793,low
2026-01-01 00:12:11,23.519998,87.309995,0.0500,-0.0028,1.0037,-0.733,0.334,1.550,0.0587,0.0759,1.0231,low
2026-01-01 00:12:12,23.519981,87.309993,0.0187,-0.0052,1.0228,1.403,0.850,1.092,0.0563,0.0558,1.0127,low
2026-01-01 00:12:13,23.520004,87.309990,0.0252,0.0679,0.9889,1.940,1.438,1.261,0.0781,0.0306,0.9965,low
2026-01-01 00:12:14,23.520008,87.309991,0.0486,0.0170,1.0199,0.557,2.412,0.473,0.0359,0.0921,0.9946,low
2026-01-01 00:12:15,23.520021,87.310001,0.0517,0.0187,0.9978,2.946,1.634,0.996,0.0816,0.0833,1.0141,low
2026-01-01 00:12:16,23.519999,87.310004,0.0160,-0.0031,1.0059,0.245,1.517,-0.013,0.0454,-0.0103,1.0240,low
2026-01-01 00:12:17,23.519980,87.310001,0.0547,0.0590,1.0244,1.273,1.064,1.501,0.0455,0.0060,1.0639,low
2026-01-01 00:12:18,23.520006,87.309995,0.0595,0.0866,1.0131,0.054,0.159,1.264,0.0804,0.0311,0.9887,low
2026-01-01 00:12:19,23.520020,87.310001,0.0710,0.0535,1.0265,0.865,1.805,0.729,0.0414,0.0666,1.0252,low
2026-01-01 00:12:20,23.519992,87.309982,-0.0208,-0.0081,0.9940,1.131,1.285,1.001,0.0070,0.1208,1.0143,low
2026-01-01 00:12:21,23.519999,87.310003,0.0556,0.0195,1.0382,1.507,1.516,0.645,0.0161,0.0482,1.0464,low
2026-01-01 00:12:22,23.519995,87.309980,0.0541,-0.0225,1.0348,2.049,1.692,0.658,0.0459,0.1231,1.0132,low
2026-01-01 00:12:23,23.519995,87.309993,0.0453,0.0314,0.9572,2.146,1.588,2.076,-0.0128,-0.0344,1.0400,low
2026-01-01 00:12:24,23.520009,87.309994,0.0805,0.0265,1.0252,1.732,0.384,-0.989,0.1175,0.0408,1.0211,low
2026-01-01 00:12:25,23.519999,87.309992,0.0243,-0.0396,1.0341,0.488,1.823,0.541,0.0363,0.0038,1.0798,low
2026-01-01 00:12:26,23.519989,87.309990,0.0368,0.0593,1.0180,1.756,1.066,0.510,0.0467,0.0304,1.0472,low
2026-01-01 00:12:27,23.520000,87.310000,0.0729,0.0237,1.0509,-0.055,1.091,0.885,0.0368,0.1766,1.0447,low
2026-01-01 00:12:28,23.520006,87.310003,0.0173,0.0407,1.0199,-0.721,1.877,1.056,0.0720,0.0339,1.0304,low
2026-01-01 00:12:29,23.519994,87.309994,0.0804,0.0279,1.0115,1.891,0.793,0.916,0.0026,0.0221,0.9967,low
2026-01-01 00:12:30,23.520008,87.309992,0.1059,0.0928,1.0434,1.916,0.825,0.712,0.1203,0.0770,1.0058,medium
2026-01-01 00:12:31,23.519991,87.309985,0.1090,0.0489,1.0235,3.083,2.398,1.814,0.0715,0.0717,1.0264,medium
2026-01-01 00:12:32,23.519999,87.310001,0.1066,0.0108,1.0286,3.543,2.207,0.957,0.0729,0.1121,1.0393,medium
2026-01-01 00:12:33,23.520001,87.310015,0.1034,0.0455,1.0130,2.302,2.511,2.050,0.0736,0.0858,0.9908,medium
2026-01-01 00:12:34,23.519997,87.310008,0.0884,0.0678,1.0055,2.130,1.704,1.033,0.0897,0.1072,1.0205,medium
2026-01-01 00:12:35,23.520003,87.309997,0.0885,0.0900,1.0716,1.964,2.248,0.642,0.1283,0.0305,1.0463,medium
2026-01-01 00:12:36,23.519987,87.310006,0.1071,0.1188,1.0208,2.072,0.695,0.784,0.1069,0.0349,0.9624,medium
2026-01-01 00:12:37,23.520001,87.309988,0.1143,0.0923,1.0443,2.212,0.706,1.481,0.1359,0.0874,0.9817,medium
2026-01-01 00:12:38,23.519998,87.309998,0.1492,0.0256,1.0067,1.744,3.932,0.535,0.1634,0.0480,1.0374,medium
2026-01-01 00:12:39,23.519990,87.310013,0.1018,0.0394,1.0488,3.199,1.848,0.803,0.1047,0.0511,1.0221,medium
2026-01-01 00:12:40,23.519994,87.309992,0.0417,0.0758,0.9799,2.280,0.736,1.640,0.1277,0.1205,1.0233,medium
2026-01-01 00:12:41,23.519993,87.310019,0.1013,0.0753,1.0649,3.280,0.363,1.425,0.1742,0.0765,1.0281,medium
2026-01-01 00:12:42,23.520005,87.309996,0.1243,0.0365,1.0298,1.824,1.445,1.408,0.0892,0.0896,1.0293,medium
2026-01-01 00:12:43,23.519981,87.309993,0.1269,0.0033,1.0681,1.886,1.687,1.919,0.0960,0.1111,1.0931,medium
2026-01-01 00:12:44,23.520002,87.309994,0.0482,0.0472,1.0199,2.748,0.126,0.885,0.1336,0.0702,1.0506,medium
2026-01-01 00:12:45,23.520015,87.310012,0.0622,0.0113,1.0219,1.737,1.035,1.942,0.0817,0.0771,1.0739,medium
2026-01-01 00:12:46,23.519997,87.310003,0.1312,0.0927,1.0371,2.257,2.777,1.067,0.1269,0.1692,1.0217,medium
2026-01-01 00:12:47,23.520016,87.310018,0.1102,0.0796,1.0102,1.410,2.557,0.981,0.0910,0.0931,1.0308,medium
2026-01-01 00:12:48,23.519978,87.310004,0.0844,0.0754,1.0343,1.436,2.873,1.759,0.1406,0.0758,0.9679,medium
2026-01-01 00:12:49,23.519982,87.310000,0.0966,0.1296,1.0138,0.821,3.898,1.647,0.1534,0.0683,1.0302,medium
2026-01-01 00:12:50,23.519977,87.309992,0.0839,0.0767,1.0606,1.627,1.011,0.890,0.1755,0.0932,1.0691,medium
2026-01-01 00:12:51,23.520006,87.310005,0.0506,0.0970,1.0095,1.113,2.990,1.604,0.0878,0.0451,1.0344,medium
2026-01-01 00:12:52,23.519980,87.310008,0.1136,0.0649,1.0542,2.668,1.907,0.909,0.0868,0.0837,0.9961,medium
2026-01-01 00:12:53,23.519988,87.310002,0.0847,0.0577,1.0039,2.318,1.801,1.438,0.0678,0.1323,1.0574,medium
2026-01-01 00:12:54,23.519991,87.309993,0.0936,0.0763,1.0499,0.821,1.742,0.445,0.1715,0.0967,1.1089,medium
2026-01-01 00:12:55,23.519994,87.309996,0.1271,0.0447,1.0265,1.229,3.320,1.704,0.0866,0.0314,1.0506,medium
2026-01-01 00:12:56,23.520018,87.310021,0.0910,0.1170,1.0506,2.304,1.295,2.195,0.0934,0.0591,1.0353,medium
2026-01-01 00:12:57,23.520008,87.310008,0.0901,0.0260,1.0678,2.453,0.978,0.829,0.1277,0.0551,1.0620,medium
2026-01-01 00:12:58,23.520004,87.310010,0.1092,0.0763,1.0131,3.206,1.878,2.338,0.0457,0.1459,0.9934,medium
2026-01-01 00:12:59,23.519991,87.309990,0.1324,0.0390,1.0398,0.832,2.060,1.376,0.0532,0.1263,0.9906,medium
2026-01-01 00:13:00,23.520010,87.309996,0.0501,0.0509,1.0213,1.153,2.598,1.559,0.0923,0.1564,1.0536,medium
2026-01-01 00:13:01,23.519999,87.310000,0.1225,0.0523,1.0420,1.622,0.946,0.393,0.1222,0.0341,1.0810,medium
2026-01-01 00:13:02,23.519997,87.310007,0.0995,0.0981,1.0184,3.019,1.505,1.510,0.0787,0.1732,1.0599,medium
2026-01-01 00:13:03,23.520014,87.309999,0.0950,0.0898,1.0606,3.716,2.487,1.882,0.1355,0.1292,1.0568,medium
2026-01-01 00:13:04,23.520015,87.310004,0.1103,0.0376,1.0700,3.300,2.172,1.249,0.1328,0.0507,0.9817,medium
2026-01-01 00:13:05,23.520013,87.309993,0.0686,0.0967,1.0348,2.084,1.347,1.789,0.1203,0.0478,0.9834,medium
2026-01-01 00:13:06,23.520006,87.310007,0.0914,0.0417,1.0198,0.006,2.095,1.019,0.0856,0.1737,1.0618,medium
2026-01-01 00:13:07,23.519999,87.309986,0.0505,0.0158,1.0148,2.071,1.390,1.622,0.1070,0.0760,1.0224,medium
2026-01-01 00:13:08,23.520004,87.310000,0.1471,0.1008,1.0527,1.225,1.245,0.426,0.1340,0.1132,1.0357,medium
2026-01-01 00:13:09,23.520004,87.309989,0.0800,0.0611,1.0692,2.702,1.759,2.299,0.0735,0.1187,1.0339,medium
2026-01-01 00:13:10,23.520001,87.310016,0.1058,0.0486,1.0319,3.126,1.105,0.758,0.0752,0.0397,1.0624,medium
2026-01-01 00:13:11,23.519995,87.309983,0.0728,0.0347,1.0549,2.599,1.541,1.782,0.1385,0.1055,1.0727,medium
2026-01-01 00:13:12,23.519988,87.309987,0.1346,0.0319,1.0447,2.040,2.714,2.170,0.0740,0.0924,1.0236,medium
2026-01-01 00:13:13,23.520006,87.310005,0.0840,0.1130,1.0106,1.701,0.866,1.716,0.0972,0.0654,1.0634,medium
2026-01-01 00:13:14,23.519988,87.309992,0.0941,0.0677,1.0208,1.347,1.959,0.193,0.1256,0.0739,1.0773,medium
2026-01-01 00:13:15,23.520005,87.310002,0.0185,0.0796,1.0443,1.470,0.908,1.909,0.0708,0.1145,1.0080,medium
2026-01-01 00:13:16,23.520004,87.309998,0.0770,0.0942,0.9841,0.773,0.958,0.800,0.1177,0.0745,1.0761,medium
2026-01-01 00:13:17,23.520014,87.309997,-0.0049,0.0769,1.0418,1.622,2.231,1.562,0.1255,0.1067,1.0075,medium
2026-01-01 00:13:18,23.519995,87.310022,0.1351,0.0645,1.0517,2.470,2.122,1.808,0.0451,0.1700,1.0722,medium
2026-01-01 00:13:19,23.519997,87.310000,0.0817,0.0714,1.0389,3.951,0.529,0.854,0.0272,0.0751,1.0470,medium
2026-01-01 00:13:20,23.519995,87.309981,0.0550,0.0789,1.0561,3.421,1.644,1.692,0.1270,0.1474,1.0615,medium
2026-01-01 00:13:21,23.519991,87.309992,0.0839,0.0435,1.0198,0.890,0.979,2.528,0.0172,0.1227,1.0342,medium
2026-01-01 00:13:22,23.520008,87.309988,0.0908,0.0624,1.0311,2.632,2.289,2.116,0.0811,0.0828,1.0676,medium
2026-01-01 00:13:23,23.519985,87.309999,0.1045,0.1204,1.0127,1.084,1.998,1.279,0.0764,0.0753,1.0698,medium
2026-01-01 00:13:24,23.519999,87.310010,0.0481,0.0465,1.0067,2.413,2.312,1.332,0.1350,0.0139,1.0342,medium
2026-01-01 00:13:25,23.520006,87.309996,0.0866,0.1151,1.0611,1.467,2.397,1.173,0.0916,0.0681,1.0244,medium
2026-01-01 00:13:26,23.520012,87.310010,0.0705,0.0184,1.0004,1.302,1.756,1.322,0.1350,0.0011,1.0413,medium
2026-01-01 00:13:27,23.519997,87.310001,0.0619,0.0557,1.0401,2.413,2.239,1.027,0.0970,0.0489,1.0382,medium
2026-01-01 00:13:28,23.519989,87.310007,0.0952,0.0856,0.9777,1.583,1.233,1.180,0.0971,0.0725,1.0206,medium
2026-01-01 00:13:29,23.520008,87.310015,0.0582,0.0266,1.0125,2.036,1.849,1.607,0.0247,0.0674,1.0786,medium
2026-01-01 00:13:30,23.520008,87.309995,0.0955,0.1156,1.0378,4.010,1.938,1.758,0.1262,0.0617,1.0400,medium
2026-01-01 00:13:31,23.520007,87.310001,0.0626,0.0658,1.0481,0.984,2.592,1.998,0.0999,0.1017,1.0905,medium
2026-01-01 00:13:32,23.520001,87.309990,0.1413,0.0732,1.0204,1.999,0.287,1.556,0.1533,0.0715,1.0593,medium
2026-01-01 00:13:33,23.520000,87.309999,0.1050,0.0641,1.0527,2.244,3.442,2.140,0.0594,0.0678,1.0568,medium
2026-01-01 00:13:34,23.520000,87.310002,0.0550,0.0686,1.0280,2.568,2.059,1.872,0.0958,0.0893,1.0439,medium
2026-01-01 00:13:35,23.519994,87.309991,0.1325,0.0813,1.0450,3.524,1.094,1.304,0.1369,0.1280,1.0075,medium
2026-01-01 00:13:36,23.519993,87.309997,0.0875,0.0453,1.0379,2.537,2.272,0.713,0.0857,0.1462,1.0448,medium
2026-01-01 00:13:37,23.519982,87.309992,0.0777,0.0527,1.0157,1.195,3.284,-0.186,0.1184,0.0942,1.0192,medium
2026-01-01 00:13:38,23.520000,87.309994,0.0848,0.0499,0.9976,2.940,1.904,1.792,0.1654,0.0187,1.0294,medium
2026-01-01 00:13:39,23.519997,87.309997,0.1157,0.0494,1.0705,1.254,1.122,0.892,0.0890,0.0671,1.0241,medium
2026-01-01 00:13:40,23.519988,87.309990,0.0623,0.0652,0.9953,3.270,1.135,1.469,0.0847,0.0107,1.0529,medium
2026-01-01 00:13:41,23.520001,87.310002,0.0941,0.0937,1.0390,3.263,1.003,1.149,0.1437,0.1019,1.0685,medium
2026-01-01 00:13:42,23.519993,87.309997,0.0375,0.0182,1.0517,2.841,0.918,0.987,0.1546,0.0598,1.0293,medium
2026-01-01 00:13:43,23.519996,87.310005,0.0931,0.0651,1.0174,2.495,2.009,0.511,0.1056,0.0494,1.0246,medium
2026-01-01 00:13:44,23.519997,87.310018,0.1158,0.0358,1.0233,2.625,-0.652,2.184,0.1412,0.0995,1.0650,medium
2026-01-01 00:13:45,23.519994,87.310003,0.0790,0.0358,1.0266,1.512,1.300,1.274,0.0658,0.0706,1.0339,medium
2026-01-01 00:13:46,23.519995,87.310011,0.0240,0.0561,1.0347,3.552,1.191,0.999,0.0277,0.0419,1.0380,medium
2026-01-01 00:13:47,23.519985,87.309990,0.0736,0.0641,1.0282,2.795,1.078,0.426,0.1136,0.1349,1.1012,medium
2026-01-01 00:13:48,23.519995,87.310004,0.0849,0.0636,1.0167,2.814,1.724,1.753,0.1234,0.0829,1.0954,medium
2026-01-01 00:13:49,23.519998,87.309998,0.1188,0.1125,1.0421,3.246,3.165,1.074,0.1618,0.0156,1.0774,medium
2026-01-01 00:13:50,23.519989,87.310001,0.1203,0.0326,1.0326,3.793,2.006,1.835,0.1556,0.0996,1.0041,medium
2026-01-01 00:13:51,23.520009,87.310013,0.0997,0.0806,1.0023,1.499,2.079,2.052,0.1778,0.0930,1.0430,medium
2026-01-01 00:13:52,23.519995,87.309979,0.0234,0.0306,0.9836,0.873,2.572,1.169,0.0892,0.1064,1.0153,medium
2026-01-01 00:13:53,23.519996,87.309992,0.0934,0.0793,1.0663,3.299,1.734,1.234,0.0965,0.1218,1.0434,medium
2026-01-01 00:13:54,23.519996,87.309988,0.0705,0.0714,1.0724,2.546,2.684,2.275,0.0874,0.0918,1.0206,medium
2026-01-01 00:13:55,23.520003,87.309999,0.0627,0.0904,1.0163,1.823,1.716,0.955,0.1611,0.1056,1.0569,medium
2026-01-01 00:13:56,23.519997,87.310007,0.1085,0.1256,1.0510,1.922,1.107,0.488,0.1053,0.0516,1.0488,medium
2026-01-01 00:13:57,23.520004,87.310001,0.0779,0.0830,1.0085,1.995,1.481,0.746,0.1286,0.0188,1.0782,medium
2026-01-01 00:13:58,23.519981,87.310000,0.0886,0.0554,1.0265,1.927,1.741,1.934,0.1408,0.0935,1.0411,medium
2026-01-01 00:13:59,23.519995,87.309990,0.1127,0.1136,1.0229,0.952,2.536,1.306,0.0727,0.1348,1.1093,medium
2026-01-01 00:14:00,23.519996,87.310011,0.0875,0.0738,1.0289,1.366,1.307,0.358,0.1468,0.0844,1.0532,medium
2026-01-01 00:14:01,23.520013,87.309992,0.1608,0.1046,1.0227,1.570,0.487,1.768,0.1408,0.0735,1.0756,medium
2026-01-01 00:14:02,23.520018,87.309990,0.1551,0.0524,1.0834,2.130,1.278,0.516,0.1899,0.1188,1.0415,medium
2026-01-01 00:14:03,23.519982,87.309994,0.0896,0.0849,1.0421,1.671,2.214,1.488,0.1070,0.1016,1.0696,medium
2026-01-01 00:14:04,23.520005,87.309992,0.0577,0.0719,1.0076,1.566,0.023,0.720,0.0362,0.0666,1.0090,medium
2026-01-01 00:14:05,23.520003,87.310000,0.0690,0.0773,1.0005,0.952,0.988,1.549,0.1437,0.1052,1.0180,medium
2026-01-01 00:14:06,23.520002,87.310013,0.0882,0.0394,1.0341,1.099,0.845,2.018,0.0725,0.1017,1.0592,medium
2026-01-01 00:14:07,23.520010,87.309992,0.1220,0.0461,1.0234,3.094,3.670,1.604,0.0809,0.0963,0.9936,medium
2026-01-01 00:14:08,23.519996,87.310001,0.0796,0.0552,1.0399,2.824,1.754,0.748,0.0842,0.0407,1.0673,medium
2026-01-01 00:14:09,23.519997,87.310001,0.0597,0.0657,1.0441,1.252,0.965,1.453,0.0664,0.0910,1.0157,medium
2026-01-01 00:14:10,23.520006,87.309973,0.0561,0.0622,1.0223,1.154,3.294,0.939,0.0878,0.1098,1.0001,medium
2026-01-01 00:14:11,23.520001,87.309999,0.1000,0.0394,1.0501,1.344,1.689,1.819,0.0809,0.1559,1.0245,medium
2026-01-01 00:14:12,23.519999,87.310001,0.0657,0.1060,1.0117,3.401,1.999,1.277,0.1188,0.1384,1.0529,medium
2026-01-01 00:14:13,23.519992,87.309996,0.1642,0.0596,1.0312,0.775,1.594,0.549,0.0866,0.0891,1.0395,medium
2026-01-01 00:14:14,23.520014,87.309998,0.1067,0.0481,1.0414,3.320,1.114,1.162,0.1060,0.1143,1.0164,medium
2026-01-01 00:14:15,23.519983,87.310006,0.0577,0.0826,1.0420,2.803,0.136,1.171,0.1048,0.1566,1.0363,medium
2026-01-01 00:14:16,23.520001,87.309989,0.0840,0.0159,1.0477,0.736,0.628,1.066,0.0733,0.0785,1.0375,medium
2026-01-01 00:14:17,23.520003,87.309999,0.1253,0.0940,1.0318,2.275,1.569,1.469,0.0871,0.1463,1.0379,medium
2026-01-01 00:14:18,23.519994,87.309993,0.0320,0.1124,1.0531,1.631,2.413,0.315,0.1176,0.1001,1.0739,medium
2026-01-01 00:14:19,23.519993,87.310019,0.0968,0.1095,1.0174,1.848,2.310,2.951,0.0794,0.1093,1.0509,medium
2026-01-01 00:14:20,23.520014,87.310003,0.0990,0.0922,0.9914,4.256,2.016,0.621,0.0859,0.0936,1.1143,medium
2026-01-01 00:14:21,23.520010,87.310003,0.0740,0.0865,1.0878,1.909,2.450,2.150,0.0981,0.0447,1.0229,medium
2026-01-01 00:14:22,23.519988,87.310007,0.0730,0.0938,1.0831,3.438,1.365,0.968,0.1471,0.0233,1.0545,medium
2026-01-01 00:14:23,23.520000,87.310005,0.0559,0.0847,1.0245,3.083,1.250,1.854,0.1429,0.1620,1.0320,medium
2026-01-01 00:14:24,23.520010,87.309998,0.0577,0.0365,1.0655,3.207,1.693,1.113,0.0061,0.0712,1.0420,medium
2026-01-01 00:14:25,23.519995,87.310008,0.1006,0.0653,0.9834,1.290,2.720,0.390,0.1223,0.1176,1.0460,medium
2026-01-01 00:14:26,23.520021,87.309991,0.0740,0.0904,1.0394,1.543,1.845,-0.172,0.0289,0.1161,0.9700,medium
2026-01-01 00:14:27,23.520000,87.309993,0.0686,0.0835,0.9966,2.607,1.905,1.282,0.0664,0.0130,1.0913,medium
2026-01-01 00:14:28,23.520009,87.310004,0.0820,0.1155,1.0743,1.529,0.911,1.954,0.1088,0.0800,0.9965,medium
2026-01-01 00:14:29,23.520011,87.310001,0.0567,0.0605,1.0026,1.441,2.020,1.512,0.0961,0.1595,1.0345,medium
2026-01-01 00:14:30,23.520005,87.310009,0.0495,0.1240,1.0295,3.065,2.357,2.424,0.1405,0.0551,1.0426,medium
2026-01-01 00:14:31,23.520008,87.309983,0.1030,0.0559,0.9915,1.368,2.095,1.672,0.1090,0.1229,1.0397,medium
2026-01-01 00:14:32,23.520006,87.309998,0.0623,0.0426,1.0224,2.076,0.468,1.577,0.1285,0.0425,1.0777,medium
2026-01-01 00:14:33,23.520001,87.309996,0.1226,0.0652,1.0647,-0.540,0.778,1.740,0.1196,0.1172,1.0974,medium
2026-01-01 00:14:34,23.519996,87.310009,0.1079,0.0421,1.0595,2.896,3.222,2.723,0.1107,0.0661,1.0627,medium
2026-01-01 00:14:35,23.520008,87.310003,0.0329,0.0514,0.9916,2.572,2.974,0.637,0.1416,0.0273,1.0229,medium
2026-01-01 00:14:36,23.520004,87.310014,0.0740,0.0761,1.0346,1.190,1.375,1.208,0.0209,0.0983,1.0292,medium
2026-01-01 00:14:37,23.519997,87.309999,0.1342,0.0519,1.0076,3.348,1.479,1.322,0.0628,0.0529,1.0621,medium
2026-01-01 00:14:38,23.520002,87.309997,0.1149,0.0471,1.0508,1.219,1.159,0.549,0.1130,0.0919,1.0135,medium
2026-01-01 00:14:39,23.519995,87.310003,0.0934,0.0802,1.0609,3.027,0.742,0.941,0.1145,0.0701,1.0560,medium
2026-01-01 00:14:40,23.520006,87.310017,0.0601,0.0462,1.0676,1.376,1.146,1.593,0.1446,-0.0130,1.0265,medium
2026-01-01 00:14:41,23.520019,87.310000,0.1091,0.0441,0.9949,2.934,2.572,1.043,0.0564,0.1832,1.0297,medium
2026-01-01 00:14:42,23.520010,87.310004,0.0620,0.1323,1.0136,1.632,1.578,1.458,0.0352,0.0958,1.0623,medium
2026-01-01 00:14:43,23.520011,87.310007,0.1003,0.0379,1.0217,2.510,1.844,0.227,0.1349,0.0411,1.1126,medium
2026-01-01 00:14:44,23.520014,87.309998,0.0976,0.0174,1.0578,0.574,1.976,1.164,0.1231,0.0662,1.0622,medium
2026-01-01 00:14:45,23.519989,87.309991,0.0986,0.0239,1.0232,3.319,0.823,2.139,0.1694,0.0743,1.0845,medium
2026-01-01 00:14:46,23.520004,87.310015,0.0769,0.0959,1.0389,1.656,2.611,1.405,0.1284,0.0062,1.0515,medium
2026-01-01 00:14:47,23.520005,87.309995,0.1155,0.0619,1.0157,2.081,1.042,0.504,0.1408,0.0600,1.0589,medium
2026-01-01 00:14:48,23.519997,87.310003,0.0696,0.0495,1.0242,2.454,1.976,1.274,0.0666,0.0915,1.0226,medium
2026-01-01 00:14:49,23.520005,87.309998,0.1041,0.0871,1.0225,1.526,1.634,2.012,0.0998,0.0931,1.0375,medium
2026-01-01 00:14:50,23.520004,87.309985,0.0620,0.1221,1.0442,2.507,1.361,0.621,0.1108,0.0550,1.0714,medium
2026-01-01 00:14:51,23.519993,87.310000,0.0785,0.0906,1.0363,2.685,2.637,1.494,0.1429,0.0601,1.0710,medium
2026-01-01 00:14:52,23.520012,87.310002,0.1008,0.0174,1.0087,1.260,0.726,-0.213,0.0588,0.0944,1.0222,medium
2026-01-01 00:14:53,23.519982,87.310019,0.1205,-0.0048,0.9941,0.759,1.116,1.478,0.0234,0.1098,1.0154,medium
2026-01-01 00:14:54,23.520013,87.310006,0.0653,0.0990,0.9988,1.973,1.769,1.215,0.1000,0.0887,1.0410,medium
2026-01-01 00:14:55,23.520010,87.310000,0.1063,0.0558,1.0000,2.436,1.831,0.497,0.0516,0.1502,1.0449,medium
2026-01-01 00:14:56,23.520001,87.309993,0.0879,0.0743,0.9883,2.309,0.720,1.788,0.0920,0.0735,1.0628,medium
2026-01-01 00:14:57,23.520008,87.309993,0.0959,0.0873,1.0243,2.468,2.393,0.892,0.1216,0.0515,1.0134,medium
2026-01-01 00:14:58,23.519999,87.309990,0.0564,0.0779,1.0514,2.264,1.375,1.877,0.1808,0.0818,1.0303,medium
2026-01-01 00:14:59,23.519995,87.309986,0.0878,0.0679,1.0299,4.289,1.933,0.736,0.1014,0.1045,1.0401,medium
2026-01-01 00:15:00,23.520003,87.309990,0.1526,0.0861,1.0770,1.954,3.324,1.267,0.3152,0.1846,1.0622,high
2026-01-01 00:15:01,23.520007,87.310008,0.1278,0.0921,1.0496,3.843,2.315,1.901,0.1964,0.1862,1.0586,high
2026-01-01 00:15:02,23.520006,87.309981,0.1196,0.0835,1.0500,4.254,4.359,2.989,0.1478,0.1444,1.0622,high
2026-01-01 00:15:03,23.519997,87.310006,0.1650,0.0935,1.0937,3.035,2.096,2.971,0.1209,0.2081,1.1287,high
2026-01-01 00:15:04,23.520003,87.309998,0.1060,0.1363,1.0405,5.074,2.860,3.522,0.2272,0.1696,1.1388,high
2026-01-01 00:15:05,23.519998,87.309995,0.1313,0.0740,1.0282,4.210,3.043,1.845,0.1408,0.1033,1.0094,high
2026-01-01 00:15:06,23.519984,87.310002,0.1469,0.0921,1.0665,3.910,2.497,2.258,0.1708,0.0663,1.1124,high
2026-01-01 00:15:07,23.520004,87.310006,0.1754,0.0696,1.0895,2.531,1.232,1.445,0.1633,0.1138,1.0537,high
2026-01-01 00:15:08,23.519979,87.309989,0.1987,0.1219,1.0535,3.538,3.180,2.123,0.1702,0.1416,1.0377,high
2026-01-01 00:15:09,23.520012,87.309991,0.1378,0.0698,1.0077,2.966,2.944,2.841,0.1428,0.1293,1.1051,high
2026-01-01 00:15:10,23.520008,87.309996,0.1530,0.0936,1.0402,2.250,2.343,1.754,0.1301,0.1207,1.0407,high
2026-01-01 00:15:11,23.520011,87.310005,0.1316,0.1128,1.0955,4.025,2.239,3.195,0.1470,0.1751,1.0767,high
2026-01-01 00:15:12,23.520008,87.309991,0.0779,0.1509,1.0670,3.679,2.222,2.995,0.1688,0.1021,1.1254,high
2026-01-01 00:15:13,23.520016,87.309982,0.1266,0.0939,1.0886,3.054,2.441,2.221,0.1907,0.1840,0.9969,high
2026-01-01 00:15:14,23.520000,87.309994,0.1735,0.0934,1.0514,5.262,2.204,1.653,0.2444,0.2184,1.0439,high
2026-01-01 00:15:15,23.520001,87.310000,0.1347,0.1077,1.0622,5.053,1.166,1.035,0.2003,0.1499,1.1357,high
2026-01-01 00:15:16,23.520002,87.309982,0.1563,0.1012,1.0321,2.969,3.032,2.141,0.1488,0.1663,1.0737,high
2026-01-01 00:15:17,23.519997,87.309998,0.0630,0.1268,1.0556,2.181,3.099,2.045,0.1550,0.1523,1.0260,high
2026-01-01 00:15:18,23.519996,87.309993,0.1700,0.1429,1.0489,5.117,2.469,1.765,0.1888,0.1741,1.0759,high
2026-01-01 00:15:19,23.519997,87.309987,0.1433,0.1408,1.0419,2.079,2.759,2.301,0.2164,0.1342,1.0333,high
2026-01-01 00:15:20,23.520010,87.309989,0.1750,0.0421,1.0425,3.805,2.214,1.947,0.1303,0.1345,1.0523,high
2026-01-01 00:15:21,23.520009,87.310004,0.1337,0.1517,1.0766,4.309,1.705,1.544,0.2174,0.1774,1.0258,high
2026-01-01 00:15:22,23.520005,87.309992,0.0672,0.0999,1.0524,2.177,1.936,2.778,0.1471,0.1853,1.0702,high
2026-01-01 00:15:23,23.520011,87.310009,0.1172,0.0691,1.0540,4.529,3.326,1.398,0.0680,0.1215,1.0461,high
2026-01-01 00:15:24,23.520003,87.309985,0.1733,0.1142,1.1092,4.840,3.748,2.336,0.1008,0.1529,1.0623,high
2026-01-01 00:15:25,23.519992,87.310007,0.1313,0.0991,0.9961,4.012,2.582,3.087,0.1793,0.2014,1.0395,high
2026-01-01 00:15:26,23.519992,87.310005,0.1582,0.0549,1.0509,2.398,1.823,2.247,0.1374,0.1438,1.0506,high
2026-01-01 00:15:27,23.519986,87.309995,0.1675,0.1195,1.0692,4.624,1.844,2.902,0.2152,0.0942,1.0828,high
2026-01-01 00:15:28,23.520010,87.310009,0.1741,0.0828,1.0101,2.592,2.508,1.891,0.1369,0.1805,1.1054,high
2026-01-01 00:15:29,23.519993,87.309999,0.1824,0.0785,1.0582,3.197,4.113,1.725,0.1874,0.1133,1.0534,high
2026-01-01 00:15:30,23.520011,87.310000,0.1716,0.1176,1.0320,1.862,2.752,2.473,0.1588,0.1437,1.1041,high
2026-01-01 00:15:31,23.520002,87.310000,0.1411,0.0644,1.0072,3.893,1.949,1.768,0.1924,0.0919,0.9904,high
2026-01-01 00:15:32,23.520016,87.309998,0.1122,0.0261,1.0442,2.198,3.950,2.511,0.1484,0.0722,1.1523,high
2026-01-01 00:15:33,23.520015,87.310008,0.1331,0.0927,1.0867,3.208,1.792,1.993,0.1338,0.2019,1.0096,high
2026-01-01 00:15:34,23.519997,87.309986,0.0530,0.0790,1.0342,4.425,3.065,1.383,0.1628,0.1585,1.0309,high
2026-01-01 00:15:35,23.519995,87.310009,0.1448,0.1194,1.0425,3.107,2.498,1.261,0.2230,0.1140,1.0304,high
2026-01-01 00:15:36,23.519993,87.309977,0.1558,0.1062,1.0377,3.048,2.062,0.915,0.1273,0.1561,1.0233,high
2026-01-01 00:15:37,23.519996,87.310000,0.1382,0.0714,1.0275,3.689,3.792,1.908,0.0984,0.1230,1.0451,high
2026-01-01 00:15:38,23.519986,87.309990,0.1431,0.1251,1.0211,3.628,2.936,2.764,0.1447,0.1726,1.0249,high
2026-01-01 00:15:39,23.520008,87.310006,0.1560,0.1312,1.0536,1.790,2.189,2.026,0.1386,0.1516,1.0993,high
2026-01-01 00:15:40,23.519991,87.310014,0.1290,0.1071,0.9739,4.095,2.981,2.782,0.2518,0.1312,1.0623,high
2026-01-01 00:15:41,23.520002,87.310011,0.1133,0.1555,1.0260,4.407,2.933,2.408,0.1163,0.2020,1.0773,high
2026-01-01 00:15:42,23.519981,87.309991,0.1183,0.0486,1.0693,3.458,2.520,2.748,0.1740,0.2268,1.0602,high
2026-01-01 00:15:43,23.519992,87.309998,0.1619,0.1234,1.0951,2.824,0.507,0.774,0.2446,0.0896,1.0811,high
2026-01-01 00:15:44,23.519992,87.310007,0.1634,0.1335,1.0604,3.473,4.173,2.256,0.1997,0.0789,1.1542,high
2026-01-01 00:15:45,23.519991,87.310013,0.1097,0.1153,1.0166,3.228,2.280,2.689,0.1181,0.1126,1.0637,high
2026-01-01 00:15:46,23.520003,87.310008,0.1161,0.1144,1.0665,3.070,2.831,2.303,0.1648,0.0841,1.0257,high
2026-01-01 00:15:47,23.520029,87.310002,0.0839,0.0964,1.0781,3.876,2.326,2.773,0.2025,0.1057,1.0073,high
2026-01-01 00:15:48,23.519997,87.309999,0.1287,0.1263,1.0589,4.117,1.252,1.972,0.1134,0.1518,1.0705,high
2026-01-01 00:15:49,23.519979,87.310020,0.1777,0.1449,1.0465,3.614,3.007,2.852,0.2519,0.1438,1.1177,high
2026-01-01 00:15:50,23.520001,87.310000,0.1383,0.1629,1.0313,4.868,2.579,1.232,0.2170,0.1562,1.0723,high
2026-01-01 00:15:51,23.520015,87.310008,0.1138,0.0539,1.0273,2.989,3.645,1.348,0.1533,0.1956,1.0593,high
2026-01-01 00:15:52,23.519996,87.310021,0.1491,0.0763,1.0146,2.397,3.454,1.185,0.1805,0.1446,1.1462,high
2026-01-01 00:15:53,23.520014,87.309994,0.1364,0.0744,1.0951,4.583,3.431,1.770,0.1301,0.1276,1.0511,high
2026-01-01 00:15:54,23.520014,87.310013,0.1898,0.0591,1.0239,5.212,4.586,1.742,0.1657,0.1451,1.1327,high
2026-01-01 00:15:55,23.520016,87.310003,0.1141,0.0839,1.0568,4.218,4.502,2.381,0.1647,0.1093,1.0958,high
2026-01-01 00:15:56,23.519978,87.309990,0.0951,0.1698,1.0615,3.726,3.795,1.757,0.1766,0.1312,1.0834,high
2026-01-01 00:15:57,23.520006,87.309994,0.1080,0.1159,1.0492,4.356,2.283,1.908,0.1753,0.1319,1.0318,high
2026-01-01 00:15:58,23.519986,87.309997,0.1686,0.1691,1.0546,3.839,3.054,1.458,0.1969,0.1617,1.0422,high
2026-01-01 00:15:59,23.520005,87.309991,0.1071,0.1468,1.1073,2.375,2.300,1.639,0.1294,0.1059,1.0261,high
2026-01-01 00:16:00,23.519993,87.309994,0.1680,0.1055,1.0584,2.639,2.528,2.551,0.2069,0.1829,1.1815,high
2026-01-01 00:16:01,23.520000,87.309999,0.1395,0.1137,1.0126,3.689,2.145,1.914,0.0994,0.1791,1.0830,high
2026-01-01 00:16:02,23.519991,87.310005,0.1316,0.0757,1.0519,3.004,3.417,1.957,0.1352,0.1404,1.1022,high
2026-01-01 00:16:03,23.520019,87.309993,0.0999,0.1386,1.0410,2.559,2.357,1.698,0.1741,0.1499,1.0367,high
2026-01-01 00:16:04,23.520009,87.309985,0.1281,0.1012,1.0843,3.811,3.356,1.649,0.1592,0.0774,1.0508,high
2026-01-01 00:16:05,23.520010,87.309998,0.1841,0.0919,1.0207,4.182,2.965,2.610,0.0831,0.1508,1.1526,high
2026-01-01 00:16:06,23.519991,87.310021,0.0978,0.0763,1.0540,3.453,2.370,3.218,0.1663,0.2090,1.0609,high
2026-01-01 00:16:07,23.520020,87.310002,0.1514,0.1212,1.0624,4.705,1.400,1.461,0.1004,0.1447,1.0767,high
2026-01-01 00:16:08,23.519980,87.309992,0.1529,0.1334,1.0211,3.928,3.550,0.340,0.1837,0.1031,1.0566,high
2026-01-01 00:16:09,23.519998,87.310007,0.1609,0.1086,1.0287,3.906,2.777,2.131,0.1340,0.0667,1.0825,high
2026-01-01 00:16:10,23.520009,87.310019,0.2064,0.0945,0.9988,5.039,2.572,2.318,0.1710,0.1226,1.1414,high
2026-01-01 00:16:11,23.520025,87.310004,0.0919,0.1336,1.0379,1.482,3.642,2.432,0.1642,0.1282,1.0699,high
2026-01-01 00:16:12,23.520010,87.310017,0.1437,0.1307,1.0041,1.640,2.813,2.445,0.1715,0.1198,1.0860,high
2026-01-01 00:16:13,23.520001,87.310000,0.0843,0.0962,1.0460,3.241,3.809,1.911,0.1612,0.1272,1.0677,high
2026-01-01 00:16:14,23.519998,87.310002,0.1132,0.0671,1.0669,4.224,1.586,1.567,0.1822,0.1947,1.0239,high
2026-01-01 00:16:15,23.519996,87.309998,0.2010,0.1190,1.0410,2.769,2.308,2.009,0.1890,0.0677,1.0818,high
2026-01-01 00:16:16,23.519996,87.310004,0.1516,0.0586,1.0537,4.821,2.822,2.595,0.1216,0.1662,1.1174,high
2026-01-01 00:16:17,23.519992,87.310012,0.0974,0.1200,1.0565,2.863,2.692,1.778,0.2445,0.1886,1.1129,high
2026-01-01 00:16:18,23.520000,87.310003,0.1582,0.1206,1.0274,4.148,4.949,1.721,0.1462,0.1208,1.1103,high
2026-01-01 00:16:19,23.519997,87.310000,0.1381,0.1169,1.0815,4.161,3.923,1.866,0.1574,0.1198,1.0979,high
2026-01-01 00:16:20,23.520006,87.310000,0.1085,0.0778,1.0206,3.189,3.523,2.466,0.1038,0.0777,1.0807,high
2026-01-01 00:16:21,23.519998,87.310000,0.1240,0.1334,1.0580,2.269,2.835,1.802,0.1677,0.0718,1.1120,high
2026-01-01 00:16:22,23.520011,87.310007,0.1596,0.0937,1.0137,3.946,2.951,2.376,0.1250,0.1328,0.9931,high
2026-01-01 00:16:23,23.520000,87.309985,0.2385,0.1226,1.0970,3.573,1.831,2.171,0.2307,0.0992,1.0898,high
2026-01-01 00:16:24,23.520009,87.309994,0.1664,0.1469,1.0523,3.822,3.236,2.872,0.1584,0.1296,1.0802,high
2026-01-01 00:16:25,23.519986,87.310006,0.1706,0.1134,1.0532,3.663,2.613,2.132,0.1355,0.1563,1.0884,high
2026-01-01 00:16:26,23.520002,87.310011,0.1297,0.0765,1.0613,3.651,2.646,2.242,0.1584,0.1148,1.0882,high
2026-01-01 00:16:27,23.520007,87.310017,0.1161,0.1038,1.0514,3.814,1.871,1.359,0.1436,0.1438,1.0974,high
2026-01-01 00:16:28,23.519997,87.309982,0.1539,0.0863,1.0597,2.589,2.971,2.159,0.1964,0.1434,1.0949,high
2026-01-01 00:16:29,23.520021,87.310017,0.1259,0.0710,1.0386,3.834,3.192,2.404,0.0904,0.0561,1.1078,high
2026-01-01 00:16:30,23.520002,87.310018,0.1013,0.1104,1.0807,4.474,3.453,1.849,0.1505,0.0807,1.1221,high
2026-01-01 00:16:31,23.519984,87.309999,0.1676,0.1171,1.0173,3.814,2.861,1.854,0.1632,0.1916,1.0903,high
2026-01-01 00:16:32,23.519994,87.310001,0.1312,0.1341,1.0786,1.922,2.363,1.106,0.0822,0.1184,1.0556,high
2026-01-01 00:16:33,23.519984,87.310006,0.1855,0.0973,1.0555,4.063,3.321,2.057,0.1676,0.1421,1.0056,high
2026-01-01 00:16:34,23.520010,87.310005,0.1493,0.0989,1.0178,2.254,1.950,2.399,0.1820,0.1248,1.0907,high
2026-01-01 00:16:35,23.520002,87.310017,0.1892,0.1510,1.0639,3.126,2.191,2.904,0.1084,0.1176,1.0307,high
2026-01-01 00:16:36,23.519991,87.310017,0.1589,0.1133,1.0197,3.576,2.518,1.960,0.1412,0.1488,1.0902,high
2026-01-01 00:16:37,23.520010,87.310007,0.1269,0.1104,0.9895,4.077,2.705,1.326,0.1152,0.1214,1.0306,high
2026-01-01 00:16:38,23.520010,87.310015,0.1479,0.0779,1.1165,3.335,3.290,1.554,0.1217,0.2078,1.0843,high
2026-01-01 00:16:39,23.520003,87.310001,0.1564,0.1428,1.0692,3.372,2.745,1.132,0.2296,0.1432,1.0323,high
2026-01-01 00:16:40,23.519996,87.309988,0.0538,0.0220,1.0156,1.618,0.356,-0.276,-0.0008,0.0343,0.9995,stable
2026-01-01 00:16:41,23.520012,87.310014,-0.0102,0.0045,1.0297,0.343,0.628,1.008,-0.0000,0.0457,1.0082,stable
2026-01-01 00:16:42,23.519999,87.310002,-0.0197,-0.0143,0.9855,0.468,0.514,0.558,-0.0441,0.0338,0.9911,stable
2026-01-01 00:16:43,23.519993,87.310007,-0.0240,0.0539,0.9814,0.580,-0.427,-0.328,0.0408,-0.0053,0.9858,stable
2026-01-01 00:16:44,23.520001,87.310006,-0.0028,0.0425,0.9965,-0.394,0.508,0.258,-0.0721,-0.0385,1.0129,stable
2026-01-01 00:16:45,23.519986,87.310004,0.0104,0.0125,1.0070,0.425,0.939,0.259,0.0614,0.0150,0.9914,stable
2026-01-01 00:16:46,23.520008,87.310005,-0.0336,-0.0513,1.0028,0.157,1.444,0.178,0.0282,0.0311,1.0103,stable
2026-01-01 00:16:47,23.520006,87.310022,0.0080,0.0431,1.0293,-0.043,1.655,-0.726,0.0269,0.0324,0.9999,stable
2026-01-01 00:16:48,23.520012,87.309990,0.0141,0.0183,0.9990,0.176,-0.220,-0.242,0.0414,0.0564,1.0118,stable
2026-01-01 00:16:49,23.520001,87.310021,0.0203,-0.0301,0.9664,-0.507,0.195,-0.171,0.0115,0.0743,1.0228,stable
2026-01-01 00:16:50,23.519993,87.309983,0.0240,0.0118,0.9679,-0.787,-0.151,0.473,-0.0432,0.0135,0.9894,stable
2026-01-01 00:16:51,23.520005,87.310005,-0.0190,-0.0332,1.0364,-0.612,-0.191,0.999,-0.0260,0.0441,0.9640,stable
2026-01-01 00:16:52,23.520001,87.309994,-0.0144,-0.0437,0.9947,0.705,0.218,0.218,0.0398,0.0663,0.9875,stable
2026-01-01 00:16:53,23.520004,87.309991,-0.0421,-0.0252,1.0445,0.326,-0.317,0.937,0.0154,-0.0630,0.9423,stable
2026-01-01 00:16:54,23.520005,87.309982,-0.0294,0.0459,1.0460,-0.557,0.036,-0.184,0.0040,-0.0758,0.9886,stable
2026-01-01 00:16:55,23.519985,87.310003,-0.0188,-0.0141,1.0362,1.719,-1.164,0.064,0.0252,0.0515,0.9753,stable
2026-01-01 00:16:56,23.520011,87.310009,-0.0395,0.0283,1.0153,1.796,0.305,-0.061,0.0175,0.0245,1.0172,stable
2026-01-01 00:16:57,23.519998,87.309984,0.0462,-0.0011,1.0038,0.215,0.699,0.284,0.0452,0.0786,1.0257,stable
2026-01-01 00:16:58,23.520010,87.309997,-0.0041,0.0358,0.9988,-0.041,0.655,-0.496,0.0412,-0.0397,1.0155,stable
2026-01-01 00:16:59,23.520003,87.310009,0.0202,0.0577,1.0134,-0.228,-0.052,0.159,-0.0029,-0.0366,0.9744,stable
2026-01-01 00:17:00,23.519998,87.310000,0.0487,0.0203,1.0234,0.055,0.210,0.072,-0.0446,0.0539,0.9946,stable
2026-01-01 00:17:01,23.519993,87.310003,0.0142,-0.0071,1.0392,-0.067,0.203,0.271,0.0732,0.0726,1.0119,stable
2026-01-01 00:17:02,23.519989,87.310004,-0.0301,0.0226,0.9746,0.231,0.092,-0.572,-0.0137,-0.0711,1.0100,stable
2026-01-01 00:17:03,23.520006,87.309998,0.0411,0.0254,1.0142,-0.080,0.215,0.231,0.0297,-0.0566,1.0403,stable
2026-01-01 00:17:04,23.520006,87.310002,-0.0094,0.0504,1.0128,-0.793,0.723,0.461,0.0082,0.0571,1.0426,stable
2026-01-01 00:17:05,23.519996,87.309991,0.0259,0.0101,0.9987,0.181,0.049,0.012,-0.0139,0.0203,0.9819,stable
2026-01-01 00:17:06,23.520007,87.310003,0.0418,0.0031,0.9724,1.735,-0.604,0.483,0.0344,-0.0384,0.9822,stable
2026-01-01 00:17:07,23.520011,87.309995,0.0317,0.0604,1.0213,1.134,-0.241,0.065,0.0309,0.0321,1.0059,stable
2026-01-01 00:17:08,23.520016,87.310006,0.0487,0.0409,1.0036,0.692,0.003,1.271,-0.0199,0.0232,0.9888,stable
2026-01-01 00:17:09,23.520002,87.310008,0.0323,-0.0131,0.9879,-0.049,0.967,0.738,0.0277,0.0035,0.9331,stable
2026-01-01 00:17:10,23.519993,87.309997,0.0162,-0.0454,0.9980,0.353,0.580,-0.879,0.0516,0.0168,0.9984,stable
2026-01-01 00:17:11,23.519980,87.309989,0.0410,0.0454,0.9835,1.168,0.722,-0.992,-0.0228,-0.0383,1.0295,stable
2026-01-01 00:17:12,23.519996,87.310017,0.0081,0.0151,1.0141,0.724,0.018,-0.138,-0.0118,-0.0200,1.0272,stable
2026-01-01 00:17:13,23.519979,87.309996,0.0501,0.0000,1.0237,0.071,-0.922,1.022,-0.0053,-0.0421,1.0358,stable
2026-01-01 00:17:14,23.519993,87.309989,0.0021,0.0145,0.9879,-0.749,0.180,0.220,0.0496,0.0106,1.0254,stable
2026-01-01 00:17:15,23.519999,87.310018,-0.0215,-0.0134,0.9971,1.778,-0.519,0.157,0.0143,0.0568,0.9801,stable
2026-01-01 00:17:16,23.520004,87.309997,0.0181,-0.0129,0.9967,-0.304,0.113,0.460,-0.0324,0.0447,1.0461,stable
2026-01-01 00:17:17,23.519990,87.310005,0.0660,0.0212,0.9933,-0.375,0.325,0.915,0.0113,0.0664,0.9934,stable
2026-01-01 00:17:18,23.519994,87.309995,0.0687,0.0005,1.0076,1.074,2.030,0.819,-0.0013,0.0679,1.0049,stable
2026-01-01 00:17:19,23.520013,87.310001,0.0242,-0.0643,1.0287,-0.138,-0.006,0.422,0.0339,0.0494,1.0092,stable
2026-01-01 00:17:20,23.520005,87.309993,-0.0076,0.0049,1.0106,0.165,-0.199,0.827,-0.0146,0.0512,1.0072,stable
2026-01-01 00:17:21,23.519994,87.309993,0.0243,-0.0167,0.9881,1.384,0.548,-0.065,-0.0149,0.0034,1.0213,stable
2026-01-01 00:17:22,23.520003,87.309994,-0.0405,-0.0378,1.0356,1.004,0.215,-0.043,0.0195,0.0309,0.9912,stable
2026-01-01 00:17:23,23.520002,87.310003,0.0338,0.0293,1.0142,1.358,-0.341,-0.123,0.0222,0.0329,1.0442,stable
2026-01-01 00:17:24,23.519985,87.310006,-0.0160,0.0395,0.9897,0.150,1.938,-0.833,0.0218,-0.0199,1.0000,stable
2026-01-01 00:17:25,23.520000,87.310007,-0.0198,-0.0206,1.0255,-0.360,-0.713,0.960,0.0272,0.0485,0.9931,stable
2026-01-01 00:17:26,23.519998,87.310007,-0.0123,-0.0079,1.0531,0.421,1.536,-0.804,0.0392,-0.0132,1.0197,stable
2026-01-01 00:17:27,23.520008,87.309996,-0.0498,0.0315,1.0145,1.133,1.213,0.213,0.0564,0.0834,0.9836,stable
2026-01-01 00:17:28,23.520007,87.309982,0.0433,0.0083,1.0056,0.679,0.122,0.160,0.0059,0.0965,1.0328,stable
2026-01-01 00:17:29,23.520002,87.310005,-0.0038,0.0307,0.9977,1.273,0.340,0.487,0.0732,0.0338,1.0135,stable
2026-01-01 00:17:30,23.520006,87.309998,-0.0534,-0.0092,1.0166,0.562,-0.193,0.173,0.0035,0.0743,1.0356,stable
2026-01-01 00:17:31,23.520005,87.309984,0.0268,0.0091,0.9962,0.127,1.871,0.290,0.0229,-0.0327,1.0373,stable
2026-01-01 00:17:32,23.520005,87.310002,0.0317,0.0172,1.0361,0.903,-0.602,0.143,0.0475,0.0237,1.0183,stable
2026-01-01 00:17:33,23.520014,87.310000,0.0038,0.0113,1.0026,0.725,-0.053,-0.315,-0.0213,0.0045,0.9431,stable
2026-01-01 00:17:34,23.520009,87.309997,-0.0226,-0.0174,1.0021,-0.435,0.180,-0.481,0.0171,0.0242,0.9892,stable
2026-01-01 00:17:35,23.519994,87.309996,0.0540,-0.0128,1.0148,0.871,0.346,0.327,-0.0344,0.0375,1.0424,stable
2026-01-01 00:17:36,23.520004,87.309984,-0.0001,-0.0085,1.0065,0.498,1.151,-0.445,0.0217,-0.0658,1.0157,stable
2026-01-01 00:17:37,23.520002,87.310023,0.0381,0.0662,0.9785,0.629,-0.472,0.354,-0.0063,-0.0200,0.9868,stable
2026-01-01 00:17:38,23.519989,87.309999,0.0703,-0.0124,0.9878,1.003,1.994,1.166,0.1255,0.0533,1.0387,stable
2026-01-01 00:17:39,23.520002,87.310002,0.0507,0.0421,1.0098,-0.473,-0.173,-0.115,0.0638,0.0302,1.0289,stable
2026-01-01 00:17:40,23.519983,87.310001,0.0658,0.0237,0.9997,2.290,1.162,0.758,0.0021,-0.0079,0.9843,stable
2026-01-01 00:17:41,23.519992,87.310014,0.0669,0.0366,1.0164,0.519,-0.347,1.630,0.0357,0.0638,0.9697,stable
2026-01-01 00:17:42,23.520007,87.310010,0.0128,0.0787,1.0134,0.772,-0.187,0.004,0.0196,-0.0955,1.0246,stable
2026-01-01 00:17:43,23.519995,87.310010,0.0310,0.0455,0.9940,0.174,0.894,0.098,-0.0603,-0.0152,1.0138,stable
2026-01-01 00:17:44,23.519994,87.309989,-0.0132,-0.0375,0.9786,0.855,-1.003,0.258,0.0914,-0.0142,1.0179,stable
2026-01-01 00:17:45,23.519997,87.310030,-0.0007,0.0501,1.0150,-0.210,0.757,-0.457,0.0337,-0.0083,1.0335,stable
2026-01-01 00:17:46,23.520003,87.310004,-0.0125,0.0045,1.0027,0.214,0.587,0.584,0.0571,0.0283,1.0010,stable
2026-01-01 00:17:47,23.520019,87.309983,0.0367,0.0313,1.0299,0.735,0.732,0.523,0.0518,-0.0171,1.0386,stable
2026-01-01 00:17:48,23.519984,87.310011,0.0056,0.0521,1.0131,0.012,0.988,0.440,0.0262,0.0165,1.0010,stable
2026-01-01 00:17:49,23.519997,87.310022,0.0586,0.0275,0.9791,0.372,0.488,0.513,0.0560,0.0111,0.9839,stable
2026-01-01 00:17:50,23.519992,87.310010,0.0764,0.0279,1.0038,-1.693,-0.886,-0.613,-0.0309,0.0237,1.0144,stable
2026-01-01 00:17:51,23.520020,87.310010,0.0402,-0.0154,0.9907,-0.195,1.302,0.550,0.0144,0.0723,1.0027,stable
2026-01-01 00:17:52,23.519988,87.309991,0.0725,0.0237,0.9873,0.654,-0.401,-0.275,0.0161,0.0039,0.9839,stable
2026-01-01 00:17:53,23.519993,87.310009,0.0125,0.0017,1.0199,0.749,1.235,0.607,0.0321,0.0279,0.9945,stable
2026-01-01 00:17:54,23.520015,87.310008,-0.0001,-0.0245,0.9995,1.200,1.101,0.937,0.0001,-0.0652,0.9775,stable
2026-01-01 00:17:55,23.520011,87.310006,0.0187,0.0160,1.0172,0.682,0.293,0.611,-0.0406,0.0159,0.9789,stable
2026-01-01 00:17:56,23.519998,87.310005,-0.0214,0.0813,0.9916,1.267,-0.224,0.202,0.0134,0.0356,0.9438,stable
2026-01-01 00:17:57,23.520006,87.310006,0.0138,0.0286,0.9917,-0.845,1.367,-0.302,-0.0417,0.0489,0.9773,stable
2026-01-01 00:17:58,23.520003,87.309991,0.0494,0.0126,1.0142,0.549,0.998,-0.307,-0.0369,-0.0342,1.0139,stable
2026-01-01 00:17:59,23.519980,87.309990,-0.0118,-0.0553,1.0262,-0.463,0.106,-0.516,-0.0472,-0.0012,1.0299,stable
2026-01-01 00:18:00,23.519988,87.310008,0.0238,-0.0209,1.0356,1.315,-0.263,0.287,0.0526,-0.0218,0.9914,stable
2026-01-01 00:18:01,23.520014,87.310007,0.0202,0.0310,0.9971,1.355,2.208,0.598,-0.0202,0.0276,0.9536,stable
2026-01-01 00:18:02,23.520003,87.309992,0.0299,-0.0227,0.9869,1.736,-0.118,-0.102,-0.0084,0.0045,1.0048,stable
2026-01-01 00:18:03,23.520000,87.309996,-0.0060,0.0284,1.0186,0.306,-0.176,0.888,0.0367,0.0729,1.0412,stable
2026-01-01 00:18:04,23.520002,87.309999,0.0492,0.0484,1.0078,-0.016,-0.431,0.562,0.0029,0.0243,1.0196,stable
2026-01-01 00:18:05,23.519996,87.309988,0.0051,0.0897,1.0329,-0.745,0.892,0.234,0.0307,-0.0550,1.0657,stable
2026-01-01 00:18:06,23.520008,87.310007,0.0520,0.0473,1.0077,1.230,1.125,0.181,0.0344,0.0241,0.9834,stable
2026-01-01 00:18:07,23.520004,87.310015,-0.0014,0.0474,0.9950,0.114,0.776,0.207,-0.0086,0.0557,0.9996,stable
2026-01-01 00:18:08,23.520017,87.309999,-0.0013,0.0340,0.9826,1.138,0.881,0.382,-0.0076,0.0359,1.0414,stable
2026-01-01 00:18:09,23.519984,87.310029,0.0536,0.0184,1.0372,-0.111,0.403,-0.364,0.0013,-0.0058,1.0349,stable
2026-01-01 00:18:10,23.520009,87.310000,0.0847,0.0066,0.9918,1.480,-1.503,0.389,0.0051,0.0447,0.9781,stable
2026-01-01 00:18:11,23.519998,87.310008,0.0414,0.0603,1.0035,1.318,1.788,0.456,0.0038,0.0466,1.0144,stable
2026-01-01 00:18:12,23.520002,87.309997,-0.0090,0.0856,1.0174,0.040,0.617,-0.106,0.0528,0.0589,1.0237,stable
2026-01-01 00:18:13,23.520004,87.309999,0.0211,0.0386,1.0028,-1.193,1.288,-0.116,0.0406,-0.0155,1.0250,stable
2026-01-01 00:18:14,23.519989,87.310018,0.0235,0.0309,1.0090,0.120,1.814,-0.487,0.0025,0.0613,0.9684,stable
2026-01-01 00:18:15,23.519996,87.309997,-0.0085,-0.0119,1.0035,-0.442,2.034,0.565,-0.0334,0.0432,1.0075,stable
2026-01-01 00:18:16,23.520022,87.310010,0.0029,0.0045,0.9841,-0.268,1.066,0.153,0.0713,-0.0509,0.9924,stable
2026-01-01 00:18:17,23.520003,87.309992,-0.0163,0.0403,0.9866,0.434,0.173,-0.128,0.0950,-0.0062,0.9315,stable
2026-01-01 00:18:18,23.520012,87.310000,0.0072,0.0648,1.0067,0.108,0.218,0.441,0.0755,0.0323,1.0344,stable
2026-01-01 00:18:19,23.520008,87.309981,-0.0206,0.0067,1.0214,0.051,-0.714,0.642,-0.0924,0.0166,0.9951,stable
2026-01-01 00:18:20,23.520000,87.310005,0.0322,0.0513,1.0300,0.529,0.469,1.217,0.0172,0.0079,0.9712,stable
2026-01-01 00:18:21,23.520005,87.310013,0.0051,-0.0156,0.9802,0.258,0.726,0.479,0.0576,0.0656,1.0128,stable
2026-01-01 00:18:22,23.519995,87.310009,-0.0094,-0.0262,0.9939,0.015,-0.109,-0.507,0.0824,0.0520,0.9715,stable
2026-01-01 00:18:23,23.520002,87.309993,0.0238,-0.0041,1.0116,-1.111,0.290,-0.506,0.0235,0.0335,1.0052,stable
2026-01-01 00:18:24,23.520008,87.310015,-0.0352,0.0205,1.0272,0.188,0.839,0.589,0.0941,0.0699,0.9526,stable
2026-01-01 00:18:25,23.520011,87.309995,0.0211,0.0204,0.9728,1.932,-0.786,-0.050,0.0374,0.0399,0.9960,stable
2026-01-01 00:18:26,23.520016,87.310012,-0.0107,0.0093,1.0005,0.742,0.199,0.593,-0.0001,0.0186,1.0757,stable
2026-01-01 00:18:27,23.519992,87.309980,-0.0157,0.0492,0.9929,0.366,0.989,0.088,-0.0008,-0.0322,1.0062,stable
2026-01-01 00:18:28,23.520002,87.310004,-0.0027,0.0598,1.0098,-0.590,-0.281,-0.512,-0.0711,-0.0195,0.9951,stable
2026-01-01 00:18:29,23.520010,87.310007,-0.0019,0.0297,0.9915,-0.610,-0.549,0.252,-0.0385,-0.0084,1.0537,stable
2026-01-01 00:18:30,23.520002,87.310020,0.0236,0.0417,1.0137,-0.543,-1.682,-0.077,0.0258,0.0129,0.9919,stable
2026-01-01 00:18:31,23.520004,87.310009,-0.0001,0.0550,1.0081,-0.705,1.810,0.979,0.0045,0.0036,1.0115,stable
2026-01-01 00:18:32,23.519999,87.309976,0.0169,0.0461,1.0053,0.434,-0.991,0.847,-0.0027,0.0862,1.0064,stable
2026-01-01 00:18:33,23.519997,87.309993,0.0145,0.0116,1.0041,-1.389,0.321,-0.540,0.0516,0.0713,1.0393,stable
2026-01-01 00:18:34,23.519997,87.309994,0.0246,-0.0077,1.0185,0.623,-0.170,0.165,0.0317,-0.0378,1.0231,stable
2026-01-01 00:18:35,23.520003,87.309998,-0.0133,0.0141,0.9734,-0.358,-0.276,-0.826,0.0391,0.0478,1.0114,stable
2026-01-01 00:18:36,23.520009,87.310017,0.0039,0.0181,1.0110,-0.361,0.735,0.113,-0.0049,0.0007,0.9717,stable
2026-01-01 00:18:37,23.519992,87.310011,-0.0084,0.0507,0.9985,1.145,0.810,-0.484,0.0031,-0.0086,0.9935,stable
2026-01-01 00:18:38,23.520006,87.309991,-0.0014,0.0495,1.0362,0.646,-0.154,-0.066,0.0840,-0.0021,1.0052,stable
2026-01-01 00:18:39,23.519991,87.310002,0.0221,0.0090,0.9832,-0.426,-0.614,0.759,0.0008,-0.0566,1.0230,stable
2026-01-01 00:18:40,23.520013,87.309987,0.0156,0.0217,1.0196,1.264,0.747,0.859,0.0425,0.0409,1.0129,stable
2026-01-01 00:18:41,23.519994,87.310011,0.0245,0.0206,0.9975,-0.825,0.683,0.406,-0.0212,0.0298,0.9998,stable
2026-01-01 00:18:42,23.520001,87.309989,-0.0244,-0.0735,1.0038,0.563,0.314,0.157,0.0104,0.0186,0.9995,stable
2026-01-01 00:18:43,23.520015,87.310005,-0.0222,0.0289,1.0134,0.269,0.509,-0.505,-0.0307,0.0658,1.0031,stable
2026-01-01 00:18:44,23.519994,87.309971,-0.0022,0.0534,1.0100,0.210,0.944,0.632,0.0603,0.0505,1.0349,stable
2026-01-01 00:18:45,23.519998,87.309983,0.0079,0.0447,1.0355,1.457,1.054,0.380,0.0594,0.0257,1.0415,stable
2026-01-01 00:18:46,23.520008,87.310000,0.0158,0.0396,0.9975,-0.603,0.202,-0.414,0.0469,0.0170,1.0214,stable
2026-01-01 00:18:47,23.520007,87.309994,0.0547,-0.0252,1.0341,-0.382,1.523,0.472,0.0087,0.0057,1.0172,stable
2026-01-01 00:18:48,23.520008,87.309990,-0.0239,-0.0236,1.0342,-0.864,-1.127,0.566,0.0063,0.0440,1.0168,stable
2026-01-01 00:18:49,23.520001,87.309985,0.0508,0.0391,1.0237,0.360,-0.136,-0.104,0.0336,-0.0046,1.0342,stable
2026-01-01 00:18:50,23.520011,87.309995,-0.0217,0.0473,0.9987,0.323,0.761,1.074,0.0427,-0.0095,0.9951,stable
2026-01-01 00:18:51,23.520011,87.309992,-0.0275,-0.0027,1.0126,1.209,0.142,-0.338,0.0104,-0.0334,1.0149,stable
2026-01-01 00:18:52,23.520001,87.309996,0.0540,-0.0278,0.9975,-0.202,0.778,0.227,-0.0493,0.0228,1.0002,stable
2026-01-01 00:18:53,23.520004,87.309996,-0.0094,0.0018,0.9956,-0.071,0.633,0.262,-0.0115,0.0437,1.0061,stable
2026-01-01 00:18:54,23.519984,87.309992,-0.0521,0.0098,1.0069,-0.315,1.050,-0.151,0.0178,0.0507,1.0083,stable
2026-01-01 00:18:55,23.519998,87.310002,0.0057,0.0089,1.0006,0.121,0.656,-0.129,0.0417,0.0013,1.0069,stable
2026-01-01 00:18:56,23.520004,87.309993,-0.0037,0.0552,0.9958,0.609,0.588,0.898,0.0483,-0.0481,1.0018,stable
2026-01-01 00:18:57,23.519988,87.309995,0.0026,-0.0233,0.9909,0.905,-0.284,0.523,0.0306,0.0968,1.0282,stable
2026-01-01 00:18:58,23.520022,87.309994,-0.0121,-0.0110,1.0049,-0.309,0.870,-0.389,0.0178,-0.0606,0.9917,stable
2026-01-01 00:18:59,23.519999,87.310007,0.0660,0.0193,1.0090,1.239,0.619,0.428,-0.0565,-0.0371,1.0113,stable
2026-01-01 00:19:00,23.519985,87.310003,0.0129,0.0364,1.0159,0.244,-0.519,1.061,0.0191,0.0237,1.0312,stable
2026-01-01 00:19:01,23.519995,87.310008,0.0242,0.0259,1.0066,0.152,0.072,0.952,0.0241,0.0548,0.9611,stable
2026-01-01 00:19:02,23.519986,87.309991,-0.0003,0.0221,0.9927,-0.370,-0.290,0.814,0.0375,-0.0062,1.0357,stable
2026-01-01 00:19:03,23.520013,87.309993,-0.0408,0.0021,1.0262,1.105,0.841,-0.518,0.0244,-0.0207,0.9826,stable
2026-01-01 00:19:04,23.519984,87.310007,0.0592,0.0253,1.0146,0.404,0.150,0.604,0.0249,0.0634,1.0065,stable
2026-01-01 00:19:05,23.520010,87.310003,0.0064,0.0169,1.0040,1.102,-0.266,1.122,0.0381,0.0296,1.0242,stable
2026-01-01 00:19:06,23.519989,87.310015,-0.0041,0.0109,0.9841,0.858,-0.388,-0.974,-0.0145,-0.0682,0.9591,stable
2026-01-01 00:19:07,23.519993,87.310005,0.0116,-0.0007,1.0318,-1.859,0.438,-0.315,0.0243,0.0945,1.0398,stable
2026-01-01 00:19:08,23.519990,87.309998,0.0252,0.0540,0.9975,0.991,0.762,0.184,0.0109,0.0359,0.9847,stable
2026-01-01 00:19:09,23.519999,87.310008,0.0248,-0.0507,0.9845,-0.482,0.252,1.313,-0.0262,0.0459,0.9507,stable
2026-01-01 00:19:10,23.519988,87.310007,0.0366,-0.0446,0.9816,-0.474,-0.750,0.202,-0.0420,0.0205,0.9616,stable
2026-01-01 00:19:11,23.520006,87.310011,0.0565,-0.0255,0.9912,0.186,-0.313,0.025,0.0297,-0.0678,0.9651,stable
2026-01-01 00:19:12,23.520015,87.309981,0.0261,0.0029,1.0218,0.610,1.673,0.330,-0.0238,-0.0786,0.9866,stable
2026-01-01 00:19:13,23.520005,87.310013,0.0205,0.0361,1.0274,0.596,1.191,-0.316,0.0308,0.0398,0.9289,stable
2026-01-01 00:19:14,23.520002,87.310014,-0.0053,0.0513,1.0285,1.154,-0.277,-0.199,-0.0249,0.0885,1.0125,stable
2026-01-01 00:19:15,23.520001,87.309994,0.0404,-0.0318,0.9600,-0.221,0.119,0.284,0.0416,-0.0510,0.9751,stable
2026-01-01 00:19:16,23.519995,87.309998,0.0079,0.0007,0.9803,-0.258,1.235,0.597,0.0051,-0.0523,0.9949,stable
2026-01-01 00:19:17,23.520011,87.310013,-0.0195,0.0212,0.9871,1.927,1.422,1.017,0.0249,-0.0248,1.0305,stable
2026-01-01 00:19:18,23.520003,87.309981,0.0062,0.0756,1.0257,1.061,1.447,1.116,0.0184,-0.0390,1.0070,stable
2026-01-01 00:19:19,23.519995,87.310005,0.0149,0.0414,1.0038,0.689,0.684,0.999,0.0512,-0.0517,1.0682,stable
2026-01-01 00:19:20,23.519998,87.310002,0.0077,0.0022,1.0000,0.354,0.033,-0.089,0.0317,-0.0031,0.9927,stable
2026-01-01 00:19:21,23.519995,87.309995,0.0239,0.0093,0.9919,0.520,-0.565,0.244,0.0133,0.0383,0.9982,stable
2026-01-01 00:19:22,23.520006,87.310008,0.0442,-0.0219,0.9897,0.045,0.180,0.896,-0.0282,0.0566,0.9648,stable
2026-01-01 00:19:23,23.519987,87.309979,-0.0128,0.0595,1.0254,0.642,0.015,-0.192,0.0441,0.0101,0.9975,stable
2026-01-01 00:19:24,23.520016,87.310017,-0.0285,0.0660,1.0238,-0.356,0.822,0.826,-0.0017,0.0522,1.0912,stable
2026-01-01 00:19:25,23.519992,87.310005,0.0235,-0.0034,1.0119,1.079,0.994,0.158,-0.0312,0.0251,1.0311,stable
2026-01-01 00:19:26,23.520004,87.310010,0.0442,-0.0117,0.9994,0.302,-0.181,0.060,0.0121,0.0369,0.9971,stable
2026-01-01 00:19:27,23.520005,87.309993,0.0253,0.0431,1.0114,-1.000,-0.494,0.667,0.0960,-0.0231,1.0023,stable
2026-01-01 00:19:28,23.519978,87.309998,0.0656,0.0379,0.9761,1.215,-0.358,0.355,0.0016,0.0319,1.0377,stable
2026-01-01 00:19:29,23.519999,87.309984,0.0010,-0.0366,1.0065,0.013,-1.038,0.728,0.0532,-0.0203,1.0381,stable
2026-01-01 00:19:30,23.520007,87.310014,0.0120,0.0186,1.0141,0.542,0.257,0.402,-0.0340,0.0069,0.9775,stable
2026-01-01 00:19:31,23.519971,87.309985,0.0284,-0.0460,1.0333,1.187,0.384,-0.107,0.0280,-0.0218,1.0387,stable
2026-01-01 00:19:32,23.520017,87.310010,0.0329,0.0503,1.0016,1.579,0.241,0.169,0.0122,-0.0461,1.0763,stable
2026-01-01 00:19:33,23.519994,87.309995,0.0246,0.0511,1.0196,0.255,-0.343,-0.004,-0.0174,0.0414,1.0011,stable
2026-01-01 00:19:34,23.519986,87.309991,0.0113,0.0436,0.9920,0.237,0.258,0.915,0.0888,0.0499,1.0168,stable
2026-01-01 00:19:35,23.520003,87.309998,-0.0288,-0.0666,0.9889,-0.335,-0.364,0.202,0.0747,0.0753,0.9903,stable
2026-01-01 00:19:36,23.519986,87.309999,0.0003,-0.0076,0.9829,-1.033,0.681,1.015,-0.0141,-0.0201,1.0187,stable
2026-01-01 00:19:37,23.520019,87.309992,0.0323,0.0291,1.0380,0.221,-0.180,-0.094,0.0374,-0.0861,1.0415,stable
2026-01-01 00:19:38,23.520012,87.309998,-0.0140,0.0061,1.0250,1.194,-0.182,0.157,-0.0047,0.0327,0.9854,stable
2026-01-01 00:19:39,23.519995,87.310000,-0.0380,-0.0325,1.0032,0.380,-0.285,-0.744,-0.0239,0.0603,1.0319,stable
2026-01-01 00:19:40,23.520011,87.309988,-0.0223,0.0428,0.9973,1.537,0.585,0.860,0.0926,0.0447,1.0459,stable
2026-01-01 00:19:41,23.519994,87.310005,0.0483,-0.0171,1.0136,1.531,-0.092,-0.023,0.0201,0.1134,0.9864,stable
2026-01-01 00:19:42,23.520010,87.309986,0.0253,-0.0066,1.0284,1.225,-0.305,0.712,0.0426,0.0109,1.0471,stable
2026-01-01 00:19:43,23.519997,87.310001,-0.0329,0.0291,1.0029,0.106,0.782,0.153,0.0447,0.0056,0.9971,stable
2026-01-01 00:19:44,23.519988,87.309990,0.0627,0.0477,1.0144,0.187,-0.445,1.078,0.0273,-0.0844,1.0037,stable
2026-01-01 00:19:45,23.519996,87.310009,0.0176,-0.0332,1.0090,-0.133,0.687,1.018,0.0617,0.0561,0.9745,stable
2026-01-01 00:19:46,23.520004,87.309998,-0.0193,0.0161,1.0300,0.078,-0.714,0.205,0.0290,0.0295,0.9920,stable
2026-01-01 00:19:47,23.520008,87.309991,0.0227,0.0053,1.0141,-0.382,1.414,-0.501,-0.0585,0.0267,0.9889,stable
2026-01-01 00:19:48,23.519983,87.310009,0.0879,0.0336,1.0065,0.000,-0.786,1.363,0.0801,0.0178,0.9990,stable
2026-01-01 00:19:49,23.520009,87.309982,-0.0335,0.0409,1.0238,0.423,0.253,-0.092,-0.0135,0.0194,1.0448,stable
2026-01-01 00:19:50,23.519981,87.309997,0.0046,0.0266,1.0192,0.904,-1.057,0.038,0.0241,-0.0161,1.0406,stable
2026-01-01 00:19:51,23.519999,87.309990,0.0251,0.0065,1.0155,0.408,-0.385,1.066,-0.0062,-0.0287,0.9931,stable
2026-01-01 00:19:52,23.520017,87.309996,-0.0045,0.0552,0.9956,1.764,1.759,1.555,-0.0379,0.0312,0.9823,stable
2026-01-01 00:19:53,23.520005,87.310012,-0.0350,0.0640,1.0144,0.790,-0.050,-0.123,0.0385,0.0095,1.0403,stable
2026-01-01 00:19:54,23.520008,87.309984,0.0227,0.0036,1.0243,0.903,0.414,-0.287,-0.0198,0.0226,1.0160,stable
2026-01-01 00:19:55,23.520018,87.309990,0.0104,-0.0718,0.9696,0.430,1.739,-1.253,0.0256,0.0580,0.9875,stable
2026-01-01 00:19:56,23.520014,87.309996,0.0170,0.0147,0.9920,0.341,-0.184,-0.054,0.0381,0.0622,1.0003,stable
2026-01-01 00:19:57,23.519994,87.309982,0.0001,0.0104,0.9944,0.581,1.254,1.126,0.0521,0.0165,1.0294,stable
2026-01-01 00:19:58,23.520004,87.310000,0.0158,0.0354,1.0260,0.203,0.341,0.570,0.0569,-0.0020,1.0012,stable
2026-01-01 00:19:59,23.520005,87.310009,-0.0052,-0.0094,1.0339,1.227,-0.477,0.284,0.0801,-0.0575,0.9954,stable
2026-01-01 00:20:00,23.519983,87.309999,-0.0009,-0.0169,1.0248,0.273,-0.492,-0.137,0.0103,-0.0039,1.0111,stable
2026-01-01 00:20:01,23.520001,87.309997,-0.0034,0.0232,0.9775,-0.150,2.261,-0.088,0.0498,-0.0009,1.0263,stable
2026-01-01 00:20:02,23.519987,87.309994,0.0115,-0.0499,1.0362,0.733,-0.815,-0.513,-0.0112,0.0194,1.0392,stable
2026-01-01 00:20:03,23.520006,87.309991,-0.0234,0.0134,1.0334,0.043,-0.345,0.048,-0.0223,0.0379,0.9785,stable
2026-01-01 00:20:04,23.520005,87.309995,0.0239,-0.0112,1.0293,0.333,0.911,0.611,-0.0461,-0.0342,0.9830,stable
2026-01-01 00:20:05,23.520010,87.310009,-0.0381,-0.0059,1.0112,0.646,0.866,0.379,0.0546,-0.0112,0.9780,stable
2026-01-01 00:20:06,23.520009,87.310008,0.0361,-0.0043,0.9822,0.889,-0.004,0.874,0.0770,0.0153,0.9969,stable
2026-01-01 00:20:07,23.519990,87.310005,-0.0429,-0.0057,1.0036,-0.045,-0.730,-0.049,0.0953,-0.0157,0.9776,stable
2026-01-01 00:20:08,23.519992,87.309996,0.0271,0.0597,0.9985,-0.134,0.254,-0.165,-0.0124,0.0858,1.0253,stable
2026-01-01 00:20:09,23.519965,87.310001,-0.0050,0.0075,1.0256,-0.164,0.922,-0.858,0.0008,0.0064,1.0532,stable
2026-01-01 00:20:10,23.520004,87.310006,0.0061,-0.0516,1.0085,0.996,1.146,0.402,-0.0456,-0.0166,0.9980,stable
2026-01-01 00:20:11,23.520001,87.309986,0.0210,0.0101,0.9918,0.033,1.129,0.244,-0.0090,0.0201,0.9976,stable
2026-01-01 00:20:12,23.520005,87.309999,0.0314,0.0171,1.0151,1.274,1.124,0.021,-0.0243,-0.0425,1.0190,stable
2026-01-01 00:20:13,23.520005,87.310000,0.0020,0.0351,1.0202,0.742,1.227,0.886,-0.0425,0.0361,0.9717,stable
2026-01-01 00:20:14,23.520001,87.309977,0.0285,0.0517,1.0047,-0.390,-0.071,-0.163,0.0603,-0.0085,0.9881,stable
2026-01-01 00:20:15,23.519987,87.310001,0.0012,0.0142,0.9913,0.761,0.600,-0.656,0.0025,-0.0006,1.0061,stable
2026-01-01 00:20:16,23.519986,87.309976,0.0295,0.0320,1.0355,-0.668,-0.375,-0.827,0.0959,0.0014,0.9649,stable
2026-01-01 00:20:17,23.520007,87.309990,-0.0299,0.0218,1.0340,0.137,-0.020,-0.436,0.0360,0.0169,1.0195,stable
2026-01-01 00:20:18,23.519998,87.310010,-0.0019,0.0327,0.9960,0.866,0.046,1.634,0.0341,0.0680,0.9884,stable
2026-01-01 00:20:19,23.520005,87.310009,0.0016,0.0005,1.0154,1.303,1.305,0.525,0.0770,0.0390,1.0327,stable
2026-01-01 00:20:20,23.520001,87.309998,0.0171,0.0275,1.0035,0.971,-0.126,0.142,0.0977,0.0435,0.9726,stable
2026-01-01 00:20:21,23.519994,87.309998,-0.0088,0.0120,1.0127,-0.790,-0.477,0.618,0.0671,-0.0143,0.9763,stable
2026-01-01 00:20:22,23.519999,87.310003,-0.0272,0.0279,1.0253,-0.064,0.523,0.242,0.0637,0.0748,1.0370,stable
2026-01-01 00:20:23,23.520011,87.310010,0.0394,0.0184,0.9699,0.355,2.037,0.445,0.0314,-0.0340,1.0296,stable
2026-01-01 00:20:24,23.520000,87.309996,0.0340,0.0428,0.9821,0.830,-0.801,-0.097,0.0253,0.0776,1.0197,stable
2026-01-01 00:20:25,23.519997,87.309994,0.0195,0.0438,1.0118,1.265,0.343,0.467,0.0952,0.0389,0.9906,stable
2026-01-01 00:20:26,23.519999,87.310008,0.0209,-0.0057,1.0042,-0.090,0.098,-0.496,0.0083,-0.0109,1.0262,stable
2026-01-01 00:20:27,23.520003,87.310005,0.0178,0.0320,1.0043,-1.052,0.549,0.805,0.0575,-0.0656,0.9906,stable
2026-01-01 00:20:28,23.519991,87.310004,0.0204,0.0011,0.9836,0.977,-0.784,0.074,0.0196,0.0553,1.0020,stable
2026-01-01 00:20:29,23.520004,87.309994,0.0500,0.0137,0.9733,0.708,0.094,-0.043,0.0179,0.0230,0.9856,stable
2026-01-01 00:20:30,23.519977,87.309994,0.0583,0.0317,1.0034,-0.056,-0.165,0.679,0.0186,0.0298,1.0075,stable
2026-01-01 00:20:31,23.519997,87.309991,-0.0077,0.0210,0.9923,-0.926,1.024,-0.034,-0.0771,-0.0598,0.9810,stable
2026-01-01 00:20:32,23.520004,87.310013,-0.0068,-0.0385,0.9891,0.157,1.094,0.022,0.0304,0.0219,1.0309,stable
2026-01-01 00:20:33,23.520003,87.309999,0.0368,0.0241,1.0232,1.568,1.465,0.041,-0.0257,-0.0148,1.0725,stable
2026-01-01 00:20:34,23.519998,87.310001,-0.0008,-0.0521,1.0188,1.547,0.212,0.889,0.0254,-0.0587,1.0012,stable
2026-01-01 00:20:35,23.519998,87.310003,0.0204,0.0362,1.0348,0.622,0.052,0.032,0.1032,-0.0245,1.0477,stable
2026-01-01 00:20:36,23.520001,87.310015,0.0152,-0.0271,0.9690,0.539,-0.557,0.402,0.0335,0.1163,0.9974,stable
2026-01-01 00:20:37,23.519988,87.309982,-0.0402,0.0441,0.9973,-1.057,2.104,-0.029,0.0448,-0.0060,1.0386,stable
2026-01-01 00:20:38,23.519980,87.310006,-0.0072,0.0403,1.0280,-0.510,0.648,0.141,0.0203,0.0492,1.0478,stable
2026-01-01 00:20:39,23.520003,87.309989,0.0205,0.0600,1.0286,-0.280,1.226,0.637,0.0665,0.0464,1.0210,stable
2026-01-01 00:20:40,23.520012,87.309991,-0.0298,-0.0166,0.9876,0.751,0.040,0.136,-0.0215,0.0708,0.9971,stable
2026-01-01 00:20:41,23.519988,87.310003,0.0178,-0.0170,1.0308,1.787,0.509,-0.385,0.0107,0.0245,1.0339,stable
2026-01-01 00:20:42,23.520004,87.310007,0.0511,-0.0165,0.9885,0.102,0.565,0.943,-0.0042,0.0521,0.9779,stable
2026-01-01 00:20:43,23.519995,87.309987,-0.0331,0.0538,0.9914,1.449,-0.151,0.528,0.0129,0.0698,1.0351,stable
2026-01-01 00:20:44,23.519999,87.310003,0.0534,0.0148,1.0156,1.120,0.212,0.296,-0.0566,-0.0267,1.0273,stable
2026-01-01 00:20:45,23.520008,87.309984,-0.0087,0.0185,1.0278,0.182,-0.943,-0.587,0.0381,0.0385,0.9329,stable
2026-01-01 00:20:46,23.520000,87.309989,-0.0130,-0.0025,1.0003,0.204,0.829,0.608,-0.0286,0.0177,0.9642,stable
2026-01-01 00:20:47,23.520013,87.309985,-0.0173,0.0730,1.0054,0.002,0.591,1.157,0.0468,-0.0075,1.0148,stable
2026-01-01 00:20:48,23.520000,87.310013,0.0374,0.0271,1.0076,1.256,1.802,0.135,0.0514,0.0277,1.0198,stable
2026-01-01 00:20:49,23.520005,87.310006,0.0189,0.0103,1.0086,0.042,1.539,0.614,-0.0697,0.0237,1.0017,stable
2026-01-01 00:20:50,23.520005,87.310006,-0.0337,0.0001,0.9868,1.620,-0.050,0.671,-0.0152,-0.0021,1.0060,stable
2026-01-01 00:20:51,23.520004,87.309967,0.0046,0.0253,0.9652,-0.874,-1.058,-0.814,-0.0351,-0.0008,0.9623,stable
2026-01-01 00:20:52,23.520000,87.310027,-0.0180,0.0374,0.9649,-0.133,0.770,0.429,0.0071,-0.0017,1.0222,stable
2026-01-01 00:20:53,23.520014,87.310011,0.0415,0.0042,0.9795,0.814,-0.450,0.304,0.0052,-0.0221,0.9970,stable
2026-01-01 00:20:54,23.520004,87.310002,0.0106,0.0022,1.0159,0.569,-1.139,0.364,0.0515,-0.0383,1.0309,stable
2026-01-01 00:20:55,23.520009,87.309999,0.0439,0.0445,1.0168,0.702,-0.093,-0.188,0.0503,0.0521,0.9928,stable
2026-01-01 00:20:56,23.519997,87.310009,-0.0275,0.0545,1.0097,-0.426,0.002,0.033,0.0182,0.0226,0.9939,stable
2026-01-01 00:20:57,23.520002,87.309996,0.0442,-0.0211,1.0288,1.802,-0.960,-0.228,0.0054,0.0477,1.0206,stable
2026-01-01 00:20:58,23.520001,87.309998,0.0553,0.0554,0.9845,1.370,-0.684,0.458,-0.0022,-0.0392,1.0293,stable
2026-01-01 00:20:59,23.520003,87.309993,0.0505,0.0133,1.0114,-0.753,0.575,0.551,0.0332,0.0447,1.0498,stable
2026-01-01 00:21:00,23.519981,87.310009,0.0033,-0.0199,0.9806,-0.227,-0.220,0.523,0.0331,0.0103,0.9908,stable
2026-01-01 00:21:01,23.520019,87.309975,0.0134,-0.0234,1.0004,0.557,0.447,-1.444,0.0632,0.0193,0.9822,stable
2026-01-01 00:21:02,23.519992,87.309970,0.0574,0.0560,1.0212,1.185,-0.010,0.247,0.0115,0.0289,0.9848,stable
2026-01-01 00:21:03,23.520000,87.310000,0.0329,0.0165,0.9980,-1.407,1.226,0.468,0.0270,0.0820,0.9900,stable
2026-01-01 00:21:04,23.519992,87.310011,-0.0228,0.0450,1.0311,1.496,0.113,-0.094,0.0411,-0.0193,1.0083,stable
2026-01-01 00:21:05,23.520009,87.310000,-0.0205,0.0326,0.9930,-1.583,1.448,0.488,-0.0128,0.0297,0.9863,stable
2026-01-01 00:21:06,23.519997,87.310005,0.0353,0.0704,1.0463,1.091,1.342,-0.748,0.0402,-0.0341,0.9850,stable
2026-01-01 00:21:07,23.519998,87.309987,-0.0230,0.0398,1.0175,-0.970,0.330,0.725,-0.0235,-0.0361,1.0013,stable
2026-01-01 00:21:08,23.520009,87.309991,0.0017,0.0246,1.0275,0.115,-0.838,1.303,0.0469,-0.0160,0.9921,stable
2026-01-01 00:21:09,23.520003,87.309993,0.0525,0.0522,1.0121,-0.182,0.118,-0.471,0.0523,0.0592,1.0195,stable
2026-01-01 00:21:10,23.520001,87.309999,0.0525,-0.0346,1.0101,-0.887,0.183,-0.316,0.0455,-0.0048,1.0618,stable
2026-01-01 00:21:11,23.519992,87.310004,0.0353,0.0769,0.9809,1.218,0.552,-0.141,-0.0190,0.0067,1.0402,stable
2026-01-01 00:21:12,23.520003,87.310015,0.0100,0.0103,0.9894,0.746,-0.831,0.271,0.0717,0.0416,1.0251,stable
2026-01-01 00:21:13,23.520000,87.310011,-0.0198,0.0249,0.9789,0.854,-0.162,0.193,0.0644,-0.0250,1.0843,stable
2026-01-01 00:21:14,23.519995,87.310012,0.0380,0.0374,1.0051,0.880,0.892,0.478,0.0219,0.0079,0.9740,stable
2026-01-01 00:21:15,23.519990,87.310000,0.0387,0.0587,0.9829,-0.487,0.606,0.600,0.0010,0.0073,1.0780,stable
2026-01-01 00:21:16,23.519994,87.309990,-0.0280,0.0467,1.0293,1.335,0.200,0.035,0.0168,-0.0651,0.9815,stable
2026-01-01 00:21:17,23.520004,87.310001,0.0102,0.0199,1.0510,0.500,-0.344,0.645,0.0840,0.0729,0.9720,stable
2026-01-01 00:21:18,23.519994,87.309989,0.0260,-0.0205,1.0040,0.954,0.636,-0.521,0.0692,-0.0065,1.0620,stable
2026-01-01 00:21:19,23.520013,87.310013,-0.0039,0.0040,0.9988,0.359,-0.532,0.294,0.0185,-0.0638,0.9956,stable
2026-01-01 00:21:20,23.519993,87.310019,-0.0331,-0.0180,1.0067,0.813,1.607,1.358,0.0261,-0.0059,1.0127,stable
2026-01-01 00:21:21,23.520013,87.310023,-0.0108,-0.0154,0.9951,0.447,-0.020,-0.371,0.0765,0.0048,0.9984,stable
2026-01-01 00:21:22,23.520014,87.310001,0.0369,-0.0007,1.0140,1.737,-1.825,0.302,0.0502,0.0327,0.9816,stable
2026-01-01 00:21:23,23.520008,87.310012,-0.0038,0.0167,0.9833,0.355,0.495,-0.778,-0.0276,0.0365,1.0053,stable
2026-01-01 00:21:24,23.519987,87.309997,0.0023,-0.0002,0.9761,-0.607,0.126,-0.454,0.0007,0.0018,0.9936,stable
2026-01-01 00:21:25,23.519997,87.309989,-0.0255,0.0187,1.0090,-0.425,-0.705,1.102,-0.0593,-0.0210,1.0413,stable
2026-01-01 00:21:26,23.520017,87.310017,0.0566,0.0579,1.0055,1.035,-0.617,-0.776,-0.0172,0.0177,1.0152,stable
2026-01-01 00:21:27,23.519998,87.310024,0.0176,0.0350,0.9950,0.614,-0.402,0.357,-0.0215,0.1074,0.9815,stable
2026-01-01 00:21:28,23.519996,87.309986,0.0313,0.0312,0.9756,1.358,0.982,0.611,-0.0256,0.0046,1.0352,stable
2026-01-01 00:21:29,23.519987,87.309994,0.0224,0.0575,1.0416,1.294,-1.087,0.568,0.0831,-0.0449,1.0087,stable
2026-01-01 00:21:30,23.519999,87.310005,0.0273,-0.0128,1.0022,0.732,-0.304,0.282,-0.0024,0.0274,0.9977,stable
2026-01-01 00:21:31,23.519992,87.310008,-0.0263,0.0605,1.0118,0.688,1.826,-0.355,-0.0648,0.0676,0.9914,stable
2026-01-01 00:21:32,23.520013,87.310015,-0.0034,0.0155,1.0218,-0.227,1.428,0.239,0.0141,0.0561,1.0288,stable
2026-01-01 00:21:33,23.519994,87.310006,0.0568,0.0074,0.9930,1.005,-1.133,1.120,0.0813,-0.0176,0.9899,stable
2026-01-01 00:21:34,23.520009,87.310003,-0.0279,-0.0058,1.0140,-1.562,-0.677,-0.664,-0.0313,0.0295,1.0001,stable
2026-01-01 00:21:35,23.519996,87.310002,0.0263,0.0481,0.9840,1.834,0.372,0.034,-0.0062,0.0037,1.0171,stable
2026-01-01 00:21:36,23.519992,87.310004,0.0899,0.0189,1.0082,0.715,0.274,-0.827,0.0162,-0.0180,0.9976,stable
2026-01-01 00:21:37,23.520018,87.310008,0.0451,-0.0274,1.0073,-0.335,-0.062,0.392,0.0135,0.1151,1.0070,stable
2026-01-01 00:21:38,23.519997,87.309975,0.0246,-0.0228,1.0223,0.868,-1.075,1.347,0.0608,0.0126,0.9980,stable
2026-01-01 00:21:39,23.520003,87.309992,0.0459,-0.0043,0.9979,1.196,-0.316,1.752,0.0316,-0.0481,0.9807,stable
2026-01-01 00:21:40,23.520005,87.309995,0.0269,-0.0004,0.9855,0.230,1.294,0.842,0.0283,0.0324,1.0471,stable
2026-01-01 00:21:41,23.519998,87.310018,-0.0289,-0.0258,1.0074,0.234,0.550,1.564,0.0347,-0.0389,1.0200,stable
2026-01-01 00:21:42,23.520002,87.310002,-0.0014,0.0401,0.9915,1.094,0.534,-0.183,-0.0075,-0.0115,1.0270,stable
2026-01-01 00:21:43,23.520006,87.310006,-0.0209,-0.0141,1.0015,-0.004,-0.940,0.264,0.0108,-0.0438,0.9614,stable
2026-01-01 00:21:44,23.520003,87.310002,0.0571,0.0427,1.0140,0.532,0.286,-0.013,0.0475,0.0716,0.9985,stable
2026-01-01 00:21:45,23.520005,87.310001,0.0207,0.0061,0.9876,1.843,1.428,-0.159,0.0396,0.0275,1.0179,stable
2026-01-01 00:21:46,23.520007,87.310008,-0.0058,0.0611,0.9670,0.812,0.471,-0.729,0.0542,0.0292,1.0042,stable
2026-01-01 00:21:47,23.520004,87.309999,-0.0037,0.0685,0.9680,-0.631,0.231,1.074,0.0105,0.0081,1.0022,stable
2026-01-01 00:21:48,23.519983,87.310001,-0.0014,-0.0435,0.9820,1.514,-0.229,-0.259,-0.0024,0.0435,1.0107,stable
2026-01-01 00:21:49,23.519996,87.310010,0.0168,0.0524,1.0024,0.115,1.521,0.295,0.0153,0.0135,0.9792,stable
2026-01-01 00:21:50,23.520008,87.309993,-0.0314,0.0101,1.0057,-0.708,0.002,1.488,-0.0355,0.0512,1.0014,stable
2026-01-01 00:21:51,23.519986,87.310009,0.0079,0.0134,0.9890,1.112,0.759,0.677,0.0306,0.0210,1.0382,stable
2026-01-01 00:21:52,23.519987,87.309993,-0.0104,0.0310,1.0358,1.314,0.663,0.085,-0.0266,0.0743,1.0182,stable
2026-01-01 00:21:53,23.520011,87.309998,0.0600,-0.0036,0.9555,-0.511,0.044,0.993,0.0557,0.0061,1.0080,stable
2026-01-01 00:21:54,23.519990,87.310001,0.0251,-0.0023,1.0008,-0.633,-0.813,0.597,0.0302,-0.0073,1.0222,stable
2026-01-01 00:21:55,23.519996,87.310010,0.0380,0.0163,1.0146,2.163,0.166,-0.101,0.0264,-0.0183,1.0125,stable
2026-01-01 00:21:56,23.520000,87.309997,0.0767,0.0278,0.9811,0.322,0.367,0.292,-0.0317,0.0559,0.9921,stable
2026-01-01 00:21:57,23.520006,87.310004,0.0076,-0.0045,1.0182,1.758,0.062,1.111,0.1055,-0.0088,0.9685,stable
2026-01-01 00:21:58,23.520013,87.310000,0.0477,0.0083,1.0273,1.289,0.862,-0.299,-0.0053,0.0211,1.0163,stable
2026-01-01 00:21:59,23.519998,87.309990,-0.0396,0.0303,0.9676,0.972,-0.019,0.194,-0.0254,0.0256,1.0414,stable
2026-01-01 00:22:00,23.520011,87.310000,0.0382,0.0269,1.0256,-0.105,0.142,-1.145,0.0600,0.0729,1.0332,stable
2026-01-01 00:22:01,23.519994,87.309987,0.0677,0.0201,0.9853,-0.313,-0.102,-0.489,-0.0450,0.0429,0.9902,stable
2026-01-01 00:22:02,23.519991,87.310009,0.0498,0.0316,0.9966,0.044,-0.539,0.149,0.0009,0.0037,1.0138,stable
2026-01-01 00:22:03,23.520010,87.309996,0.0336,-0.0412,0.9968,0.036,-0.442,0.054,0.0626,-0.0018,0.9577,stable
2026-01-01 00:22:04,23.520003,87.309992,0.0401,0.0058,1.0148,-0.109,0.258,0.234,-0.0058,0.0627,1.0152,stable
2026-01-01 00:22:05,23.519992,87.309987,-0.0256,0.0179,1.0362,0.880,0.141,0.908,0.0130,0.0421,1.0393,stable
2026-01-01 00:22:06,23.519995,87.309999,-0.0504,0.0472,0.9911,0.413,0.408,0.815,0.0581,0.0258,1.0083,stable
2026-01-01 00:22:07,23.520003,87.310014,-0.0028,0.0151,1.0159,-0.544,0.546,-0.028,0.0392,-0.0060,1.0052,stable
2026-01-01 00:22:08,23.520001,87.309995,0.0376,0.0270,1.0211,0.771,1.445,0.475,-0.0148,0.0227,0.9916,stable
2026-01-01 00:22:09,23.519990,87.309987,0.0660,0.0427,1.0207,0.602,0.771,0.276,-0.0158,-0.0090,1.0327,stable
2026-01-01 00:22:10,23.519999,87.309989,-0.0146,0.0405,1.0125,0.369,-0.684,0.995,0.0658,0.0084,1.0551,stable
2026-01-01 00:22:11,23.519981,87.310009,0.0271,0.0324,1.0285,-0.136,0.980,0.695,-0.0202,0.0147,0.9840,stable
2026-01-01 00:22:12,23.520010,87.309984,0.0428,-0.0063,1.0021,-0.547,1.132,0.452,0.0108,-0.0249,1.0039,stable
2026-01-01 00:22:13,23.520006,87.309996,0.0645,0.0107,1.0330,0.683,1.506,0.109,-0.0025,-0.0008,1.0147,stable
2026-01-01 00:22:14,23.520014,87.310001,-0.0086,0.0350,1.0154,1.471,1.539,0.597,0.0405,0.0319,1.0200,stable
2026-01-01 00:22:15,23.520003,87.310004,-0.0092,-0.0141,0.9804,0.831,-0.371,-0.830,-0.0473,-0.0602,0.9783,stable
2026-01-01 00:22:16,23.520024,87.309998,-0.0214,-0.0212,1.0157,0.418,0.989,0.333,0.0028,-0.0339,0.9849,stable
2026-01-01 00:22:17,23.520007,87.309996,0.0338,0.0639,1.0502,0.245,0.807,0.163,0.0088,0.0253,0.9896,stable
2026-01-01 00:22:18,23.520000,87.310007,0.0368,-0.0381,1.0074,1.161,-1.040,-0.377,0.0106,-0.0297,1.0336,stable
2026-01-01 00:22:19,23.520008,87.309997,-0.0511,-0.0099,0.9986,1.143,-1.152,-0.436,0.0273,-0.0152,1.0085,stable
2026-01-01 00:22:20,23.519984,87.309982,0.0008,0.0291,0.9923,0.874,-0.325,0.957,-0.0045,-0.0874,1.0083,stable
2026-01-01 00:22:21,23.520003,87.309999,0.0270,-0.0039,1.0172,-0.012,-1.335,-0.378,0.1003,-0.0195,1.0050,stable
2026-01-01 00:22:22,23.519991,87.310014,-0.0068,-0.0030,1.0293,-0.856,1.230,0.714,0.0893,0.0179,1.0365,stable
2026-01-01 00:22:23,23.519999,87.309989,0.0502,0.0355,1.0008,1.607,-0.324,2.263,0.0736,-0.0017,0.9900,stable
2026-01-01 00:22:24,23.520019,87.309986,0.0253,-0.0112,1.0008,0.321,0.034,-0.162,0.0065,0.0186,0.9941,stable
2026-01-01 00:22:25,23.519996,87.310012,0.0192,0.0060,1.0005,-0.171,0.688,0.065,0.0459,0.0413,0.9966,stable
2026-01-01 00:22:26,23.520007,87.309997,0.0308,0.0357,1.0215,1.052,-0.217,1.115,-0.0219,0.0103,1.0530,stable
2026-01-01 00:22:27,23.519988,87.310011,0.0256,0.0008,0.9942,-0.805,1.269,0.342,0.0416,-0.0631,1.0132,stable
2026-01-01 00:22:28,23.519990,87.310004,-0.0118,-0.0022,1.0015,-0.006,0.378,0.958,-0.0126,0.0800,1.0181,stable
2026-01-01 00:22:29,23.519983,87.310009,-0.0491,0.0754,1.0214,1.231,0.167,0.071,0.0407,0.0186,1.0157,stable
2026-01-01 00:22:30,23.520006,87.310006,-0.0038,0.0520,1.0151,1.043,0.412,1.127,0.0056,0.0790,1.0470,stable
2026-01-01 00:22:31,23.519988,87.309997,0.0058,0.0775,1.0047,0.879,-0.234,-0.163,0.0572,0.0720,1.0297,stable
2026-01-01 00:22:32,23.519995,87.309996,0.0062,-0.0464,1.0079,-0.027,-1.745,-0.535,0.0857,0.0001,0.9931,stable
2026-01-01 00:22:33,23.520006,87.309989,-0.0247,-0.0315,1.0179,1.279,0.267,0.205,-0.0117,0.0493,0.9831,stable
2026-01-01 00:22:34,23.520009,87.309985,0.0183,0.0333,0.9859,1.262,0.142,0.384,0.0249,0.0271,1.0079,stable
2026-01-01 00:22:35,23.520013,87.310001,0.0002,-0.0056,1.0069,-0.249,1.057,0.630,0.0282,0.0302,0.9638,stable
2026-01-01 00:22:36,23.520007,87.309999,0.0589,0.0015,0.9964,1.714,1.146,-0.354,-0.0484,-0.0425,1.0227,stable
2026-01-01 00:22:37,23.520020,87.310002,-0.0187,-0.0106,1.0369,0.778,0.849,0.146,0.0096,-0.0065,1.0591,stable
2026-01-01 00:22:38,23.519986,87.309999,0.0157,-0.0129,1.0244,1.953,0.205,-0.648,-0.0076,-0.0160,0.9760,stable
2026-01-01 00:22:39,23.519995,87.310010,0.0071,-0.0279,1.0267,-1.328,0.583,1.076,0.0421,-0.0025,1.0396,stable
2026-01-01 00:22:40,23.519982,87.310002,0.0546,0.0296,0.9900,-0.002,-0.551,0.574,0.0359,-0.0197,1.0140,stable
2026-01-01 00:22:41,23.519981,87.310002,-0.0282,0.0098,1.0081,-0.101,-0.309,0.626,0.0836,0.0397,0.9964,stable
2026-01-01 00:22:42,23.520005,87.309990,0.0078,0.0201,0.9977,1.048,0.496,-0.752,-0.0120,0.0692,0.9912,stable
2026-01-01 00:22:43,23.520008,87.309999,0.0036,-0.0494,0.9866,1.083,2.151,0.373,0.0717,0.0497,0.9920,stable
2026-01-01 00:22:44,23.519995,87.310011,0.0030,0.0270,1.0054,0.774,0.764,-0.098,0.0274,0.0706,1.0100,stable
2026-01-01 00:22:45,23.519996,87.309999,0.0021,-0.0132,1.0471,-0.206,-1.452,0.844,-0.0225,0.0431,0.9897,stable
2026-01-01 00:22:46,23.519989,87.309995,0.0189,0.0296,0.9832,1.327,0.823,0.266,-0.0031,-0.0196,0.9844,stable
2026-01-01 00:22:47,23.520004,87.309991,-0.0578,-0.0213,0.9991,0.168,1.312,-0.960,0.0746,-0.0071,1.0361,stable
2026-01-01 00:22:48,23.519998,87.310005,0.0581,0.0400,1.0011,1.520,-0.042,0.415,-0.0375,0.0236,1.0207,stable
2026-01-01 00:22:49,23.520001,87.310017,0.0393,0.0173,0.9781,2.126,-0.515,-0.030,0.0583,-0.0066,1.0071,stable
2026-01-01 00:22:50,23.519989,87.310006,-0.0055,0.0277,0.9931,-0.472,0.908,-0.909,-0.0321,0.0279,1.0015,stable
2026-01-01 00:22:51,23.519991,87.309991,0.0526,0.0699,1.0166,0.543,-0.447,0.967,0.0071,0.0171,0.9947,stable
2026-01-01 00:22:52,23.519987,87.309994,0.0465,0.0045,1.0299,0.120,-0.052,0.083,-0.0088,0.0319,1.0406,stable
2026-01-01 00:22:53,23.519991,87.310004,0.0401,0.0214,1.0148,0.656,-0.427,1.915,0.0514,-0.0290,1.0355,stable
2026-01-01 00:22:54,23.519988,87.309995,-0.0003,0.0378,1.0232,-0.243,0.569,-0.001,0.0453,0.0887,0.9744,stable
2026-01-01 00:22:55,23.519991,87.310000,0.0267,0.0449,0.9853,1.495,-0.834,-0.308,0.0210,0.0775,1.0182,stable
2026-01-01 00:22:56,23.519993,87.310002,0.0600,-0.0298,1.0066,-0.150,-0.747,-0.087,0.0095,0.0491,1.0105,stable
2026-01-01 00:22:57,23.520007,87.309977,0.0251,0.0565,1.0000,0.091,-1.265,0.059,0.0143,0.0451,1.0102,stable
2026-01-01 00:22:58,23.520010,87.309992,0.0467,0.0453,1.0248,1.060,0.491,0.810,-0.0106,0.0349,1.0411,stable
2026-01-01 00:22:59,23.519991,87.309987,0.0218,0.0218,0.9980,0.612,0.150,0.854,-0.0128,0.1017,1.0313,stable
2026-01-01 00:23:00,23.519983,87.309992,0.0459,0.0501,1.0003,1.352,1.160,-0.927,0.0370,0.0473,0.9828,stable
2026-01-01 00:23:01,23.519996,87.309988,-0.0059,0.0532,0.9602,0.086,0.926,-1.049,-0.0563,-0.0461,1.0087,stable
2026-01-01 00:23:02,23.519998,87.310007,0.0011,0.0383,1.0190,-0.369,0.099,0.603,-0.0042,0.0455,1.0529,stable
2026-01-01 00:23:03,23.520012,87.310013,0.0596,0.0233,1.0277,1.121,0.213,0.128,0.0229,0.0585,0.9798,stable
2026-01-01 00:23:04,23.519994,87.309983,-0.0293,0.0458,1.0080,0.991,-2.012,-0.325,-0.0332,0.0564,0.9870,stable
2026-01-01 00:23:05,23.520016,87.310006,0.0106,0.0164,0.9965,-0.414,0.524,0.085,0.0072,0.1416,0.9975,stable
2026-01-01 00:23:06,23.520007,87.310003,0.0305,-0.0428,1.0169,0.811,-0.707,0.112,0.0571,0.0430,1.0447,stable
2026-01-01 00:23:07,23.519983,87.310000,-0.0050,0.0762,1.0524,-0.034,0.582,0.469,-0.0825,0.0868,1.0245,stable
2026-01-01 00:23:08,23.520001,87.310007,0.0142,0.0457,1.0354,-0.031,-0.442,-1.117,0.0432,0.0936,1.0130,stable
2026-01-01 00:23:09,23.520009,87.309987,-0.0169,-0.0136,1.0470,0.600,0.114,0.373,0.0410,0.0061,1.0154,stable
2026-01-01 00:23:10,23.520002,87.309982,0.0185,0.0184,1.0051,0.440,0.061,-0.418,0.0069,0.0827,0.9947,stable
2026-01-01 00:23:11,23.519983,87.310002,0.0123,-0.0052,1.0115,1.597,-0.137,1.419,0.0865,0.0414,0.9912,stable
2026-01-01 00:23:12,23.519999,87.310021,-0.0355,0.0241,1.0449,-0.393,-0.655,0.024,0.0460,0.0703,1.0298,stable
2026-01-01 00:23:13,23.519988,87.310003,0.0107,-0.0118,1.0203,-0.038,0.982,0.969,-0.0071,-0.0114,1.0130,stable
2026-01-01 00:23:14,23.520008,87.310011,0.0279,-0.0256,0.9965,0.409,-0.350,0.204,0.0656,0.0086,0.9428,stable
2026-01-01 00:23:15,23.520001,87.309984,0.0305,0.0291,1.0126,0.622,1.241,0.441,0.0294,0.0125,0.9761,stable
2026-01-01 00:23:16,23.519983,87.309994,0.0146,0.0024,1.0502,1.781,1.004,0.675,-0.0169,-0.0098,0.9693,stable
2026-01-01 00:23:17,23.519994,87.309992,0.0469,-0.0047,0.9937,1.229,0.142,-1.050,0.0323,0.0268,1.0378,stable
2026-01-01 00:23:18,23.520016,87.309994,0.0151,0.0503,1.0082,0.659,-0.056,0.508,0.0342,-0.0112,0.9728,stable
2026-01-01 00:23:19,23.520021,87.309981,0.0659,0.0534,0.9910,0.384,1.034,1.770,0.0061,0.0566,1.0112,stable
2026-01-01 00:23:20,23.519988,87.310000,-0.0245,0.0099,0.9999,0.853,0.363,0.753,-0.0245,-0.0192,1.0258,stable
2026-01-01 00:23:21,23.520011,87.310005,0.0012,-0.0026,0.9812,-0.841,-0.607,0.737,0.0426,0.1090,0.9882,stable
2026-01-01 00:23:22,23.520001,87.310006,0.0449,-0.0041,1.0080,0.083,0.658,-0.864,0.0589,0.0052,1.0166,stable
2026-01-01 00:23:23,23.519995,87.309993,-0.0172,0.0274,1.0008,0.675,2.070,-0.461,0.0213,-0.0129,1.0223,stable
2026-01-01 00:23:24,23.520001,87.309984,-0.0112,0.0305,0.9757,0.839,0.976,0.670,-0.0388,-0.0360,0.9571,stable
2026-01-01 00:23:25,23.520003,87.309996,0.0350,-0.0311,1.0024,0.261,0.407,0.499,-0.0201,-0.0408,1.0274,stable
2026-01-01 00:23:26,23.519981,87.309996,0.0100,-0.0048,1.0087,0.585,0.013,0.723,-0.0434,-0.0083,1.0193,stable
2026-01-01 00:23:27,23.519982,87.309997,-0.0212,0.0377,0.9809,-0.175,0.269,0.300,0.0196,-0.0042,0.9961,stable
2026-01-01 00:23:28,23.520008,87.310003,0.0095,0.0271,1.0064,0.513,-0.181,1.425,-0.0208,-0.0420,1.0024,stable
2026-01-01 00:23:29,23.520002,87.309983,0.0082,0.0534,0.9980,1.960,0.291,-0.811,0.0494,0.0440,1.0237,stable
2026-01-01 00:23:30,23.520006,87.310012,0.0080,-0.0193,1.0116,0.654,0.924,0.677,0.0308,-0.0226,0.9880,stable
2026-01-01 00:23:31,23.519995,87.309997,-0.0553,0.0457,0.9960,-0.848,1.646,0.866,-0.0525,0.0396,0.9813,stable
2026-01-01 00:23:32,23.520008,87.309999,0.0101,-0.0006,1.0254,1.150,0.948,1.371,0.0466,0.0077,1.0092,stable
2026-01-01 00:23:33,23.519994,87.310001,0.0150,0.0579,0.9916,0.247,-0.991,0.966,0.0745,0.0164,1.0019,stable
2026-01-01 00:23:34,23.520000,87.310012,0.0195,0.0590,1.0282,0.813,1.008,0.361,-0.0048,0.0271,0.9685,stable
2026-01-01 00:23:35,23.520004,87.309990,0.0082,0.0342,0.9799,-0.266,0.749,0.911,0.0816,-0.0379,0.9546,stable
2026-01-01 00:23:36,23.519990,87.309982,0.0307,0.0648,0.9803,-0.760,0.260,1.372,-0.0509,0.0719,0.9861,stable
2026-01-01 00:23:37,23.519994,87.309993,0.0213,-0.0616,0.9940,1.733,0.736,1.048,0.0248,-0.0109,1.0168,stable
2026-01-01 00:23:38,23.520010,87.310007,-0.0647,0.0079,0.9997,0.271,-0.987,0.855,0.0356,-0.0026,0.9670,stable
2026-01-01 00:23:39,23.519999,87.310011,0.0049,-0.0208,1.0223,0.902,-0.424,0.802,0.1036,0.0184,0.9960,stable
2026-01-01 00:23:40,23.519996,87.309994,0.0203,-0.0295,0.9853,-0.375,0.777,-0.066,0.0176,0.0559,1.0052,stable
2026-01-01 00:23:41,23.519989,87.309992,0.0086,0.0020,0.9923,-1.809,0.500,-0.083,-0.0117,0.0393,1.0308,stable
2026-01-01 00:23:42,23.519995,87.310004,0.0418,-0.0166,1.0218,0.690,1.362,-0.828,-0.0285,0.0336,1.0229,stable
2026-01-01 00:23:43,23.519991,87.309999,0.0121,-0.0117,1.0147,1.578,0.926,0.292,-0.0492,0.0256,0.9812,stable
2026-01-01 00:23:44,23.520004,87.310000,-0.0235,0.0279,0.9807,-0.641,-0.053,-0.092,0.0745,0.0139,1.0279,stable
2026-01-01 00:23:45,23.519991,87.309997,0.0216,-0.0420,1.0053,-1.093,0.977,0.659,0.0073,0.0580,1.0281,stable
2026-01-01 00:23:46,23.519989,87.310008,0.0201,-0.0013,0.9833,-0.239,0.168,-0.204,0.0829,0.0436,1.0406,stable
2026-01-01 00:23:47,23.519981,87.309997,0.0313,0.0572,0.9562,0.751,-0.477,0.380,0.0045,0.0676,1.0540,stable
2026-01-01 00:23:48,23.520005,87.310011,0.0144,0.0483,1.0060,1.124,-0.428,0.552,0.0731,0.0594,1.0130,stable
2026-01-01 00:23:49,23.519989,87.310001,0.0552,-0.0440,1.0122,-0.003,-1.027,1.639,0.0199,0.0377,1.0489,stable
2026-01-01 00:23:50,23.520003,87.309998,0.0255,0.0560,0.9960,-0.505,0.912,0.776,-0.0214,0.0104,1.0066,stable
2026-01-01 00:23:51,23.519998,87.309997,0.0520,0.0141,0.9904,0.753,1.668,-1.292,-0.0293,0.0365,0.9789,stable
2026-01-01 00:23:52,23.520000,87.309998,0.0400,0.0350,0.9830,0.757,0.385,0.225,-0.0243,0.0307,1.0001,stable
2026-01-01 00:23:53,23.520022,87.309991,0.0897,0.0393,1.0283,0.622,-0.710,-1.061,-0.0679,-0.0181,1.0150,stable
2026-01-01 00:23:54,23.519999,87.310003,0.0477,0.0525,1.0419,-0.280,-0.251,-0.292,0.0229,-0.0074,1.0163,stable
2026-01-01 00:23:55,23.519998,87.309993,-0.0020,0.0212,1.0324,-0.352,1.224,0.355,-0.0214,0.0199,0.9696,stable
2026-01-01 00:23:56,23.519994,87.310012,-0.0065,-0.0038,1.0390,0.440,0.868,1.355,0.0209,0.0473,1.0033,stable
2026-01-01 00:23:57,23.519993,87.310009,0.0637,0.0202,1.0019,-0.425,-0.754,-0.993,0.0316,0.0087,0.9984,stable
2026-01-01 00:23:58,23.520013,87.309993,-0.0074,-0.0129,1.0282,-0.604,0.074,0.238,0.0549,-0.0109,1.0396,stable
2026-01-01 00:23:59,23.519998,87.309993,0.0020,0.0004,0.9888,-0.299,-1.531,1.145,0.0000,0.0489,1.0161,stable
2026-01-01 00:24:00,23.519998,87.310003,0.0206,0.0045,1.0038,-0.275,0.519,-0.779,0.0301,-0.0092,0.9916,stable
2026-01-01 00:24:01,23.520008,87.309984,0.0061,0.0104,0.9969,-0.488,-0.119,0.623,0.0359,-0.0339,1.0163,stable
2026-01-01 00:24:02,23.520005,87.309996,-0.0024,0.0421,0.9918,0.772,0.696,1.140,0.0531,0.0038,0.9862,stable
2026-01-01 00:24:03,23.519982,87.310010,0.0111,0.0451,1.0099,0.267,0.558,0.108,0.0306,-0.0290,1.0041,stable
2026-01-01 00:24:04,23.520005,87.309991,0.0107,0.0219,1.0173,0.131,0.968,-0.503,-0.0595,0.0089,0.9803,stable
2026-01-01 00:24:05,23.519989,87.310010,0.0380,0.0366,1.0173,0.465,0.939,-0.289,0.0140,-0.0281,0.9979,stable
2026-01-01 00:24:06,23.520005,87.309988,0.0387,0.0223,1.0132,-0.517,-0.248,0.872,-0.0183,-0.0816,1.0337,stable
2026-01-01 00:24:07,23.520012,87.309984,-0.0091,0.0066,0.9941,0.170,-0.742,0.325,-0.0106,0.0093,1.0412,stable
2026-01-01 00:24:08,23.520008,87.310013,-0.0148,0.0043,0.9624,0.696,0.886,-0.013,0.1109,0.0206,0.9868,stable
2026-01-01 00:24:09,23.519978,87.309992,-0.0272,-0.0159,0.9911,-0.238,1.052,-0.902,-0.0118,0.0704,0.9929,stable
2026-01-01 00:24:10,23.520016,87.309994,0.0204,0.0039,1.0213,-0.746,-0.352,-0.765,-0.0361,0.0582,0.9692,stable
2026-01-01 00:24:11,23.519992,87.309986,0.0042,0.0395,0.9943,0.442,-0.197,0.922,-0.0136,0.1139,1.0457,stable
2026-01-01 00:24:12,23.520004,87.309983,0.0246,0.0458,1.0211,-0.380,0.915,1.062,0.0501,-0.0027,0.9894,stable
2026-01-01 00:24:13,23.520000,87.310003,0.0030,0.0316,1.0160,0.294,-0.323,0.109,0.0634,-0.0113,1.0112,stable
2026-01-01 00:24:14,23.520004,87.309986,0.0536,-0.0310,0.9694,0.810,-0.452,-0.286,0.0001,0.0626,1.0508,stable
2026-01-01 00:24:15,23.519994,87.310003,0.0671,0.0597,1.0250,1.250,0.307,-0.781,-0.0469,0.0296,1.0075,stable
2026-01-01 00:24:16,23.520005,87.310014,0.0642,0.0182,1.0179,0.275,0.241,0.940,0.0053,0.0847,0.9482,stable
2026-01-01 00:24:17,23.520013,87.309998,0.0290,0.0105,1.0028,0.732,0.960,-0.726,0.0571,-0.0351,1.0297,stable
2026-01-01 00:24:18,23.520006,87.309994,0.0105,-0.0079,1.0235,-0.084,-1.030,-0.361,0.0189,-0.0575,1.0436,stable
2026-01-01 00:24:19,23.520007,87.309986,0.0125,-0.0067,1.0005,1.484,-0.018,-0.583,-0.0867,-0.0151,1.0541,stable
2026-01-01 00:24:20,23.519991,87.310004,0.0466,0.0030,1.0099,1.326,-0.838,0.271,0.0641,0.0295,1.0297,stable
2026-01-01 00:24:21,23.519997,87.309998,0.0440,0.0082,1.0025,1.086,0.358,0.916,-0.0578,0.0360,0.9815,stable
2026-01-01 00:24:22,23.520001,87.309990,0.0814,0.0140,1.0019,-0.066,0.726,1.076,0.0441,0.0059,1.0199,stable
2026-01-01 00:24:23,23.520023,87.309976,0.0324,-0.0015,0.9918,0.049,1.017,-0.075,0.0073,0.1233,1.0140,stable
2026-01-01 00:24:24,23.519994,87.309989,0.0704,0.0751,1.0171,-0.359,0.705,0.879,-0.0013,0.0603,1.0273,stable
2026-01-01 00:24:25,23.519990,87.309987,0.0079,-0.0327,0.9892,-0.091,0.084,0.142,-0.0130,0.0159,1.0030,stable
2026-01-01 00:24:26,23.520009,87.309989,0.0141,0.0096,1.0193,0.430,-0.344,-0.274,-0.0108,0.0107,1.0307,stable
2026-01-01 00:24:27,23.519999,87.309995,-0.0395,0.0160,0.9822,0.105,-0.578,0.262,0.0243,0.0096,1.0508,stable
2026-01-01 00:24:28,23.520028,87.309993,0.0272,-0.0370,1.0222,0.594,-1.045,0.724,0.0255,0.0273,1.0350,stable
2026-01-01 00:24:29,23.519999,87.309987,0.0166,-0.0346,1.0191,0.240,0.382,0.833,0.0210,-0.0286,1.0117,stable
2026-01-01 00:24:30,23.519997,87.309987,0.0045,0.0018,1.0181,1.122,-1.145,0.603,0.0131,0.0299,1.0169,stable
2026-01-01 00:24:31,23.520006,87.310008,0.0207,0.0017,0.9991,-0.862,-0.683,-0.394,-0.0095,0.0500,1.0498,stable
2026-01-01 00:24:32,23.520003,87.310001,-0.0019,-0.0307,1.0129,-0.058,0.113,-0.496,0.0684,0.0458,0.9804,stable
2026-01-01 00:24:33,23.520004,87.309997,0.0059,0.0009,0.9977,-0.628,-0.740,0.396,0.0138,-0.0302,0.9964,stable
2026-01-01 00:24:34,23.520009,87.309990,0.0203,0.0300,1.0279,0.241,0.726,0.109,0.0484,0.0594,0.9853,stable
2026-01-01 00:24:35,23.520010,87.310015,0.0503,0.0306,1.0084,0.947,0.087,-0.161,-0.0045,0.0186,0.9792,stable
2026-01-01 00:24:36,23.520011,87.310020,0.0197,0.0185,0.9750,0.519,1.986,-0.053,0.0291,-0.0089,1.0042,stable
2026-01-01 00:24:37,23.519997,87.310011,0.0171,0.0061,1.0044,0.713,-0.417,1.154,0.0270,0.0130,0.9750,stable
2026-01-01 00:24:38,23.520014,87.310009,0.0471,0.0191,1.0121,-0.383,0.103,0.917,0.0302,0.0587,0.9814,stable
2026-01-01 00:24:39,23.520000,87.310018,0.0237,-0.0154,1.0479,-0.930,1.071,-1.897,0.0365,0.0305,1.0232,stable
2026-01-01 00:24:40,23.519999,87.310000,0.0140,0.0345,1.0603,0.989,-0.903,-0.057,0.0857,0.0358,1.0010,stable
2026-01-01 00:24:41,23.520011,87.310009,0.0177,0.0208,1.0320,-0.067,0.095,-1.175,0.0115,-0.0375,0.9970,stable
2026-01-01 00:24:42,23.520003,87.309989,0.0326,0.0496,1.0107,-0.095,-0.280,1.352,0.0686,-0.0009,1.0040,stable
2026-01-01 00:24:43,23.520004,87.310000,0.0085,0.0278,1.0080,-0.106,-0.331,0.804,0.0264,0.0221,1.0357,stable
2026-01-01 00:24:44,23.520019,87.310016,-0.0510,-0.0036,1.0386,-0.413,0.095,0.248,-0.0148,-0.0238,0.9853,stable
2026-01-01 00:24:45,23.520006,87.309982,0.0420,0.0566,1.0041,1.014,2.047,0.218,-0.0137,0.0150,1.0024,stable
2026-01-01 00:24:46,23.520000,87.309989,-0.0302,-0.0566,1.0154,1.025,0.435,0.406,0.0006,0.0040,1.0063,stable
2026-01-01 00:24:47,23.520009,87.310002,-0.0545,0.0203,0.9595,1.420,0.248,-0.086,0.0295,0.0486,1.0150,stable
2026-01-01 00:24:48,23.519992,87.310000,0.0230,0.0091,1.0151,1.178,0.123,0.166,0.0435,0.0138,1.0057,stable
2026-01-01 00:24:49,23.520002,87.310000,-0.0199,0.0278,1.0066,0.533,0.847,0.229,0.0209,0.0289,1.0380,stable
2026-01-01 00:24:50,23.520000,87.310008,0.0082,-0.0177,1.0077,1.339,0.329,-0.712,-0.0122,0.0353,1.0114,stable
2026-01-01 00:24:51,23.520012,87.310025,0.0258,0.0294,0.9901,-0.750,0.487,-0.072,-0.0752,0.0182,1.0019,stable
2026-01-01 00:24:52,23.519983,87.309997,0.0078,-0.0367,0.9899,-0.881,-0.037,-0.334,0.1322,0.1062,0.9919,stable
2026-01-01 00:24:53,23.519991,87.309992,0.0179,0.0123,1.0161,-0.323,1.248,0.101,0.0059,-0.0127,1.0167,stable
2026-01-01 00:24:54,23.520013,87.309979,0.0267,0.0187,1.0176,-0.159,-0.567,-0.092,0.0407,-0.0525,1.0097,stable
2026-01-01 00:24:55,23.519998,87.310006,0.0117,0.0084,1.0469,0.432,0.035,0.622,0.0096,0.0201,0.9879,stable
2026-01-01 00:24:56,23.519994,87.309995,-0.0257,-0.0111,1.0181,0.534,0.513,0.530,0.0258,0.0619,0.9821,stable
2026-01-01 00:24:57,23.519985,87.309996,0.0118,-0.0555,1.0025,-0.411,-0.822,-0.358,0.0403,0.0105,1.0171,stable
2026-01-01 00:24:58,23.519988,87.309998,0.0362,0.0220,1.0022,0.625,2.049,-0.031,-0.0019,-0.0221,1.0661,stable
2026-01-01 00:24:59,23.520033,87.310008,0.0177,0.0192,1.0143,-1.568,-0.381,0.053,-0.0401,-0.0034,1.0385,stable
2026-01-01 00:25:00,23.520006,87.309974,0.0418,0.0407,0.9843,1.278,1.034,0.314,0.0594,0.0847,1.0352,low
2026-01-01 00:25:01,23.520001,87.309989,0.0312,0.0289,1.0174,-0.180,1.931,2.212,0.0995,0.0917,1.0417,low
2026-01-01 00:25:02,23.519997,87.310004,0.0318,0.0166,0.9977,0.278,0.912,0.679,0.0255,0.0784,0.9871,low
2026-01-01 00:25:03,23.519991,87.309994,0.0896,0.0612,1.0165,1.526,-1.302,1.331,0.0742,0.0179,1.0233,low
2026-01-01 00:25:04,23.519994,87.309994,0.0802,0.0375,1.0074,1.487,2.146,0.335,0.0552,0.0499,1.0451,low
2026-01-01 00:25:05,23.520005,87.309995,0.0548,0.0829,1.0056,0.709,-1.011,1.054,-0.0387,0.1176,0.9731,low
2026-01-01 00:25:06,23.519997,87.309991,0.0174,0.0734,1.0110,2.695,2.572,1.480,0.0389,-0.0857,1.0595,low
2026-01-01 00:25:07,23.519991,87.310005,0.0263,0.0118,1.0069,0.091,-0.107,0.271,0.0470,0.0533,1.0337,low
2026-01-01 00:25:08,23.519988,87.309999,0.0197,0.0386,1.0309,2.086,-0.202,0.493,0.0861,-0.0123,1.0387,low
2026-01-01 00:25:09,23.520004,87.310003,0.0532,0.0441,0.9972,2.435,0.434,1.118,0.0321,0.0339,1.0561,low
2026-01-01 00:25:10,23.519999,87.310008,0.0663,-0.0105,1.0496,0.598,0.923,-0.027,0.0387,0.0422,1.0197,low
2026-01-01 00:25:11,23.519994,87.310002,0.0896,0.0446,1.0032,0.032,0.741,-0.051,0.0418,0.1159,0.9393,low
2026-01-01 00:25:12,23.519983,87.310011,0.1027,0.0427,1.0242,1.322,1.331,1.048,0.0301,0.0271,1.0075,low
2026-01-01 00:25:13,23.519994,87.310003,0.0336,0.0149,1.0277,0.146,2.832,0.713,0.0356,0.0454,0.9980,low
2026-01-01 00:25:14,23.519978,87.310020,0.0482,0.0463,1.0120,-0.293,1.393,-0.274,-0.0076,0.0615,1.0224,low
2026-01-01 00:25:15,23.520023,87.310006,0.1101,0.0212,1.0277,1.887,0.883,-0.126,-0.0029,0.0571,0.9930,low
2026-01-01 00:25:16,23.520011,87.310009,-0.0074,0.0805,1.0052,0.677,-0.113,0.677,0.0411,0.0268,1.0116,low
2026-01-01 00:25:17,23.519985,87.309988,0.0030,0.0224,1.0382,1.149,1.134,1.294,0.0622,0.0935,1.0192,low
2026-01-01 00:25:18,23.520011,87.309994,0.0194,-0.0151,1.0163,1.708,1.584,0.737,-0.0092,-0.0495,1.0362,low
2026-01-01 00:25:19,23.520001,87.309998,0.0315,-0.0252,0.9898,2.524,0.170,-0.430,-0.0471,-0.0174,1.0327,low
2026-01-01 00:25:20,23.520005,87.310005,0.0336,0.0542,1.0006,2.246,-0.399,1.748,0.0571,-0.0123,1.0098,low
2026-01-01 00:25:21,23.519991,87.309988,0.0933,0.0308,1.0122,0.157,0.516,1.710,0.1081,0.1063,1.0358,low
2026-01-01 00:25:22,23.520004,87.309991,0.1372,0.0585,0.9840,-0.345,0.407,0.622,0.1132,0.1163,1.0246,low
2026-01-01 00:25:23,23.519991,87.309986,0.0627,0.0375,1.0624,0.735,0.885,-0.554,0.0761,0.0724,1.0011,low
2026-01-01 00:25:24,23.520015,87.309989,0.0428,0.0378,1.0285,-0.337,2.580,1.508,0.0379,0.0539,0.9797,low
2026-01-01 00:25:25,23.520016,87.309995,0.0008,-0.0078,0.9856,0.815,1.481,0.115,0.0551,0.0506,1.0498,low
2026-01-01 00:25:26,23.519985,87.309989,0.0552,0.0119,1.0233,0.917,1.126,0.110,0.0597,0.0629,0.9873,low
2026-01-01 00:25:27,23.520005,87.309998,0.0231,0.0013,0.9805,0.682,0.563,0.593,0.0200,0.1108,1.0323,low
2026-01-01 00:25:28,23.519992,87.310000,0.0798,0.0346,1.0212,-0.675,1.824,0.483,0.0812,0.0107,1.0615,low
2026-01-01 00:25:29,23.519998,87.309996,0.0416,0.0028,1.0266,0.723,-0.239,0.116,0.0358,0.0453,1.0171,low
2026-01-01 00:25:30,23.520009,87.309989,0.0493,-0.0187,1.0052,0.782,1.209,0.822,0.0124,0.0359,0.9475,low
2026-01-01 00:25:31,23.519990,87.309995,0.0489,0.0157,1.0393,1.217,1.315,0.082,0.0073,0.1003,1.0130,low
2026-01-01 00:25:32,23.520017,87.309999,-0.0027,0.0417,1.0304,0.923,1.440,1.058,0.0566,-0.0244,1.0447,low
2026-01-01 00:25:33,23.519990,87.309995,0.0747,0.0400,1.0182,0.849,1.003,0.079,-0.0571,0.0252,1.0315,low
2026-01-01 00:25:34,23.519992,87.309999,0.0749,0.0448,1.0190,0.678,0.262,0.858,0.0980,0.1142,1.0443,low
2026-01-01 00:25:35,23.520009,87.309996,-0.0325,0.0107,1.0361,1.957,1.097,1.396,0.0407,-0.0299,0.9968,low
2026-01-01 00:25:36,23.519999,87.309998,0.0394,0.1029,0.9972,0.911,0.450,0.315,-0.0113,0.0503,1.0022,low
2026-01-01 00:25:37,23.520002,87.309981,0.0362,0.0407,0.9857,0.507,1.587,0.532,0.0797,0.0113,1.0235,low
2026-01-01 00:25:38,23.520005,87.310014,0.0307,0.0655,1.0081,1.819,0.263,0.431,0.0800,0.0303,1.0258,low
2026-01-01 00:25:39,23.519998,87.310006,0.0130,0.0474,1.0298,1.911,1.360,0.111,0.0578,0.0585,1.0687,low
2026-01-01 00:25:40,23.520003,87.310004,0.0491,-0.0209,1.0234,0.034,0.968,0.954,0.0503,0.0806,1.0701,low
2026-01-01 00:25:41,23.520017,87.309994,0.0629,0.0519,0.9990,1.057,1.068,0.926,0.0072,0.0689,1.0526,low
2026-01-01 00:25:42,23.520001,87.310002,0.0582,0.0640,1.0410,0.784,0.790,1.143,0.0499,0.0313,1.0062,low
2026-01-01 00:25:43,23.519997,87.309981,0.0276,-0.0232,1.0316,-0.677,1.013,0.445,0.0926,0.0250,1.0133,low
2026-01-01 00:25:44,23.519991,87.309978,0.0399,0.0553,1.0449,1.849,2.531,0.370,0.0739,0.1001,1.0561,low
2026-01-01 00:25:45,23.520007,87.309974,0.0739,0.0387,1.0185,2.139,0.828,-0.332,0.0476,0.0576,1.0394,low
2026-01-01 00:25:46,23.519978,87.309981,0.0239,0.0774,1.0323,1.991,1.791,1.374,0.0515,0.0285,1.0233,low
2026-01-01 00:25:47,23.519997,87.309993,0.0630,0.1138,1.0275,0.797,1.499,1.126,0.0189,0.0644,1.0198,low
2026-01-01 00:25:48,23.520008,87.309990,0.0177,0.1139,1.0019,1.118,-0.163,1.626,0.0634,-0.0052,1.0212,low
2026-01-01 00:25:49,23.520001,87.310000,-0.0505,0.0373,0.9813,1.158,2.165,0.736,0.1348,0.1063,1.0313,low
2026-01-01 00:25:50,23.520009,87.310015,0.0878,0.0066,1.0521,1.140,1.105,0.631,0.1061,0.0729,1.0331,low
2026-01-01 00:25:51,23.519995,87.310002,0.0641,0.0542,1.0173,1.305,1.536,-0.539,0.0665,0.0105,1.0339,low
2026-01-01 00:25:52,23.520005,87.309995,0.0310,0.0588,0.9953,1.247,1.706,-0.088,0.0526,-0.0123,1.0098,low
2026-01-01 00:25:53,23.520006,87.310001,0.0256,0.0666,1.0480,1.420,0.814,0.707,0.0181,0.0364,1.0107,low
2026-01-01 00:25:54,23.519997,87.309996,0.0710,-0.0101,1.0152,1.325,0.711,0.863,-0.0115,-0.0233,1.0470,low
2026-01-01 00:25:55,23.519991,87.310005,0.0405,0.0376,1.0439,1.993,0.621,1.214,0.1006,0.1185,1.0055,low
2026-01-01 00:25:56,23.520010,87.309989,-0.0141,0.0098,1.0026,1.473,1.146,0.486,0.0637,0.0510,1.0519,low
2026-01-01 00:25:57,23.520010,87.310018,0.0247,0.0320,1.0313,0.296,1.430,0.449,0.1234,0.0974,0.9886,low
2026-01-01 00:25:58,23.519990,87.310005,0.0457,0.0291,1.0057,1.074,-0.086,0.533,0.1349,0.0417,1.0377,low
2026-01-01 00:25:59,23.519997,87.309993,-0.0105,0.0200,1.0304,2.390,1.576,1.284,0.0773,0.0631,1.0298,low
2026-01-01 00:26:00,23.519979,87.310008,0.0290,0.0400,0.9691,0.199,1.834,0.896,0.0362,0.0868,1.0381,low
2026-01-01 00:26:01,23.519993,87.310003,0.0198,0.0843,0.9940,0.421,1.566,0.577,0.0091,0.0326,0.9956,low
2026-01-01 00:26:02,23.520003,87.309994,0.0506,0.0572,1.0387,0.426,0.632,0.153,0.0972,0.0792,1.0277,low
2026-01-01 00:26:03,23.519986,87.310008,0.0390,0.0561,0.9941,1.095,0.809,-0.060,0.0779,0.0012,1.0428,low
2026-01-01 00:26:04,23.519984,87.310007,0.0800,0.0757,1.0426,0.793,1.148,0.361,0.0417,0.0355,1.0424,low
2026-01-01 00:26:05,23.519980,87.310000,0.0328,0.0203,1.0141,1.554,0.109,1.488,0.0175,0.0373,1.0189,low
2026-01-01 00:26:06,23.519986,87.310009,0.0776,0.0337,1.0043,1.234,-0.746,0.516,0.0401,0.1119,1.0079,low
2026-01-01 00:26:07,23.520008,87.309997,0.0831,-0.0079,0.9906,0.407,-0.290,1.372,0.0339,0.0525,1.0110,low
2026-01-01 00:26:08,23.520004,87.309992,0.0859,-0.0292,1.0129,2.514,1.519,0.605,0.0478,0.0468,1.0320,low
2026-01-01 00:26:09,23.519996,87.310002,0.0734,0.0487,1.0482,1.628,0.568,0.733,0.0211,0.0236,1.0303,low
2026-01-01 00:26:10,23.520023,87.309995,0.0665,0.0632,1.0392,-0.344,1.964,0.663,-0.0214,0.1476,1.0517,low
2026-01-01 00:26:11,23.519993,87.310002,0.0809,0.0400,1.0126,0.872,1.194,1.098,0.1171,0.0851,0.9809,low
2026-01-01 00:26:12,23.519997,87.309994,0.0584,0.0212,1.0159,2.148,0.472,0.620,0.0713,0.0250,1.0291,low
2026-01-01 00:26:13,23.520004,87.309988,0.0973,0.0204,1.0626,1.599,-0.767,0.915,0.0090,0.0383,0.9831,low
2026-01-01 00:26:14,23.520019,87.310004,0.0509,0.0580,1.0198,1.744,1.080,0.470,0.0606,0.0279,1.0329,low
2026-01-01 00:26:15,23.519999,87.310019,0.0443,-0.0055,1.0211,1.751,1.578,1.807,0.0475,0.0724,1.0217,low
2026-01-01 00:26:16,23.520010,87.310005,0.0503,0.0631,1.0131,0.331,0.895,0.648,0.1060,0.0691,1.0332,low
2026-01-01 00:26:17,23.519988,87.309995,0.0607,0.0449,1.0071,1.040,0.713,0.333,-0.0108,0.0386,1.0318,low
2026-01-01 00:26:18,23.520001,87.310000,0.0263,0.0660,1.0083,-0.781,1.120,0.948,0.0894,0.0387,1.0428,low
2026-01-01 00:26:19,23.519999,87.310004,0.0072,0.0429,1.0417,1.967,0.378,1.768,0.0108,-0.0041,1.0246,low
2026-01-01 00:26:20,23.520012,87.309997,0.0396,0.0687,1.0066,0.279,0.670,-0.008,-0.0103,0.0672,1.0005,low
2026-01-01 00:26:21,23.520006,87.309996,0.0182,0.0399,1.0496,-0.802,1.971,1.035,0.0666,0.0335,1.0092,low
2026-01-01 00:26:22,23.519998,87.309998,0.0756,0.0481,1.0269,1.191,0.800,0.137,0.0501,0.0262,0.9929,low
2026-01-01 00:26:23,23.519992,87.309998,0.0663,-0.0168,1.0539,1.481,0.984,1.124,0.0495,0.0868,1.0049,low
2026-01-01 00:26:24,23.519989,87.310009,0.0418,0.0305,0.9983,1.433,0.637,1.023,0.0436,0.0617,1.0584,low
2026-01-01 00:26:25,23.519983,87.309989,0.0045,-0.0028,0.9861,1.467,0.391,0.852,0.0577,-0.0150,1.0227,low
2026-01-01 00:26:26,23.519993,87.310001,0.0230,0.0491,1.0203,0.566,-0.611,-0.013,0.0529,-0.0082,1.0353,low
2026-01-01 00:26:27,23.520029,87.309999,0.0507,0.0238,1.0113,2.271,0.805,0.479,0.0233,0.0039,1.0113,low
2026-01-01 00:26:28,23.519990,87.309997,0.0438,0.0287,1.0108,1.407,1.014,0.739,0.0016,0.1278,1.0158,low
2026-01-01 00:26:29,23.520001,87.310005,0.0082,0.0398,0.9867,0.330,-0.006,0.372,0.0649,0.0621,1.0561,low
2026-01-01 00:26:30,23.520017,87.309996,0.0481,0.0143,1.0515,1.997,0.435,0.901,0.0232,0.0418,1.0473,low
2026-01-01 00:26:31,23.520002,87.309997,0.0057,0.0189,0.9936,1.066,1.166,-0.821,0.0149,0.1593,1.0175,low
2026-01-01 00:26:32,23.519997,87.310017,0.0210,0.0160,1.0384,1.599,1.902,0.948,0.0150,0.0759,1.0186,low
2026-01-01 00:26:33,23.519996,87.310007,0.0449,0.0781,0.9987,2.509,1.368,-0.184,0.0666,-0.0152,1.0236,low
2026-01-01 00:26:34,23.519999,87.309995,-0.0135,0.0466,1.0467,1.735,0.718,0.727,0.0734,0.0813,1.0119,low
2026-01-01 00:26:35,23.519987,87.310004,0.0384,0.0226,1.0078,-0.660,-0.039,-0.407,0.0440,0.0304,1.0819,low
2026-01-01 00:26:36,23.520001,87.309995,0.0832,0.0496,1.0416,2.713,1.335,0.882,0.1000,-0.0018,1.0335,low
2026-01-01 00:26:37,23.519985,87.310005,0.0521,0.0466,1.0358,0.788,0.102,-0.163,0.0923,-0.0217,1.0139,low
2026-01-01 00:26:38,23.519999,87.309998,0.0665,0.0645,0.9991,0.073,0.445,0.204,0.0606,0.0894,1.0260,low
2026-01-01 00:26:39,23.520006,87.310010,0.0713,0.0827,0.9972,1.922,0.790,0.742,0.0749,0.0494,1.0586,low
2026-01-01 00:26:40,23.519986,87.310004,0.0773,-0.0548,0.9965,1.605,0.463,0.889,0.1247,0.0023,1.0420,low
2026-01-01 00:26:41,23.519993,87.309982,0.0374,0.0328,1.0230,2.301,0.570,1.523,0.0356,0.0168,1.0019,low
2026-01-01 00:26:42,23.519998,87.310001,0.1028,0.0727,1.0373,1.129,1.408,1.332,0.0260,-0.0159,1.0464,low
2026-01-01 00:26:43,23.519993,87.309988,0.0805,0.1031,1.0164,1.872,1.813,1.432,0.0497,0.0341,1.0098,low
2026-01-01 00:26:44,23.519989,87.310005,0.0775,0.0537,1.0026,2.252,0.467,1.875,0.0392,0.0598,1.0126,low
2026-01-01 00:26:45,23.519992,87.310006,0.0673,0.0292,0.9884,1.135,0.691,1.609,-0.0727,0.1242,1.0385,low
2026-01-01 00:26:46,23.520010,87.310002,-0.0055,0.0478,1.0368,0.763,0.685,-0.002,0.0286,-0.0426,1.0427,low
2026-01-01 00:26:47,23.519986,87.310002,0.0522,0.0343,1.0421,1.439,-0.042,1.119,0.0954,0.0479,1.0515,low
2026-01-01 00:26:48,23.520012,87.309994,0.0731,0.0928,0.9901,2.759,-0.156,0.484,0.0347,0.0918,1.0160,low
2026-01-01 00:26:49,23.519996,87.310004,0.0939,0.0303,0.9716,1.691,0.683,0.039,0.0882,0.1273,1.0062,low
2026-01-01 00:26:50,23.520000,87.310012,0.1144,0.0580,1.0196,1.264,0.569,0.902,0.1006,0.0702,1.0858,low
2026-01-01 00:26:51,23.520016,87.309998,0.0492,0.0558,1.0259,1.807,0.312,-0.636,0.0875,0.0892,1.0190,low
2026-01-01 00:26:52,23.520004,87.309984,0.0139,-0.0139,1.0324,0.609,0.681,0.974,0.0723,0.0626,1.0028,low
2026-01-01 00:26:53,23.520012,87.309995,0.0407,0.0046,0.9966,-0.067,0.548,0.911,0.0752,-0.0474,1.0734,low
2026-01-01 00:26:54,23.519987,87.310023,0.0390,0.0278,1.0310,1.242,1.933,0.045,0.0581,-0.0107,0.9892,low
2026-01-01 00:26:55,23.519995,87.310008,0.0281,0.0695,1.0164,0.923,2.857,-0.117,0.1700,0.0701,1.0095,low
2026-01-01 00:26:56,23.520003,87.309997,0.0328,0.0171,1.0351,0.816,1.100,-0.096,0.0455,0.0678,1.0223,low
2026-01-01 00:26:57,23.519978,87.309989,0.0049,0.0380,1.0163,3.019,0.495,0.693,0.0688,0.0695,1.0399,low
2026-01-01 00:26:58,23.519995,87.309993,0.0410,0.0387,0.9948,0.930,0.657,1.231,0.0518,0.0476,1.0212,low
2026-01-01 00:26:59,23.519993,87.310006,0.0414,0.0150,1.0468,0.199,1.380,0.847,0.0267,0.0477,1.0448,low
2026-01-01 00:27:00,23.520003,87.310008,0.0691,0.0354,0.9967,1.761,0.900,0.085,0.0721,0.0851,1.0203,low
2026-01-01 00:27:01,23.520005,87.310023,0.0392,0.0705,0.9918,1.255,1.088,-0.134,0.0668,-0.0099,1.0583,low
2026-01-01 00:27:02,23.520016,87.309978,0.0841,0.0607,1.0287,0.407,0.724,0.608,0.0931,0.0558,1.0258,low
2026-01-01 00:27:03,23.519988,87.310000,0.0463,0.0079,1.0435,-0.315,0.245,1.703,0.0498,0.1085,0.9862,low
2026-01-01 00:27:04,23.520000,87.310015,0.0532,0.0316,0.9958,1.240,0.938,0.705,0.1291,0.0795,1.0277,low
2026-01-01 00:27:05,23.519997,87.310000,0.0507,0.0389,0.9929,0.149,1.530,1.650,0.0811,0.0491,1.0012,low
2026-01-01 00:27:06,23.520002,87.309984,0.0799,0.0449,1.0353,-0.447,2.052,0.036,0.0096,0.0880,1.0211,low
2026-01-01 00:27:07,23.519999,87.309994,0.0820,-0.0059,1.0556,1.953,0.762,0.280,0.0624,0.0732,1.0154,low
2026-01-01 00:27:08,23.520006,87.310002,0.0702,0.0337,1.0254,0.860,0.888,0.749,0.0117,0.1065,1.0249,low
2026-01-01 00:27:09,23.519993,87.310013,0.0371,0.0798,1.0334,1.960,2.177,1.306,0.0787,-0.0056,1.0698,low
2026-01-01 00:27:10,23.520006,87.310003,0.0554,0.0228,1.0129,0.797,1.452,0.577,0.0645,0.0660,1.0458,low
2026-01-01 00:27:11,23.520005,87.309992,0.0280,0.0267,1.0310,-1.047,1.319,1.090,0.0176,0.0183,1.0514,low
2026-01-01 00:27:12,23.519998,87.310016,0.0312,0.0823,1.0240,-0.528,0.565,0.865,-0.0347,0.0579,1.0163,low
2026-01-01 00:27:13,23.519992,87.310000,-0.0108,-0.0076,0.9976,0.738,1.283,-0.369,0.0753,0.0447,1.0105,low
2026-01-01 00:27:14,23.519996,87.309987,0.0702,0.0227,1.0282,0.144,1.772,0.575,0.0740,-0.0057,1.0193,low
2026-01-01 00:27:15,23.520002,87.309992,0.0646,0.0094,1.0485,1.270,0.223,1.065,0.0660,0.0456,0.9976,low
2026-01-01 00:27:16,23.520012,87.310007,0.0446,0.0398,1.0073,1.801,0.079,-0.824,-0.0115,0.1063,1.0341,low
2026-01-01 00:27:17,23.519996,87.310009,0.0759,0.0117,1.0447,0.242,0.281,1.163,0.0303,0.0283,1.0585,low
2026-01-01 00:27:18,23.520004,87.310009,0.0904,0.0506,1.0098,1.850,0.747,0.952,0.0112,0.0351,1.0532,low
2026-01-01 00:27:19,23.519974,87.309995,0.0362,0.0151,1.0534,0.974,0.743,1.198,0.0335,0.0432,1.0556,low
2026-01-01 00:27:20,23.519997,87.309987,0.0289,0.0588,1.0417,1.889,-0.220,0.184,0.0784,0.0812,0.9955,low
2026-01-01 00:27:21,23.519995,87.309988,0.0465,0.0238,1.0546,1.285,-0.325,1.271,0.0725,0.0160,1.0029,low
2026-01-01 00:27:22,23.519994,87.310019,0.0628,0.0619,1.0206,1.596,2.255,1.331,0.0722,0.0832,1.0269,low
2026-01-01 00:27:23,23.520001,87.309986,0.0613,0.0274,1.0085,1.132,0.246,0.932,0.0407,0.0503,1.0408,low
2026-01-01 00:27:24,23.520007,87.310003,0.0300,0.0648,1.0255,2.398,0.646,0.495,0.0675,0.0683,0.9969,low
2026-01-01 00:27:25,23.519999,87.310015,0.0611,0.0860,1.0590,1.678,-0.135,0.554,-0.0288,0.1068,1.0605,low
2026-01-01 00:27:26,23.519994,87.310004,0.0149,0.0907,1.0041,0.645,1.883,0.597,0.1134,-0.0038,1.0440,low
2026-01-01 00:27:27,23.520001,87.310006,0.0508,0.0382,1.0435,1.248,0.781,-0.070,0.0542,0.0494,0.9933,low
2026-01-01 00:27:28,23.520007,87.310012,0.0247,0.0452,1.0432,0.726,-0.113,-0.370,0.0632,0.0796,1.0512,low
2026-01-01 00:27:29,23.519994,87.310020,0.0600,0.0593,1.0107,-0.341,2.460,0.167,0.0003,0.0587,1.0059,low
2026-01-01 00:27:30,23.520006,87.310010,0.0508,0.1055,1.0443,1.907,0.040,1.099,0.0625,0.0666,1.0521,low
2026-01-01 00:27:31,23.520031,87.310013,0.0616,0.0434,1.0479,1.057,1.057,1.165,0.0248,-0.0010,0.9677,low
2026-01-01 00:27:32,23.520015,87.310001,0.0321,0.0590,1.0578,0.972,0.513,-0.346,0.1110,0.0049,1.0273,low
2026-01-01 00:27:33,23.519987,87.310008,0.1175,0.0379,1.0251,-0.101,1.452,0.635,0.0928,0.1019,0.9958,low
2026-01-01 00:27:34,23.520004,87.309978,0.0114,0.0375,1.0430,0.020,1.561,0.626,0.0440,-0.0288,1.0564,low
2026-01-01 00:27:35,23.519998,87.310000,0.0426,0.0268,1.0143,1.272,0.533,0.434,0.0199,0.0443,1.0125,low
2026-01-01 00:27:36,23.520006,87.309987,0.0514,0.0116,1.0631,0.973,2.090,1.135,0.0207,0.0476,0.9844,low
2026-01-01 00:27:37,23.520005,87.309984,0.0945,0.0533,1.0072,2.424,0.925,1.286,0.0739,-0.0105,1.0060,low
2026-01-01 00:27:38,23.520004,87.309991,0.0675,0.0295,1.0128,0.560,0.618,-0.040,0.0216,0.0574,1.0543,low
2026-01-01 00:27:39,23.520013,87.310002,0.0001,0.0355,0.9764,-0.359,0.638,0.536,0.0031,0.0086,0.9979,low
2026-01-01 00:27:40,23.519994,87.309994,0.0216,0.0915,0.9816,1.518,2.337,0.776,0.0117,0.0494,1.0376,low
2026-01-01 00:27:41,23.520013,87.310004,0.0364,0.0745,1.0233,0.167,-0.235,0.492,0.0072,-0.0293,1.0191,low
2026-01-01 00:27:42,23.520007,87.309997,0.0913,0.0408,1.0337,0.996,-1.469,0.907,0.0387,0.0637,1.0342,low
2026-01-01 00:27:43,23.519996,87.310008,0.0355,0.0680,0.9808,1.810,-0.019,0.847,-0.0234,0.0490,1.0163,low
2026-01-01 00:27:44,23.520004,87.309997,0.0040,0.0492,1.0120,-0.055,-0.891,0.527,0.0924,0.1039,1.0403,low
2026-01-01 00:27:45,23.519999,87.309998,0.0063,0.0184,1.0303,0.079,-0.673,0.400,0.0528,0.0538,0.9998,low
2026-01-01 00:27:46,23.519995,87.309987,-0.0038,0.0140,1.0381,1.129,0.969,-0.299,-0.0077,0.0677,1.0558,low
2026-01-01 00:27:47,23.520013,87.310019,0.0675,0.0104,1.0299,1.395,0.142,1.833,0.0473,-0.0154,1.0098,low
2026-01-01 00:27:48,23.519977,87.310000,0.0700,0.0274,1.0118,0.758,0.915,1.125,0.0475,0.0411,1.0340,low
2026-01-01 00:27:49,23.520004,87.309991,0.0900,0.0042,1.0374,2.024,0.383,1.160,0.0326,0.0733,1.0681,low
2026-01-01 00:27:50,23.520005,87.309994,0.0500,-0.0037,1.0025,2.087,2.119,0.895,0.1009,0.1656,0.9915,low
2026-01-01 00:27:51,23.520002,87.310010,-0.0026,0.0686,0.9778,1.716,0.695,0.775,0.0016,-0.0056,1.0362,low
2026-01-01 00:27:52,23.519990,87.309999,0.0698,0.0835,1.0167,0.368,0.262,1.482,0.0644,0.0912,0.9959,low
2026-01-01 00:27:53,23.520014,87.310017,0.0489,-0.0002,0.9819,1.266,1.732,-0.247,0.0129,0.0238,1.0279,low
2026-01-01 00:27:54,23.520005,87.310006,0.0525,0.0648,1.0187,1.028,1.114,0.957,0.1182,0.0009,1.0459,low
2026-01-01 00:27:55,23.520011,87.310013,0.0410,-0.0068,1.0192,1.725,1.620,0.739,0.0860,-0.0147,1.0613,low
2026-01-01 00:27:56,23.519994,87.310003,0.0273,0.0200,0.9868,1.686,1.060,1.790,0.1012,-0.0098,0.9939,low
2026-01-01 00:27:57,23.520007,87.310001,0.0403,0.0454,1.0371,1.216,0.856,-0.212,0.0055,0.0539,0.9923,low
2026-01-01 00:27:58,23.520005,87.309999,0.0320,0.0696,1.0063,1.943,0.374,0.703,0.0569,-0.0186,1.0212,low
2026-01-01 00:27:59,23.519993,87.309987,-0.0024,0.0180,0.9824,2.151,1.523,1.403,0.0741,0.1496,0.9919,low
2026-01-01 00:28:00,23.519992,87.310010,0.0344,-0.0133,1.0346,-0.697,1.124,0.967,0.1293,-0.0132,1.0317,low
2026-01-01 00:28:01,23.520004,87.309988,0.0214,0.0076,0.9812,2.760,-0.764,0.440,0.0581,0.0002,1.0016,low
2026-01-01 00:28:02,23.520006,87.310008,0.0273,0.0569,1.0160,0.980,0.803,0.372,0.0650,0.0879,1.0543,low
2026-01-01 00:28:03,23.520011,87.309989,0.0559,-0.0381,0.9948,0.741,0.451,-0.032,0.1253,0.0614,1.0152,low
2026-01-01 00:28:04,23.520009,87.309982,0.0357,-0.0051,0.9930,-0.255,0.430,1.463,0.0488,0.0406,1.0157,low
2026-01-01 00:28:05,23.519990,87.309997,0.0636,-0.0529,1.0148,0.431,0.738,0.555,0.0277,0.0531,0.9985,low
2026-01-01 00:28:06,23.520011,87.310005,0.0820,0.0501,0.9922,1.210,-0.221,1.231,0.1191,0.0528,1.0322,low
2026-01-01 00:28:07,23.519999,87.309980,0.0356,0.0801,1.0072,1.397,-0.106,0.171,0.0937,0.1299,1.0183,low
2026-01-01 00:28:08,23.519994,87.309993,0.0974,0.0684,1.0058,-0.163,0.323,0.088,0.0483,0.0071,0.9825,low
2026-01-01 00:28:09,23.520000,87.310005,0.0045,-0.0305,1.0125,2.000,1.114,0.640,0.0864,0.0748,1.0494,low
2026-01-01 00:28:10,23.520008,87.310010,0.0138,0.0626,1.0253,0.806,-0.236,1.192,0.0063,0.0106,1.0189,low
2026-01-01 00:28:11,23.520005,87.310011,0.0546,-0.0041,1.0325,0.060,2.682,-0.840,0.0676,0.0799,0.9855,low
2026-01-01 00:28:12,23.519985,87.310006,0.0507,-0.0211,0.9839,1.703,1.321,0.063,0.0094,0.0498,1.0027,low
2026-01-01 00:28:13,23.519995,87.309992,0.0163,0.0028,0.9972,0.163,0.742,0.203,0.0908,0.0556,1.0050,low
2026-01-01 00:28:14,23.520009,87.309998,0.0326,0.0682,1.0654,1.493,1.176,0.801,0.1112,0.0394,1.0074,low
2026-01-01 00:28:15,23.520018,87.310011,0.0727,-0.0189,1.0443,1.059,2.010,0.875,0.0856,0.0147,1.0157,low
2026-01-01 00:28:16,23.520005,87.309995,0.0984,0.0270,1.0004,0.501,0.851,1.451,0.0463,0.0211,1.0926,low
2026-01-01 00:28:17,23.519999,87.309983,0.0724,0.0888,1.0118,1.352,1.365,1.069,0.0632,0.0911,0.9806,low
2026-01-01 00:28:18,23.519985,87.310019,0.0137,0.0710,1.0540,0.553,-0.131,0.749,0.1015,0.1120,1.0129,low
2026-01-01 00:28:19,23.520003,87.309996,0.0399,-0.0271,0.9965,0.149,1.474,0.664,0.0619,0.0605,1.0358,low
2026-01-01 00:28:20,23.520008,87.310004,0.0424,-0.0012,0.9810,2.012,1.035,0.807,0.0860,0.0113,1.0411,low
2026-01-01 00:28:21,23.520006,87.310012,0.0794,0.0022,0.9981,-0.337,-0.410,0.755,0.1026,0.0196,1.0029,low
2026-01-01 00:28:22,23.519987,87.310021,0.0546,0.0288,1.0017,0.033,0.532,1.858,0.0244,0.1023,1.0459,low
2026-01-01 00:28:23,23.520008,87.309985,0.0510,0.0734,1.0295,0.633,0.029,0.729,0.1859,0.0666,0.9813,low
2026-01-01 00:28:24,23.520007,87.310007,-0.0072,-0.0516,1.0497,1.576,0.982,1.502,0.0405,0.1103,1.0030,low
2026-01-01 00:28:25,23.519993,87.309986,0.0818,0.0829,1.0397,1.569,1.848,1.369,0.0953,0.0424,1.0237,low
2026-01-01 00:28:26,23.520017,87.310000,0.0659,0.0237,1.0208,2.158,2.063,1.303,0.0975,0.0764,1.0177,low
2026-01-01 00:28:27,23.519999,87.310006,0.0329,0.0069,1.0273,1.947,0.075,1.442,0.1205,0.0894,1.0005,low
2026-01-01 00:28:28,23.519995,87.309994,0.0252,0.0497,1.0305,1.172,2.481,1.147,0.0671,0.0150,1.0406,low
2026-01-01 00:28:29,23.519996,87.310007,-0.0062,0.0587,1.0270,1.152,1.106,1.436,0.0616,0.0082,1.0378,low
2026-01-01 00:28:30,23.519993,87.309994,0.0297,0.0273,1.0398,-0.046,2.062,0.867,0.0228,0.0718,1.0374,low
2026-01-01 00:28:31,23.519986,87.310003,0.0206,0.0847,1.0112,1.375,0.804,0.271,0.1510,0.0043,1.0128,low
2026-01-01 00:28:32,23.520000,87.310013,0.0262,0.0382,1.0276,2.025,0.904,0.699,0.0831,0.0444,1.0355,low
2026-01-01 00:28:33,23.520011,87.310013,0.0679,0.0211,1.0561,1.409,0.806,1.719,0.0074,0.0576,0.9999,low
2026-01-01 00:28:34,23.520019,87.310008,0.0500,0.0363,1.0160,0.270,0.924,1.002,0.0687,0.0220,0.9765,low
2026-01-01 00:28:35,23.520000,87.309998,0.0084,0.0484,1.0169,1.448,1.145,0.795,0.0601,0.0904,0.9990,low
2026-01-01 00:28:36,23.520002,87.309999,0.0486,0.0245,1.0127,0.590,-0.094,0.458,0.0846,0.0236,1.0588,low
2026-01-01 00:28:37,23.520005,87.310000,0.0433,0.0725,0.9871,0.626,1.011,0.458,0.0775,0.0361,1.0209,low
2026-01-01 00:28:38,23.520006,87.310001,0.1164,0.0613,1.0041,-0.027,-0.625,0.774,0.0498,0.0102,1.0716,low
2026-01-01 00:28:39,23.520014,87.310015,0.0749,0.0663,1.0272,1.284,0.850,1.657,0.0468,0.0418,1.0467,low
2026-01-01 00:28:40,23.520005,87.309996,0.0440,0.0195,1.0279,3.519,1.473,0.860,0.1634,0.0854,1.0579,low
2026-01-01 00:28:41,23.520003,87.309997,0.0339,0.0145,0.9970,1.216,0.932,0.214,0.0441,0.0717,1.0408,low
2026-01-01 00:28:42,23.520003,87.310006,-0.0133,0.0916,1.0176,1.059,0.291,0.981,0.0182,0.0407,1.0317,low
2026-01-01 00:28:43,23.520011,87.309995,0.0967,0.0115,1.0099,1.145,0.055,0.627,0.0467,0.1108,1.0065,low
2026-01-01 00:28:44,23.519993,87.310008,0.0022,0.0488,0.9800,1.180,2.077,-0.124,0.0366,0.0649,1.0489,low
2026-01-01 00:28:45,23.520010,87.310001,0.0182,0.0490,1.0420,0.933,0.132,1.685,0.0465,0.1126,1.0146,low
2026-01-01 00:28:46,23.520005,87.309980,0.0034,0.0331,1.0062,0.979,2.290,0.365,0.0761,0.0811,1.0010,low
2026-01-01 00:28:47,23.520017,87.310004,-0.0271,0.0626,1.0069,-0.040,0.360,1.330,0.0344,-0.0139,0.9954,low
2026-01-01 00:28:48,23.520010,87.309991,0.0830,0.0038,1.0294,2.261,0.187,-0.364,0.1126,0.0559,1.0268,low
2026-01-01 00:28:49,23.520001,87.309986,0.0563,0.1034,0.9979,0.119,1.001,1.146,0.0846,0.0329,0.9912,low
2026-01-01 00:28:50,23.519987,87.310006,0.0969,0.0446,1.0037,0.868,1.765,0.142,0.0116,0.0459,0.9812,low
2026-01-01 00:28:51,23.519996,87.310016,0.0788,0.0197,1.0087,2.140,0.373,0.637,0.0445,0.0473,1.0697,low
2026-01-01 00:28:52,23.519990,87.310002,0.0272,0.0392,1.0183,1.944,1.460,0.065,0.0752,-0.0145,1.0048,low
2026-01-01 00:28:53,23.519998,87.309999,0.0061,0.0976,1.0623,1.019,1.352,1.643,0.0629,0.0027,1.0488,low
2026-01-01 00:28:54,23.520009,87.309986,0.0874,0.0337,1.0009,0.669,1.576,1.014,0.0410,0.0619,1.0473,low
2026-01-01 00:28:55,23.519992,87.309982,0.0110,0.0660,1.0122,0.706,-0.393,-0.963,0.0982,0.0815,1.0068,low
2026-01-01 00:28:56,23.519997,87.310011,0.0211,0.0134,1.0022,1.562,0.534,0.290,0.1017,0.1428,1.0418,low
2026-01-01 00:28:57,23.520006,87.310000,0.0380,-0.0029,1.0316,0.862,-0.265,0.157,0.0790,0.0590,1.0268,low
2026-01-01 00:28:58,23.519985,87.310002,0.0669,-0.0020,1.0363,0.765,0.823,1.416,0.0685,0.0542,1.0007,low
2026-01-01 00:28:59,23.519975,87.310008,0.0187,0.0385,1.0256,2.128,0.992,0.728,0.0420,0.1021,0.9845,low
2026-01-01 00:29:00,23.520000,87.309997,0.0208,0.0955,1.0539,1.726,1.733,1.540,0.0010,0.0814,1.0088,low
2026-01-01 00:29:01,23.519999,87.310020,0.0316,0.0179,1.0193,2.693,0.976,0.215,0.1279,-0.0121,1.0228,low
2026-01-01 00:29:02,23.520002,87.310003,0.0400,0.0467,1.0420,1.483,0.865,1.393,-0.0243,0.1180,1.0528,low
2026-01-01 00:29:03,23.520003,87.310001,0.0317,0.0322,1.0053,1.140,1.726,1.380,0.0242,0.0279,1.0238,low
2026-01-01 00:29:04,23.520014,87.310016,0.0436,0.0336,1.0403,1.237,0.575,0.943,0.0657,-0.0313,1.0108,low
2026-01-01 00:29:05,23.520005,87.309985,0.0495,0.0418,0.9985,0.953,-0.028,0.631,0.0423,0.0857,1.0038,low
2026-01-01 00:29:06,23.520001,87.309996,0.0757,0.0186,1.0085,1.532,0.864,0.240,0.0386,0.0451,1.0262,low
2026-01-01 00:29:07,23.520017,87.310007,0.0552,0.0544,1.0199,1.467,-0.176,1.034,0.0228,0.0713,1.0303,low
2026-01-01 00:29:08,23.520004,87.310008,0.0467,0.0009,1.0175,1.613,1.482,-0.412,0.0601,0.0861,0.9977,low
2026-01-01 00:29:09,23.519996,87.309998,0.0812,0.0627,1.0003,0.544,1.973,0.583,0.0639,0.0438,1.0994,low
2026-01-01 00:29:10,23.519997,87.309991,0.0173,0.0893,1.0415,1.502,2.415,2.162,0.0509,0.1079,1.0836,medium
2026-01-01 00:29:11,23.520003,87.309986,0.1137,0.0495,1.0471,3.751,0.532,1.406,0.1707,0.1244,1.0199,medium
2026-01-01 00:29:12,23.520001,87.309999,0.0999,0.0355,1.0504,2.223,1.908,1.075,0.0607,0.1142,1.0189,medium
2026-01-01 00:29:13,23.520000,87.310004,0.0566,0.0317,1.0395,2.019,2.049,1.466,0.1306,0.1199,1.0744,medium
2026-01-01 00:29:14,23.520007,87.310006,0.0897,0.0508,1.0533,2.553,2.625,1.118,0.1505,0.0061,1.0358,medium
2026-01-01 00:29:15,23.519998,87.309989,0.0601,0.0915,1.0578,2.449,1.577,2.088,0.1309,0.1107,1.0242,medium
2026-01-01 00:29:16,23.520008,87.309996,0.1427,0.0789,1.0277,4.003,1.307,1.598,0.0915,0.0517,1.0182,medium
2026-01-01 00:29:17,23.519999,87.310007,0.0744,0.0230,0.9886,2.842,2.773,1.176,0.0731,0.0916,1.0794,medium
2026-01-01 00:29:18,23.520001,87.309998,0.0720,0.1078,1.0499,1.801,2.295,0.354,0.0491,0.1326,1.0732,medium
2026-01-01 00:29:19,23.519996,87.309995,0.0645,0.0174,1.0155,3.738,1.850,1.393,0.1431,0.1093,1.0023,medium
2026-01-01 00:29:20,23.520007,87.310001,0.0377,0.1382,0.9974,4.717,2.109,0.499,0.1137,0.1018,1.0562,medium
2026-01-01 00:29:21,23.520014,87.309998,0.0378,0.0678,1.0800,3.400,1.591,1.218,0.1219,0.0384,1.0862,medium
2026-01-01 00:29:22,23.520003,87.309987,0.0673,0.1161,1.0156,0.964,1.100,1.686,0.0551,0.0334,1.0517,medium
2026-01-01 00:29:23,23.519991,87.310008,0.1187,0.0630,1.0367,2.228,1.265,1.855,0.1089,0.1518,1.0320,medium
2026-01-01 00:29:24,23.520008,87.310004,0.0725,0.0726,1.0576,3.091,2.148,0.963,0.0950,0.0865,1.0438,medium
2026-01-01 00:29:25,23.520011,87.309989,0.1096,0.0309,1.0010,2.775,1.841,0.578,0.1318,0.0660,1.0433,medium
2026-01-01 00:29:26,23.519999,87.310006,0.0825,0.0035,1.0514,2.329,1.706,2.102,0.1323,0.0623,1.0576,medium
2026-01-01 00:29:27,23.520020,87.309996,0.0936,0.0425,1.0239,4.090,2.409,1.017,0.1280,0.0405,1.0387,medium
2026-01-01 00:29:28,23.520006,87.310009,0.0885,0.1188,1.0430,2.459,0.547,1.178,0.1265,0.0879,1.0283,medium
2026-01-01 00:29:29,23.519983,87.310006,0.1078,0.0738,1.0433,1.163,0.347,2.090,0.0821,0.0346,1.0345,medium
2026-01-01 00:29:30,23.519998,87.310006,0.0952,0.0802,1.0398,0.802,1.346,1.744,0.0808,0.0864,1.0388,medium
2026-01-01 00:29:31,23.520008,87.309970,0.0994,0.0892,1.0428,2.659,2.245,1.361,0.1302,0.0399,1.0213,medium
2026-01-01 00:29:32,23.520004,87.309982,0.1022,0.0688,1.0174,3.125,2.016,1.017,0.0804,0.0510,0.9997,medium
2026-01-01 00:29:33,23.520001,87.310014,0.0856,0.0840,1.0550,2.432,2.632,2.191,0.0566,0.1296,1.0563,medium
2026-01-01 00:29:34,23.519990,87.309999,0.1103,0.0631,1.0136,0.890,0.516,1.346,0.1345,0.0969,1.0120,medium
2026-01-01 00:29:35,23.519999,87.310003,0.1615,0.0483,1.0294,1.627,2.339,1.521,0.0860,0.1481,1.0410,medium
2026-01-01 00:29:36,23.520001,87.309995,0.0707,0.1164,1.0598,3.658,0.760,0.495,0.0073,0.0474,1.0486,medium
2026-01-01 00:29:37,23.520002,87.310005,0.1153,0.0928,1.0372,3.115,1.882,1.491,0.0912,0.0515,1.0130,medium
2026-01-01 00:29:38,23.520014,87.310007,0.0998,0.0739,1.0456,1.127,1.836,1.394,0.0981,0.0536,1.0080,medium
2026-01-01 00:29:39,23.520004,87.310004,0.1000,0.0308,1.0319,1.967,2.656,2.121,0.0695,0.0815,1.0153,medium
2026-01-01 00:29:40,23.520004,87.309998,0.0811,0.0848,1.0349,3.428,1.939,0.754,0.1124,0.1286,0.9887,medium
2026-01-01 00:29:41,23.519995,87.310004,0.1030,0.0614,1.0204,2.859,1.187,0.680,0.0618,0.1227,1.0763,medium
2026-01-01 00:29:42,23.520015,87.309996,0.1201,0.0946,1.0615,1.238,2.242,1.680,0.0774,0.0970,1.0795,medium
2026-01-01 00:29:43,23.520001,87.309997,0.1450,0.0894,1.0078,2.849,1.474,1.889,0.1564,0.0239,1.0473,medium
2026-01-01 00:29:44,23.520004,87.309989,0.1111,0.0669,1.0321,2.906,1.201,1.729,0.0504,0.0589,1.0455,medium
2026-01-01 00:29:45,23.519982,87.309999,0.1173,0.0595,1.0662,3.387,0.591,0.833,0.1061,0.0777,1.0363,medium
2026-01-01 00:29:46,23.520010,87.310000,0.1117,0.0962,1.0365,1.931,2.034,1.359,0.0899,0.0667,1.0319,medium
2026-01-01 00:29:47,23.520003,87.309987,0.0870,0.0711,1.0651,2.243,1.807,0.819,0.1596,0.0291,1.0817,medium
2026-01-01 00:29:48,23.519994,87.310019,0.0493,0.0142,1.0684,1.878,2.600,0.150,0.0776,0.1419,1.0269,medium
2026-01-01 00:29:49,23.519999,87.310023,0.0422,0.0624,1.0208,1.586,2.136,0.899,0.0772,0.0483,1.0765,medium
2026-01-01 00:29:50,23.519996,87.309999,0.0417,0.0813,1.0767,2.494,2.169,0.361,0.1241,0.0926,1.0254,medium
2026-01-01 00:29:51,23.519994,87.309994,0.1286,0.0441,1.0462,2.003,2.068,2.075,0.0649,0.0167,1.0219,medium
2026-01-01 00:29:52,23.519999,87.310000,0.0999,0.0747,1.0301,2.793,0.319,2.018,0.0617,0.0380,1.0372,medium
2026-01-01 00:29:53,23.520010,87.309999,0.1626,0.0484,1.0306,1.286,0.700,1.512,0.1719,0.0952,1.1175,medium
2026-01-01 00:29:54,23.519990,87.309997,0.0780,0.0258,1.0158,2.808,0.782,1.248,0.1913,0.1483,1.0070,medium
2026-01-01 00:29:55,23.519999,87.310022,0.0789,0.0591,1.0894,2.641,2.380,1.938,0.1035,0.0673,1.0219,medium
2026-01-01 00:29:56,23.520014,87.310004,0.0860,0.0672,1.0552,1.420,2.272,1.445,0.0541,0.0622,1.0383,medium
2026-01-01 00:29:57,23.520008,87.310003,0.1208,0.0253,1.0318,1.911,1.690,1.500,0.0957,0.1162,1.0728,medium
2026-01-01 00:29:58,23.520007,87.309994,0.0631,0.0156,1.0611,2.893,2.280,1.381,0.1358,0.0649,1.0771,medium
2026-01-01 00:29:59,23.520013,87.310023,0.0901,0.0419,1.0310,2.503,2.173,0.722,0.1007,0.1024,1.0466,medium
2026-01-01 00:30:00,23.520014,87.309989,0.0682,0.0425,0.9977,1.796,1.271,1.083,0.0611,0.1228,1.0245,medium
2026-01-01 00:30:01,23.520018,87.309990,0.0816,0.1016,1.0531,1.425,0.892,2.044,0.0435,0.0771,1.0527,medium
2026-01-01 00:30:02,23.520011,87.309988,0.1028,0.0477,1.0464,2.403,2.398,0.500,0.0890,0.0470,1.0648,medium
2026-01-01 00:30:03,23.520008,87.309995,0.1017,0.0687,1.0652,1.178,1.540,1.857,0.0924,0.0700,1.0599,medium
2026-01-01 00:30:04,23.519998,87.310003,0.0694,0.0341,1.0450,1.084,1.376,1.562,0.1729,0.0858,1.0434,medium
2026-01-01 00:30:05,23.519991,87.310010,0.1319,0.0897,1.0494,2.562,1.331,0.907,0.1369,0.1013,1.0358,medium
2026-01-01 00:30:06,23.519991,87.310018,0.0676,0.0864,1.0514,2.423,0.853,1.762,0.1847,0.0347,1.0006,medium
2026-01-01 00:30:07,23.520004,87.310008,0.0492,0.0701,1.0361,0.967,3.051,0.947,0.0138,0.1023,1.0517,medium
2026-01-01 00:30:08,23.520009,87.309992,0.0950,0.0801,1.0124,2.594,1.448,1.315,0.0880,0.0694,1.0747,medium
2026-01-01 00:30:09,23.520008,87.309998,0.0613,0.0836,1.0355,2.242,2.422,1.151,0.0598,0.0197,1.0155,medium
2026-01-01 00:30:10,23.519983,87.310003,0.1115,0.0227,1.0554,1.662,0.749,0.699,0.1081,0.0743,1.0190,medium
2026-01-01 00:30:11,23.519990,87.309992,0.0920,0.0304,0.9960,3.218,2.173,2.255,0.1570,0.0906,1.0401,medium
2026-01-01 00:30:12,23.520004,87.309993,0.1140,0.1023,1.0151,2.337,0.601,1.642,0.0953,0.1126,1.0153,medium
2026-01-01 00:30:13,23.519993,87.309999,0.0816,0.1137,1.0287,2.206,2.074,1.366,0.0448,0.0876,1.1080,medium
2026-01-01 00:30:14,23.519992,87.310015,0.0944,0.0745,0.9958,1.950,1.797,1.870,0.1103,0.0259,1.0118,medium
2026-01-01 00:30:15,23.519983,87.310011,0.0632,0.1120,1.0034,2.796,0.436,1.230,0.0487,0.1510,1.0281,medium
2026-01-01 00:30:16,23.519990,87.309995,0.1042,0.0804,1.0631,1.299,1.672,0.490,0.0437,0.0722,1.0452,medium
2026-01-01 00:30:17,23.520017,87.310027,0.1381,0.0516,1.0270,1.424,2.287,1.852,0.0836,0.1312,1.0734,medium
2026-01-01 00:30:18,23.520024,87.309983,0.0693,0.0682,1.0709,1.639,0.491,1.208,0.0951,0.0751,1.0381,medium
2026-01-01 00:30:19,23.520016,87.310002,0.0595,0.0355,1.0158,2.591,2.719,2.238,0.0549,0.1190,1.0013,medium
2026-01-01 00:30:20,23.519998,87.309994,0.0913,0.1319,1.0355,1.196,2.557,1.474,0.0787,0.1719,1.0513,medium
2026-01-01 00:30:21,23.520001,87.310018,0.1030,0.0586,1.0242,2.262,3.600,1.307,0.1319,0.0458,1.0777,medium
2026-01-01 00:30:22,23.520007,87.309999,0.0774,0.0450,1.0356,1.718,1.404,0.933,0.0511,0.0963,1.0922,medium
2026-01-01 00:30:23,23.519986,87.309996,0.0914,0.0718,0.9963,1.883,0.244,1.194,0.1158,0.1018,1.0070,medium
2026-01-01 00:30:24,23.519983,87.310023,0.0868,0.0426,1.0091,2.089,2.585,1.829,0.1029,0.0819,1.0611,medium
2026-01-01 00:30:25,23.519969,87.310009,0.0913,0.0482,1.0316,1.536,2.251,0.788,0.1513,0.0618,1.0177,medium
2026-01-01 00:30:26,23.520008,87.310010,0.1346,0.0641,1.0576,2.440,4.599,1.217,0.0647,0.1485,1.0335,medium
2026-01-01 00:30:27,23.520006,87.309980,0.0929,0.0338,1.0372,1.823,0.268,1.065,0.1210,0.1745,1.0232,medium
2026-01-01 00:30:28,23.519995,87.309992,0.1223,0.0909,1.0440,3.085,3.244,1.441,0.1228,0.0469,1.0287,medium
2026-01-01 00:30:29,23.519999,87.310015,0.0883,0.0827,1.0720,2.536,1.899,0.942,0.0476,0.0672,1.0007,medium
2026-01-01 00:30:30,23.520000,87.310000,0.0748,0.1064,1.0279,2.681,2.138,0.782,0.0702,0.1053,1.0447,medium
2026-01-01 00:30:31,23.519993,87.309996,0.1213,0.0825,1.0728,1.877,0.956,2.519,0.1850,0.0383,1.0599,medium
2026-01-01 00:30:32,23.520019,87.310015,0.0588,0.0904,1.0031,2.544,1.574,2.428,0.0808,0.1100,1.0428,medium
2026-01-01 00:30:33,23.520007,87.310004,0.0921,0.1043,1.0556,2.523,1.547,1.412,0.0970,0.0600,1.0640,medium
2026-01-01 00:30:34,23.520010,87.310022,0.0267,0.0444,1.0325,2.679,1.879,1.604,0.1043,0.0918,1.0535,medium
2026-01-01 00:30:35,23.519994,87.309998,0.0769,0.0110,1.0423,2.269,-0.199,0.587,0.0552,0.1183,1.0428,medium
2026-01-01 00:30:36,23.520010,87.310017,0.0677,0.0793,1.0639,0.877,2.808,2.749,0.1104,0.0799,1.0474,medium
2026-01-01 00:30:37,23.520006,87.310005,0.1112,0.0640,1.0184,1.127,1.111,1.786,0.1170,0.0302,1.0802,medium
2026-01-01 00:30:38,23.519990,87.310018,0.0651,0.0174,1.0245,4.047,1.022,0.862,0.1323,0.0929,1.0295,medium
2026-01-01 00:30:39,23.520003,87.310014,0.0548,0.0515,1.0553,1.917,1.558,1.468,0.0710,0.1138,1.0066,medium
2026-01-01 00:30:40,23.520004,87.309992,0.0990,0.0538,1.0237,2.339,2.336,1.252,0.0732,0.1197,1.0167,medium
2026-01-01 00:30:41,23.519997,87.310006,0.1113,0.0360,1.0264,2.550,1.521,1.595,0.1488,0.0289,1.0160,medium
2026-01-01 00:30:42,23.520012,87.310000,0.0676,0.0538,1.0199,2.273,0.612,1.497,0.1757,0.0847,1.0790,medium
2026-01-01 00:30:43,23.519998,87.309993,0.0694,0.0406,1.0317,0.715,1.582,1.466,0.1122,0.0846,1.0635,medium
2026-01-01 00:30:44,23.519984,87.310004,0.1182,0.0697,1.0535,2.194,0.353,0.429,0.0767,0.0012,1.0513,medium
2026-01-01 00:30:45,23.520000,87.310009,0.0805,0.0232,0.9833,0.293,2.728,1.298,0.1432,0.0925,1.0484,medium
2026-01-01 00:30:46,23.520002,87.310002,0.1162,0.1023,1.0977,2.631,1.774,0.796,0.0888,0.0390,1.0979,medium
2026-01-01 00:30:47,23.520009,87.309999,0.1303,0.0578,1.0236,3.043,2.550,0.490,0.1291,0.1511,1.0330,medium
2026-01-01 00:30:48,23.520009,87.310011,0.0636,0.0569,1.0383,2.480,2.515,1.207,0.1524,0.1061,1.0322,medium
2026-01-01 00:30:49,23.520014,87.310002,0.0912,0.0540,1.0519,3.310,1.308,1.679,0.1318,0.0763,0.9987,medium
2026-01-01 00:30:50,23.520006,87.309982,0.0570,0.0397,1.0350,1.208,0.137,0.961,0.1332,0.0860,1.0208,medium
2026-01-01 00:30:51,23.520001,87.310001,0.0689,0.0905,1.0622,2.395,0.962,1.485,0.1240,0.0847,1.0689,medium
2026-01-01 00:30:52,23.519975,87.310004,0.0752,0.0181,1.0118,2.108,2.070,1.278,0.0923,0.0840,1.0796,medium
2026-01-01 00:30:53,23.519998,87.309999,0.0882,0.0604,1.0244,1.981,1.993,0.888,0.1093,0.0567,1.0154,medium
2026-01-01 00:30:54,23.520015,87.310007,0.1091,0.0586,1.0538,1.326,0.991,1.969,0.1600,0.1386,1.0119,medium
2026-01-01 00:30:55,23.520004,87.310008,0.0163,0.0880,1.0346,0.654,0.700,1.127,0.1351,0.0759,1.0429,medium
2026-01-01 00:30:56,23.519992,87.309988,0.1120,0.0781,1.0303,1.068,2.879,1.504,0.1216,0.0817,1.0301,medium
2026-01-01 00:30:57,23.520011,87.310001,0.0528,0.0279,1.0584,2.623,1.653,1.403,0.0952,0.1152,1.0539,medium
2026-01-01 00:30:58,23.519996,87.309986,0.0855,0.1301,1.0234,2.317,1.813,1.075,0.0828,0.1307,1.0570,medium
2026-01-01 00:30:59,23.520010,87.309996,0.1127,0.0620,1.0183,1.329,2.911,2.201,0.1725,0.0669,1.0508,medium
2026-01-01 00:31:00,23.520003,87.310004,0.0441,0.0881,1.0419,1.549,1.688,1.017,0.0862,0.0600,1.0259,medium
2026-01-01 00:31:01,23.519998,87.309997,0.1039,0.0175,1.0448,2.248,2.327,1.821,0.1003,0.0855,1.0159,medium
2026-01-01 00:31:02,23.519989,87.309992,0.0812,0.0393,1.0483,2.077,1.805,1.340,0.1017,0.0914,1.0229,medium
2026-01-01 00:31:03,23.519993,87.309986,0.0865,0.1056,1.0082,2.811,2.711,1.549,0.0581,0.0842,1.0354,medium
2026-01-01 00:31:04,23.520001,87.309992,0.0472,0.0388,1.0522,1.679,0.579,1.208,0.1164,0.0795,1.0340,medium
2026-01-01 00:31:05,23.519988,87.310003,0.0918,0.0695,1.0645,2.488,2.971,1.575,0.1262,0.1026,1.0399,medium
2026-01-01 00:31:06,23.519998,87.310005,0.1153,0.0896,1.0124,2.143,1.902,0.897,0.0938,0.0753,0.9815,medium
2026-01-01 00:31:07,23.519989,87.309998,0.0429,0.0780,1.0731,3.155,1.532,1.054,0.1443,0.0678,1.0598,medium
2026-01-01 00:31:08,23.520017,87.310001,0.0636,0.0539,1.0124,2.291,1.750,1.593,0.1244,0.0708,1.0366,medium
2026-01-01 00:31:09,23.519995,87.309990,0.0936,0.0646,1.0592,0.757,0.976,0.267,0.0912,0.1078,1.0182,medium
2026-01-01 00:31:10,23.520004,87.310002,0.0947,0.0187,0.9924,1.919,2.285,0.740,0.1433,0.1102,1.0453,medium
2026-01-01 00:31:11,23.520016,87.309991,0.0656,0.0460,1.0159,2.528,2.699,1.947,0.0606,0.0847,1.0730,medium
2026-01-01 00:31:12,23.519991,87.309995,0.1052,0.0907,1.0302,1.602,1.905,1.838,0.1080,0.0898,1.0215,medium
2026-01-01 00:31:13,23.519995,87.309992,0.0884,0.0860,1.0459,3.064,2.917,0.829,0.0926,0.1230,1.0675,medium
2026-01-01 00:31:14,23.519992,87.310006,0.0647,0.0687,1.0478,1.994,1.421,0.270,0.1205,0.0751,1.0205,medium
2026-01-01 00:31:15,23.519991,87.309998,0.1056,-0.0056,0.9972,1.582,2.252,1.058,0.1319,0.0902,1.0500,medium
2026-01-01 00:31:16,23.519988,87.309995,0.1411,0.0285,1.0551,2.232,1.130,2.012,0.1108,0.0308,1.0345,medium
2026-01-01 00:31:17,23.519992,87.310003,0.1421,0.0718,1.0211,3.915,1.931,0.351,0.1206,0.0787,1.0094,medium
2026-01-01 00:31:18,23.520008,87.310003,0.0868,0.0788,1.0371,2.070,0.484,1.057,0.0941,0.0650,1.0572,medium
2026-01-01 00:31:19,23.520010,87.309998,0.0843,0.0362,0.9959,0.924,1.485,1.391,0.1189,0.0531,1.0174,medium
2026-01-01 00:31:20,23.520004,87.309984,0.0535,0.0209,1.0193,1.282,0.963,1.608,0.1103,0.0978,1.0435,medium
2026-01-01 00:31:21,23.520006,87.310011,0.0428,0.0961,1.0313,1.113,1.338,1.215,0.1997,0.0467,1.0241,medium
2026-01-01 00:31:22,23.519990,87.309989,0.1303,0.0556,1.0269,2.659,1.677,1.946,0.1320,0.1230,1.0208,medium
2026-01-01 00:31:23,23.520015,87.309999,0.0348,0.1002,1.0434,1.771,2.516,0.907,0.1669,0.1254,1.0866,medium
2026-01-01 00:31:24,23.519996,87.309986,0.0926,0.0615,0.9804,1.998,1.328,1.572,0.1738,0.0429,1.0316,medium
2026-01-01 00:31:25,23.520000,87.309998,0.0682,0.0266,1.0523,1.345,2.808,2.061,0.1509,0.1106,1.0208,medium
2026-01-01 00:31:26,23.520019,87.310004,0.0699,0.1058,1.0604,2.515,2.343,1.070,0.1482,0.0708,1.0455,medium
2026-01-01 00:31:27,23.519980,87.310003,0.0652,0.0354,1.0190,1.715,1.058,1.330,0.0960,0.0309,1.1044,medium
2026-01-01 00:31:28,23.520004,87.309979,0.1279,0.1017,1.0658,2.080,0.995,1.438,0.0919,0.0772,0.9844,medium
2026-01-01 00:31:29,23.519998,87.309990,0.0863,0.0981,1.0928,-0.116,1.480,0.685,0.1621,0.0993,1.0303,medium
2026-01-01 00:31:30,23.519999,87.310008,0.1068,0.0251,1.0137,2.786,2.142,1.408,0.0483,0.1537,1.0280,medium
2026-01-01 00:31:31,23.520002,87.309995,0.0619,0.0769,1.0156,1.483,1.131,2.440,0.0627,0.0636,0.9770,medium
2026-01-01 00:31:32,23.520028,87.310006,0.0389,0.0293,1.0139,1.017,0.426,0.588,0.1870,0.1222,1.0245,medium
2026-01-01 00:31:33,23.520000,87.310007,0.1591,-0.0008,1.0287,2.392,2.299,1.792,0.1069,0.1180,1.1012,medium
2026-01-01 00:31:34,23.519995,87.310014,0.0554,0.0291,1.0404,0.902,0.598,1.506,0.0776,0.1000,1.0278,medium
2026-01-01 00:31:35,23.519997,87.310001,0.1109,0.0789,1.0111,1.807,1.467,1.716,0.0712,0.1874,1.0466,medium
2026-01-01 00:31:36,23.519993,87.309987,0.0984,0.0883,1.0261,3.208,1.750,0.757,0.1159,0.0988,1.0257,medium
2026-01-01 00:31:37,23.519990,87.309985,0.0150,0.0472,1.0293,1.443,2.446,1.698,0.1196,0.1316,0.9932,medium
2026-01-01 00:31:38,23.519991,87.310002,0.0928,0.0539,1.0333,1.677,0.675,0.157,0.0980,0.0730,1.0732,medium
2026-01-01 00:31:39,23.519990,87.310007,0.0884,0.0371,1.0595,3.079,1.914,1.265,0.1307,0.0770,1.0356,medium
2026-01-01 00:31:40,23.519980,87.309988,0.1186,0.1166,1.0794,3.465,3.482,1.784,0.1546,0.2032,1.0896,high
2026-01-01 00:31:41,23.519994,87.309992,0.0839,0.1220,1.0147,3.985,2.391,1.775,0.2041,0.1356,1.1257,high
2026-01-01 00:31:42,23.519999,87.310006,0.1505,0.0658,1.0364,3.416,3.246,1.047,0.2306,0.1319,1.0600,high
2026-01-01 00:31:43,23.519996,87.310010,0.1424,0.1277,1.0268,3.916,1.972,1.801,0.1464,0.1203,1.0699,high
2026-01-01 00:31:44,23.519999,87.310009,0.1546,0.0738,1.0677,4.056,1.794,3.026,0.1336,0.1897,1.1092,high
2026-01-01 00:31:45,23.519984,87.310011,0.0850,0.1083,1.1091,2.455,2.072,2.276,0.1541,0.1511,1.0630,high
2026-01-01 00:31:46,23.520011,87.310003,0.1468,0.0735,1.0889,3.592,2.004,2.493,0.1980,0.0452,1.1278,high
2026-01-01 00:31:47,23.519999,87.309992,0.1155,0.0528,1.0654,3.831,2.227,1.727,0.2238,0.1414,1.0342,high
2026-01-01 00:31:48,23.519987,87.309984,0.1564,0.0842,1.1032,2.110,1.493,3.373,0.2120,0.1457,1.1162,high
2026-01-01 00:31:49,23.519976,87.310010,0.1215,0.0902,1.0600,4.036,2.167,2.800,0.2192,0.1649,1.0656,high
2026-01-01 00:31:50,23.520010,87.310007,0.1248,0.1452,1.0393,3.259,3.233,2.830,0.1502,0.1077,1.0417,high
2026-01-01 00:31:51,23.520000,87.310023,0.1249,0.0785,1.0716,2.269,1.647,2.536,0.1694,0.1071,1.0702,high
2026-01-01 00:31:52,23.520008,87.309985,0.1333,0.1267,1.0439,3.861,1.834,2.291,0.1932,0.1031,1.0885,high
2026-01-01 00:31:53,23.520001,87.310019,0.1555,0.1317,1.0867,1.225,2.258,2.187,0.1082,0.1879,1.0193,high
2026-01-01 00:31:54,23.519988,87.309988,0.1352,0.1513,1.0086,2.520,3.264,2.586,0.1746,0.1185,1.1396,high
2026-01-01 00:31:55,23.520002,87.310004,0.1367,0.1109,1.0084,2.864,3.952,2.573,0.1607,0.1332,1.1106,high
2026-01-01 00:31:56,23.520004,87.309996,0.1668,0.0733,1.0366,3.389,2.447,2.138,0.1968,0.1933,1.1152,high
2026-01-01 00:31:57,23.519993,87.309997,0.1580,0.0920,1.0155,3.316,2.678,1.069,0.1674,0.1844,1.0472,high
2026-01-01 00:31:58,23.520002,87.310011,0.1049,0.1241,1.0411,2.841,2.879,2.489,0.1926,0.1280,1.0629,high
2026-01-01 00:31:59,23.520003,87.309990,0.0788,0.0532,1.0685,3.612,3.768,2.237,0.2368,0.0872,1.0009,high
2026-01-01 00:32:00,23.519999,87.310012,0.1393,0.0793,1.0682,3.419,3.354,1.484,0.1614,0.0687,1.0139,high
2026-01-01 00:32:01,23.520004,87.310000,0.1911,0.1574,1.0610,4.168,1.904,2.354,0.2421,0.1477,1.1248,high
2026-01-01 00:32:02,23.519992,87.310004,0.1234,0.1384,1.0649,3.006,3.524,2.298,0.2289,0.1846,1.0890,high
2026-01-01 00:32:03,23.519986,87.310019,0.1519,0.1041,1.0052,3.915,2.105,2.007,0.1541,0.1653,1.1472,high
2026-01-01 00:32:04,23.520005,87.309986,0.1151,0.1185,1.0836,3.654,2.383,0.560,0.2226,0.0747,1.0246,high
2026-01-01 00:32:05,23.519999,87.310007,0.1289,0.2237,1.0675,3.071,2.567,0.927,0.1044,0.1010,1.0722,high
2026-01-01 00:32:06,23.520013,87.310007,0.1033,0.0856,1.0124,3.716,2.686,3.030,0.2118,0.0685,1.0081,high
2026-01-01 00:32:07,23.520007,87.309997,0.1419,0.1038,1.0237,3.535,1.979,1.347,0.1027,0.1308,1.0917,high
2026-01-01 00:32:08,23.519991,87.309995,0.1045,0.0655,1.0512,3.338,2.562,1.801,0.1773,0.0440,1.1024,high
2026-01-01 00:32:09,23.519999,87.309998,0.1263,0.0988,1.0229,3.311,3.228,2.874,0.0746,0.1370,1.0623,high
2026-01-01 00:32:10,23.520008,87.309987,0.1125,0.0860,1.0565,3.656,2.801,2.550,0.1273,0.1105,1.0634,high
2026-01-01 00:32:11,23.520019,87.310003,0.1740,0.1358,1.0647,2.648,2.653,2.530,0.1552,0.1548,1.1145,high
2026-01-01 00:32:12,23.520000,87.310002,0.1837,0.0713,1.0981,3.564,1.804,2.111,0.1992,0.2124,1.0762,high
2026-01-01 00:32:13,23.519985,87.309993,0.1494,0.1316,1.0322,3.886,4.459,1.768,0.2152,0.1627,1.0923,high
2026-01-01 00:32:14,23.519994,87.310006,0.1644,0.0974,1.0725,2.228,4.294,2.979,0.1348,0.1190,1.1039,high
2026-01-01 00:32:15,23.520009,87.309990,0.1892,0.1116,1.0323,3.057,3.773,1.326,0.1837,0.1462,1.1361,high
2026-01-01 00:32:16,23.519991,87.310016,0.1780,0.0398,1.0855,3.400,2.200,0.632,0.1394,0.1581,1.0119,high
2026-01-01 00:32:17,23.519995,87.310018,0.1694,0.1127,1.0731,3.282,3.267,2.209,0.1387,0.1555,0.9738,high
2026-01-01 00:32:18,23.520010,87.310020,0.1678,0.1327,1.0552,4.574,0.842,2.683,0.0992,0.1333,1.0776,high
2026-01-01 00:32:19,23.520003,87.309994,0.1384,0.1188,1.0572,3.036,2.702,2.564,0.1380,0.1056,1.0493,high
2026-01-01 00:32:20,23.519999,87.310003,0.1590,0.1173,1.0769,4.450,3.363,2.677,0.1277,0.1662,1.0336,high
2026-01-01 00:32:21,23.519994,87.310001,0.1088,0.0602,1.0445,3.925,1.888,3.702,0.1389,0.2010,1.0495,high
2026-01-01 00:32:22,23.519995,87.309997,0.1899,0.0858,1.0284,4.019,2.932,2.749,0.1894,0.1331,1.0448,high
2026-01-01 00:32:23,23.520002,87.309997,0.1073,0.0789,1.0362,3.529,2.736,0.876,0.1476,0.0883,1.1219,high
2026-01-01 00:32:24,23.520011,87.310012,0.1213,0.1174,1.0333,3.568,2.973,2.234,0.1272,0.1192,1.0661,high
2026-01-01 00:32:25,23.519981,87.309991,0.1227,0.1304,1.0574,2.686,3.085,1.128,0.1618,0.1290,1.0489,high
2026-01-01 00:32:26,23.520004,87.309987,0.1742,0.0916,1.0219,2.538,2.421,1.924,0.1395,0.2347,1.0479,high
2026-01-01 00:32:27,23.519981,87.309999,0.1622,0.0923,1.0632,2.415,3.115,1.900,0.1424,0.1621,1.1225,high
2026-01-01 00:32:28,23.520014,87.310004,0.0668,0.1030,1.0097,4.054,3.604,1.918,0.1613,0.1110,1.1286,high
2026-01-01 00:32:29,23.520003,87.310004,0.1146,0.0834,1.0560,4.241,1.322,2.353,0.1427,0.0839,1.0821,high
2026-01-01 00:32:30,23.520020,87.310003,0.0818,0.0480,1.0294,2.424,3.465,2.101,0.1790,0.0920,1.0603,high
2026-01-01 00:32:31,23.520014,87.310002,0.1727,0.0407,1.0062,3.955,1.988,2.784,0.2088,0.1058,1.0629,high
2026-01-01 00:32:32,23.519981,87.310016,0.1214,0.1158,1.0714,3.715,2.750,2.815,0.1991,0.1486,1.1178,high
2026-01-01 00:32:33,23.519995,87.309987,0.1114,0.0493,1.0681,2.269,2.733,2.132,0.1297,0.1944,1.0086,high
2026-01-01 00:32:34,23.519982,87.309998,0.1397,0.0597,0.9901,2.753,2.409,1.174,0.1264,0.1306,1.1049,high
2026-01-01 00:32:35,23.519975,87.310001,0.1672,0.0709,1.0817,2.025,2.232,2.251,0.2104,0.1529,1.0519,high
2026-01-01 00:32:36,23.519999,87.309988,0.1432,0.0864,1.0283,3.763,1.799,2.169,0.0867,0.1050,1.1344,high
2026-01-01 00:32:37,23.520017,87.309990,0.1677,0.0848,1.0371,3.037,3.757,1.495,0.2169,0.0956,1.0931,high
2026-01-01 00:32:38,23.520000,87.310007,0.1020,0.1219,1.0613,2.807,4.523,0.871,0.2028,0.1047,1.0239,high
2026-01-01 00:32:39,23.519994,87.309994,0.1690,0.0845,1.0526,4.072,2.056,1.780,0.1950,0.1530,1.1460,high
2026-01-01 00:32:40,23.519996,87.310008,0.1412,0.0819,0.9894,3.089,1.819,1.380,0.1517,0.1177,1.1672,high
2026-01-01 00:32:41,23.520006,87.310010,0.1296,0.1604,1.0080,3.682,3.667,2.708,0.2029,0.1724,1.0492,high
2026-01-01 00:32:42,23.520002,87.310014,0.1188,0.1287,1.0229,1.839,3.355,1.530,0.1342,0.1110,1.0466,high
2026-01-01 00:32:43,23.519978,87.310024,0.1580,0.0869,1.0886,4.764,2.286,2.263,0.2276,0.1508,1.0814,high
2026-01-01 00:32:44,23.519996,87.309995,0.1320,0.1233,1.0740,3.354,2.017,1.836,0.1413,0.0976,1.0592,high
2026-01-01 00:32:45,23.519995,87.310000,0.1787,0.1199,1.0405,2.667,2.800,2.041,0.1870,0.2191,1.0549,high
2026-01-01 00:32:46,23.520012,87.309984,0.1143,0.1164,1.0369,2.301,3.478,2.463,0.1845,0.1321,1.1135,high
2026-01-01 00:32:47,23.520001,87.310006,0.1597,0.0839,1.0687,1.917,3.067,1.482,0.1477,0.0904,1.0962,high
2026-01-01 00:32:48,23.520006,87.310022,0.1502,0.0878,1.0412,2.918,1.526,2.265,0.1286,0.0822,1.0596,high
2026-01-01 00:32:49,23.519984,87.309998,0.1417,0.1693,1.1000,2.711,2.434,0.874,0.1273,0.0879,1.0022,high
2026-01-01 00:32:50,23.519995,87.309990,0.1617,0.0812,1.0703,3.631,3.265,2.565,0.1484,0.0876,1.0652,high
2026-01-01 00:32:51,23.520010,87.309987,0.1487,0.1359,1.0252,3.085,2.901,1.268,0.1454,0.1272,1.0390,high
2026-01-01 00:32:52,23.519997,87.310003,0.0939,0.0878,1.0775,2.993,2.408,2.100,0.1797,0.1834,1.0703,high
2026-01-01 00:32:53,23.520015,87.310001,0.0989,0.0807,1.0092,3.505,1.984,2.260,0.1260,0.2125,1.0470,high
2026-01-01 00:32:54,23.519995,87.310013,0.1070,0.0701,1.0298,4.221,2.615,1.338,0.1705,0.1138,1.0285,high
2026-01-01 00:32:55,23.519990,87.309997,0.0792,0.1039,1.1001,2.821,3.862,1.721,0.1561,0.1536,1.1109,high
2026-01-01 00:32:56,23.519969,87.310007,0.1276,0.0956,1.0723,1.836,3.071,2.111,0.1071,0.1302,1.1208,high
2026-01-01 00:32:57,23.519987,87.309996,0.1026,0.1414,1.0729,3.562,2.395,2.188,0.1302,0.1833,1.0331,high
2026-01-01 00:32:58,23.520010,87.310007,0.1556,0.0875,1.0898,4.295,3.995,0.500,0.1383,0.1306,1.0784,high
2026-01-01 00:32:59,23.519984,87.310004,0.0793,0.0677,1.0659,2.717,1.535,2.016,0.1430,0.1484,1.0723,high
2026-01-01 00:33:00,23.520012,87.309992,0.1495,0.1212,1.0730,3.252,1.298,1.605,0.1289,0.1210,1.0936,high
2026-01-01 00:33:01,23.520018,87.310011,0.1344,0.1032,1.0689,3.219,1.247,2.099,0.1749,0.1079,1.0927,high
2026-01-01 00:33:02,23.519997,87.309987,0.1712,0.1068,1.1106,2.423,3.678,2.675,0.1723,0.1621,1.1197,high
2026-01-01 00:33:03,23.520002,87.309991,0.1719,0.1034,1.0759,4.190,3.526,1.780,0.1700,0.1043,1.1051,high
2026-01-01 00:33:04,23.519998,87.309994,0.1094,0.1033,1.1146,4.115,3.806,1.301,0.2167,0.1393,1.1082,high
2026-01-01 00:33:05,23.519987,87.309986,0.1502,0.0960,0.9879,4.838,1.891,2.687,0.1317,0.1735,1.0605,high
2026-01-01 00:33:06,23.519995,87.310002,0.1119,0.1023,1.0731,3.841,1.293,2.042,0.1070,0.1582,1.0276,high
2026-01-01 00:33:07,23.519987,87.309996,0.1675,0.0928,1.0437,4.020,3.314,1.783,0.1469,0.0723,1.0546,high
2026-01-01 00:33:08,23.520018,87.309984,0.1263,0.1846,1.0980,4.546,2.502,1.342,0.0859,0.1217,1.0265,high
2026-01-01 00:33:09,23.520011,87.310007,0.1030,0.1399,1.0300,3.189,1.628,3.246,0.1477,0.1093,1.0129,high
2026-01-01 00:33:10,23.520015,87.309995,0.1401,0.0922,1.0186,1.915,3.903,2.895,0.2062,0.0879,1.0169,high
2026-01-01 00:33:11,23.519994,87.309999,0.1788,0.1003,1.0316,4.636,1.487,1.482,0.0926,0.1141,1.1005,high
2026-01-01 00:33:12,23.519994,87.309994,0.1851,0.1006,1.0438,2.839,2.135,1.735,0.1820,0.0828,1.0887,high
2026-01-01 00:33:13,23.520022,87.310004,0.1436,0.1132,1.0554,1.970,2.395,2.373,0.1847,0.1228,1.0961,high
2026-01-01 00:33:14,23.520004,87.310005,0.1547,0.0697,1.0917,1.527,3.371,1.567,0.1766,0.1913,1.0871,high
2026-01-01 00:33:15,23.520012,87.310009,0.1492,0.1127,1.0842,3.907,2.723,2.472,0.1605,0.1490,1.0905,high
2026-01-01 00:33:16,23.520003,87.310006,0.1198,0.1207,1.0109,2.851,3.107,2.180,0.1553,0.0244,1.0170,high
2026-01-01 00:33:17,23.519990,87.310010,0.1587,0.1127,1.0336,2.603,1.541,2.117,0.1565,0.1213,1.0473,high
2026-01-01 00:33:18,23.519997,87.310000,0.0794,0.0916,1.0529,3.085,3.597,2.191,0.1359,0.1462,1.1412,high
2026-01-01 00:33:19,23.520016,87.309990,0.0909,0.1067,1.0671,4.392,2.890,2.107,0.1498,0.0755,1.1126,high
2026-01-01 00:33:20,23.519983,87.310014,0.0261,-0.0253,1.0363,0.380,-0.852,0.266,0.0390,0.0706,0.9252,stable
2026-01-01 00:33:21,23.519987,87.309998,0.0010,0.0663,1.0218,0.243,-0.501,0.678,-0.0212,-0.0064,1.0278,stable
2026-01-01 00:33:22,23.520007,87.310006,0.0159,0.0525,0.9912,1.426,1.547,0.806,0.0061,0.0397,1.0035,stable
2026-01-01 00:33:23,23.520008,87.310001,-0.0229,-0.0166,1.0047,0.489,1.512,-0.808,0.0258,0.0834,0.9969,stable
2026-01-01 00:33:24,23.519992,87.310000,-0.0022,-0.0261,1.0249,-1.204,0.828,0.109,0.0329,-0.0187,1.0578,stable
2026-01-01 00:33:25,23.520005,87.309997,-0.0107,0.0297,1.0085,0.497,0.422,-0.016,0.0434,-0.0009,1.0280,stable
2026-01-01 00:33:26,23.519986,87.309999,0.0045,-0.0253,1.0202,0.943,-1.188,-0.445,0.0313,-0.0638,1.0091,stable
2026-01-01 00:33:27,23.519994,87.309993,0.0442,0.0651,0.9824,0.773,1.347,-0.273,0.0357,0.0155,0.9855,stable
2026-01-01 00:33:28,23.520002,87.310014,-0.0098,0.0030,1.0096,0.300,1.642,-0.862,0.0398,-0.0623,1.0197,stable
2026-01-01 00:33:29,23.520001,87.309995,0.0289,-0.0217,1.0532,-1.170,0.567,-0.405,-0.0328,-0.0426,1.0236,stable
2026-01-01 00:33:30,23.519993,87.310001,0.0176,0.0305,0.9866,0.985,-0.832,-0.278,0.0761,-0.0969,1.0103,stable
2026-01-01 00:33:31,23.520000,87.310002,-0.0100,0.0049,1.0321,0.557,0.901,-0.236,0.0427,-0.0580,0.9311,stable
2026-01-01 00:33:32,23.519985,87.310013,0.0250,-0.0028,1.0324,1.354,-1.071,-0.278,0.0586,0.0705,0.9775,stable
2026-01-01 00:33:33,23.520003,87.310009,0.0366,0.0459,1.0042,1.194,-0.027,1.183,-0.0208,0.0368,0.9630,stable
2026-01-01 00:33:34,23.520006,87.310008,-0.0073,0.0004,0.9855,-0.197,-0.921,-0.495,-0.0084,0.0120,1.0427,stable
2026-01-01 00:33:35,23.519998,87.309983,0.0438,-0.0170,1.0203,-0.664,1.519,-0.048,-0.0055,0.0304,1.0271,stable
2026-01-01 00:33:36,23.519997,87.309999,0.0186,-0.0203,0.9863,-0.365,-0.211,0.243,-0.0091,-0.0536,0.9903,stable
2026-01-01 00:33:37,23.520006,87.309994,0.0188,0.0105,0.9691,0.785,1.963,0.967,0.0250,-0.1042,1.0329,stable
2026-01-01 00:33:38,23.519994,87.310003,0.0232,-0.0176,1.0338,0.640,0.767,0.329,0.0784,0.0171,1.0020,stable
2026-01-01 00:33:39,23.520011,87.310007,0.0051,-0.0263,1.0321,-1.169,1.298,-1.050,-0.0654,0.0954,1.0087,stable
2026-01-01 00:33:40,23.520009,87.309995,0.0062,0.0252,0.9949,-0.705,1.173,0.013,0.0079,-0.0148,1.0066,stable
2026-01-01 00:33:41,23.519997,87.310004,-0.0432,0.0085,1.0315,-0.264,-1.064,0.018,0.0078,0.0310,1.0408,stable
2026-01-01 00:33:42,23.520001,87.309988,0.0331,0.0131,0.9974,1.271,1.428,-0.503,0.1148,-0.0920,1.0526,stable
2026-01-01 00:33:43,23.519998,87.310004,-0.0176,0.0589,0.9650,0.018,-0.460,0.424,0.0129,0.0044,0.9895,stable
2026-01-01 00:33:44,23.520004,87.310007,0.0456,0.0276,1.0126,2.072,-0.037,-1.216,-0.0202,0.1019,0.9794,stable
2026-01-01 00:33:45,23.519985,87.309989,0.0066,-0.0221,1.0049,-0.093,0.716,1.251,0.0818,0.0482,1.0149,stable
2026-01-01 00:33:46,23.520002,87.309994,0.0290,-0.0190,0.9941,0.112,1.102,0.324,0.0853,-0.0309,0.9992,stable
2026-01-01 00:33:47,23.520000,87.310003,0.0191,-0.0136,1.0026,-0.043,1.499,0.345,0.0109,-0.0430,1.0477,stable
2026-01-01 00:33:48,23.519992,87.310001,0.0255,0.0084,1.0049,1.415,1.517,1.324,0.0515,0.0101,1.0351,stable
2026-01-01 00:33:49,23.519994,87.309999,-0.0371,-0.0068,1.0210,-0.415,0.059,1.331,0.0261,0.0784,1.0378,stable
2026-01-01 00:33:50,23.520001,87.309992,-0.0534,-0.0069,1.0076,1.308,0.107,-1.067,0.0216,0.0045,0.9871,stable
2026-01-01 00:33:51,23.519997,87.309984,0.0389,0.0299,0.9937,0.311,0.912,0.743,0.0114,0.0737,0.9901,stable
2026-01-01 00:33:52,23.519992,87.309992,0.0224,0.0171,1.0242,-0.824,-0.683,-0.093,0.0202,-0.0125,0.9910,stable
2026-01-01 00:33:53,23.519999,87.310003,0.0008,0.0074,0.9879,1.622,1.159,0.100,0.0496,0.0157,0.9959,stable
2026-01-01 00:33:54,23.519991,87.310001,0.0497,0.0679,0.9821,-0.147,-0.268,0.088,0.0365,-0.0099,1.0123,stable
2026-01-01 00:33:55,23.519993,87.309999,0.0326,0.0644,1.0076,1.996,-0.215,1.349,0.1207,0.0117,1.0243,stable
2026-01-01 00:33:56,23.520007,87.309983,-0.0003,0.0032,1.0268,-0.624,0.192,0.094,-0.0054,-0.0414,0.9634,stable
2026-01-01 00:33:57,23.519996,87.309999,-0.0068,0.0404,0.9968,-0.512,0.755,-0.088,0.0303,0.0469,0.9898,stable
2026-01-01 00:33:58,23.519993,87.310020,-0.0029,0.0099,1.0248,-0.343,0.407,-0.561,0.0531,-0.0149,1.0600,stable
2026-01-01 00:33:59,23.519989,87.310007,-0.0206,-0.0339,0.9921,2.190,-0.389,-0.461,0.0498,0.0470,1.0436,stable
2026-01-01 00:34:00,23.519989,87.309989,0.0112,0.0103,1.0358,-0.532,0.398,1.083,0.0770,-0.0361,1.0346,stable
2026-01-01 00:34:01,23.519996,87.310005,0.0316,0.0164,1.0077,0.940,1.578,0.557,0.0117,-0.0160,1.0331,stable
2026-01-01 00:34:02,23.520013,87.309992,0.0283,0.0299,1.0148,-1.059,0.667,-0.824,0.0715,0.0095,1.0690,stable
2026-01-01 00:34:03,23.520011,87.310005,-0.0449,-0.0122,0.9900,1.156,0.678,1.867,-0.0710,-0.0594,1.0064,stable
2026-01-01 00:34:04,23.520007,87.310011,-0.0220,-0.0312,1.0333,0.007,1.045,-0.571,0.0492,0.0317,0.9665,stable
2026-01-01 00:34:05,23.520005,87.310001,0.0104,0.0276,1.0277,-0.311,-1.057,0.453,0.0132,0.0184,1.0032,stable
2026-01-01 00:34:06,23.519988,87.309995,0.0026,-0.0288,0.9728,-0.957,1.186,-0.086,-0.0087,-0.0292,1.0187,stable
2026-01-01 00:34:07,23.519987,87.309994,0.0550,0.0760,1.0214,0.916,-0.456,0.634,0.0568,0.0641,1.0334,stable
2026-01-01 00:34:08,23.520017,87.309994,0.0107,0.0508,0.9924,0.498,1.339,-0.187,0.0012,0.0548,0.9721,stable
2026-01-01 00:34:09,23.519982,87.310004,-0.0293,0.0274,1.0253,-0.302,0.780,1.290,0.0264,-0.0012,1.0090,stable
2026-01-01 00:34:10,23.519992,87.310001,0.0156,0.0761,1.0026,1.211,0.225,0.528,0.0329,0.0028,1.0348,stable
2026-01-01 00:34:11,23.520014,87.309994,0.0103,0.0194,0.9955,1.112,0.160,0.433,0.0469,0.0240,1.0161,stable
2026-01-01 00:34:12,23.520015,87.310003,-0.0037,0.0331,0.9825,1.040,-1.586,0.005,0.1565,0.0367,1.0165,stable
2026-01-01 00:34:13,23.519989,87.309989,-0.0497,0.0030,1.0097,0.116,0.907,-0.865,0.0377,0.0364,1.0088,stable
2026-01-01 00:34:14,23.519988,87.310001,-0.0346,-0.0179,1.0170,1.679,-0.836,-0.353,0.0715,0.0105,0.9929,stable
2026-01-01 00:34:15,23.519994,87.310014,0.0083,0.0222,0.9976,-1.103,-0.067,0.871,0.0851,0.0790,0.9919,stable
2026-01-01 00:34:16,23.520014,87.309996,0.0314,0.0298,1.0113,-0.824,0.859,1.006,0.0764,-0.0235,0.9593,stable
2026-01-01 00:34:17,23.519982,87.309998,-0.0066,0.0534,1.0383,0.379,0.509,0.303,0.0377,0.0436,0.9836,stable
2026-01-01 00:34:18,23.520005,87.309986,-0.0135,0.0277,1.0169,-0.107,-0.830,-0.946,0.0594,-0.0511,1.0049,stable
2026-01-01 00:34:19,23.519997,87.310007,0.0266,0.0133,0.9757,-0.678,-0.447,-0.181,-0.0290,0.0110,1.0372,stable
2026-01-01 00:34:20,23.520017,87.310004,0.0498,-0.0147,0.9959,-0.435,0.182,-0.715,0.0147,0.0133,0.9979,stable
2026-01-01 00:34:21,23.519991,87.309988,0.0344,0.0541,1.0036,-0.290,1.648,0.182,-0.0050,0.0097,0.9778,stable
2026-01-01 00:34:22,23.520024,87.310002,0.0111,-0.0051,1.0346,-0.753,-0.098,0.691,0.0065,0.0298,1.0218,stable
2026-01-01 00:34:23,23.520010,87.310012,0.0190,0.0052,0.9775,0.553,1.070,0.411,-0.0599,0.0439,1.0057,stable
2026-01-01 00:34:24,23.520010,87.309999,-0.0024,-0.0095,1.0034,-1.059,1.189,0.181,0.0637,-0.0733,0.9813,stable
2026-01-01 00:34:25,23.520008,87.309992,0.0293,0.0304,0.9916,0.395,-0.367,0.480,0.0751,0.0317,1.0153,stable
2026-01-01 00:34:26,23.520002,87.310008,0.0266,0.0062,1.0337,-0.614,0.699,0.804,0.0688,0.0475,1.0336,stable
2026-01-01 00:34:27,23.519997,87.310000,-0.0058,0.0180,0.9734,0.442,0.138,-0.021,-0.0330,0.0166,1.0448,stable
2026-01-01 00:34:28,23.520003,87.309996,0.0079,0.0456,1.0319,1.108,1.228,0.600,0.0476,0.0300,0.9879,stable
2026-01-01 00:34:29,23.520001,87.309993,0.0485,0.1054,1.0178,-0.788,-0.567,-0.166,0.0378,0.0899,0.9869,stable
2026-01-01 00:34:30,23.519989,87.309999,0.0100,0.0246,1.0104,0.551,-0.327,-0.794,0.0067,0.0242,1.0116,stable
2026-01-01 00:34:31,23.520003,87.310005,0.0365,0.0928,0.9774,0.487,0.150,0.859,-0.0750,-0.0274,0.9472,stable
2026-01-01 00:34:32,23.519992,87.310005,-0.0200,0.0094,1.0101,-0.239,-0.180,0.438,0.0364,0.0249,0.9744,stable
2026-01-01 00:34:33,23.520002,87.310000,0.0308,0.0317,0.9935,1.324,-1.182,0.574,0.0425,0.0076,1.0300,stable
2026-01-01 00:34:34,23.519997,87.309999,0.0097,0.0797,1.0120,1.447,-0.962,0.452,0.0191,0.0052,1.0104,stable
2026-01-01 00:34:35,23.519999,87.310006,0.0507,-0.0260,1.0083,-0.540,-0.498,-0.297,-0.0013,0.0328,1.0203,stable
2026-01-01 00:34:36,23.519993,87.310006,-0.0370,-0.0055,1.0152,0.626,0.670,0.367,-0.0115,-0.0136,0.9981,stable
2026-01-01 00:34:37,23.519997,87.309999,-0.0072,-0.0204,1.0111,0.597,1.729,-0.176,0.0792,-0.0489,1.0219,stable
2026-01-01 00:34:38,23.519994,87.309987,0.0407,-0.0504,1.0095,0.385,1.345,0.478,0.0187,0.0071,1.0665,stable
2026-01-01 00:34:39,23.519980,87.309985,-0.0055,0.0388,0.9750,-0.668,0.141,-0.931,-0.0243,0.0555,0.9613,stable
2026-01-01 00:34:40,23.519998,87.309990,-0.0342,-0.0047,0.9988,0.435,0.618,1.064,0.0551,-0.0043,1.0100,stable
2026-01-01 00:34:41,23.519985,87.309994,-0.0043,0.0380,1.0032,1.017,0.930,0.935,-0.0321,0.0330,1.0291,stable
2026-01-01 00:34:42,23.520009,87.310002,0.0646,0.0124,1.0116,1.095,-0.204,-0.090,0.0887,-0.0117,1.0133,stable
2026-01-01 00:34:43,23.520001,87.310003,-0.0111,0.0322,0.9921,0.692,0.710,0.663,0.0715,0.0071,1.0112,stable
2026-01-01 00:34:44,23.519999,87.310007,0.0593,-0.0430,1.0064,-1.202,-0.575,0.174,0.0175,0.0432,1.0025,stable
2026-01-01 00:34:45,23.520004,87.309999,-0.0956,0.0073,1.0145,-1.126,1.667,0.714,0.0421,0.0176,1.0058,stable
2026-01-01 00:34:46,23.520000,87.310004,0.0094,0.0047,0.9579,0.440,1.515,0.361,0.0201,-0.0249,1.0006,stable
2026-01-01 00:34:47,23.520009,87.310007,0.0298,-0.0116,1.0179,0.652,-1.528,0.760,-0.0258,0.0468,1.0229,stable
2026-01-01 00:34:48,23.519991,87.309990,-0.0087,0.0092,1.0067,1.530,0.388,-0.011,0.0286,0.1050,1.0001,stable
2026-01-01 00:34:49,23.520003,87.310000,-0.0175,0.0605,0.9959,1.276,-0.316,-0.007,0.0267,0.0404,1.0143,stable
2026-01-01 00:34:50,23.519995,87.309999,0.0393,-0.0094,0.9741,1.614,-1.883,0.202,0.0266,0.0429,0.9962,stable
2026-01-01 00:34:51,23.520023,87.310003,-0.0101,-0.0154,0.9943,0.952,-0.057,-0.209,-0.0196,-0.0012,0.9980,stable
2026-01-01 00:34:52,23.520007,87.309997,0.0492,0.0089,0.9864,0.266,-0.448,1.248,-0.0272,0.0165,0.9846,stable
2026-01-01 00:34:53,23.519988,87.310006,0.0531,0.0327,1.0034,0.631,0.241,-0.457,0.0324,-0.0105,1.0249,stable
2026-01-01 00:34:54,23.519992,87.309996,-0.0446,0.0411,1.0052,0.062,-1.514,0.555,0.0805,-0.0194,0.9931,stable
2026-01-01 00:34:55,23.519997,87.310007,0.0108,-0.0314,0.9770,-0.291,-0.037,0.302,-0.0190,-0.1021,1.0262,stable
2026-01-01 00:34:56,23.520002,87.310005,0.0213,-0.0547,0.9730,-0.316,0.623,-0.033,0.0113,0.0670,0.9725,stable
2026-01-01 00:34:57,23.520001,87.310004,0.0046,0.0164,1.0084,-0.632,-1.121,-0.684,-0.0035,0.0376,1.0039,stable
2026-01-01 00:34:58,23.519987,87.309992,0.0018,0.0165,0.9963,-0.085,-0.300,1.446,0.0205,-0.0089,0.9949,stable
2026-01-01 00:34:59,23.519990,87.310002,0.0034,-0.0171,1.0037,0.072,0.711,0.655,-0.0440,-0.0327,1.0129,stable
2026-01-01 00:35:00,23.520009,87.309995,0.0239,0.0151,1.0529,0.874,-0.777,0.225,0.0013,0.0077,1.0198,stable
2026-01-01 00:35:01,23.520006,87.310003,0.0367,0.0112,1.0384,-0.298,0.520,0.422,0.0195,0.0273,1.0020,stable
2026-01-01 00:35:02,23.519996,87.309995,0.0419,-0.0233,0.9896,1.521,0.682,1.487,-0.0093,0.0483,0.9613,stable
2026-01-01 00:35:03,23.520001,87.310004,0.0102,0.0100,1.0239,1.224,1.141,-0.007,-0.0210,-0.0256,0.9650,stable
2026-01-01 00:35:04,23.519994,87.310007,-0.0208,0.0320,1.0120,1.380,0.245,0.314,0.0123,0.0188,1.0171,stable
2026-01-01 00:35:05,23.519990,87.309997,0.0484,0.0510,1.0185,0.285,0.810,0.296,0.0165,0.0348,0.9808,stable
2026-01-01 00:35:06,23.519994,87.310003,0.0502,-0.0094,1.0433,0.248,0.356,0.242,0.0466,0.0018,1.0012,stable
2026-01-01 00:35:07,23.519997,87.310004,0.0399,0.0209,0.9844,-0.373,-0.420,0.605,0.0494,0.0383,0.9833,stable
2026-01-01 00:35:08,23.519999,87.310019,-0.0378,-0.0119,1.0138,0.814,1.314,0.259,-0.0128,0.0019,0.9943,stable
2026-01-01 00:35:09,23.519996,87.310000,-0.0168,0.0012,0.9775,0.301,0.534,0.068,0.0239,-0.0128,1.0266,stable
2026-01-01 00:35:10,23.519990,87.309993,-0.0001,0.0439,1.0225,0.059,-0.726,-0.270,-0.0340,0.0265,0.9526,stable
2026-01-01 00:35:11,23.519994,87.309989,0.0190,-0.0022,0.9976,0.660,1.031,0.999,0.0139,0.0546,1.0107,stable
2026-01-01 00:35:12,23.519982,87.310011,0.0444,0.0057,1.0173,0.074,0.900,0.157,0.0170,-0.0114,0.9887,stable
2026-01-01 00:35:13,23.519991,87.309983,0.0183,-0.0022,0.9543,-0.130,1.364,-1.214,0.0390,-0.0128,0.9924,stable
2026-01-01 00:35:14,23.519997,87.309996,0.0105,-0.0113,1.0127,-0.696,-1.816,0.869,0.0079,0.0247,1.0392,stable
2026-01-01 00:35:15,23.520008,87.310011,0.0062,-0.0007,1.0080,1.140,0.242,-0.127,0.0366,0.0839,0.9839,stable
2026-01-01 00:35:16,23.520002,87.309999,0.0590,-0.0030,0.9947,0.355,1.439,0.656,0.0524,0.0892,0.9968,stable
2026-01-01 00:35:17,23.520004,87.310012,-0.0144,-0.0080,1.0053,1.136,-0.176,-1.433,0.0206,-0.0180,0.9998,stable
2026-01-01 00:35:18,23.519999,87.310000,-0.0279,-0.0269,0.9953,-1.103,0.582,1.048,0.0436,0.0445,1.0309,stable
2026-01-01 00:35:19,23.520009,87.309994,-0.0043,0.0388,1.0321,1.011,0.236,0.116,0.0982,-0.0072,1.0199,stable
2026-01-01 00:35:20,23.519996,87.310012,0.0144,0.0277,0.9955,0.328,0.180,-1.513,0.0833,0.0347,1.0262,stable
2026-01-01 00:35:21,23.520004,87.309999,0.0146,0.0488,0.9873,-1.119,-0.039,-0.081,-0.0519,0.0344,0.9410,stable
2026-01-01 00:35:22,23.520001,87.309995,0.0221,0.0100,0.9714,0.233,-0.247,-0.911,0.0584,-0.0203,1.0140,stable
2026-01-01 00:35:23,23.519994,87.309997,0.0363,0.0264,0.9938,0.976,1.044,0.016,-0.0108,0.0273,1.0016,stable
2026-01-01 00:35:24,23.519992,87.309998,0.0113,-0.0259,1.0343,1.052,0.760,1.128,0.0934,0.0268,0.9957,stable
2026-01-01 00:35:25,23.520000,87.310008,0.0310,0.0096,1.0063,-0.547,-1.358,-0.875,-0.0379,0.0477,1.0078,stable
2026-01-01 00:35:26,23.520008,87.309987,-0.0173,0.0453,1.0013,0.647,-0.678,0.903,0.0321,-0.0949,0.9835,stable
2026-01-01 00:35:27,23.519989,87.310002,0.0823,0.0074,0.9575,-0.176,0.795,0.213,-0.0253,0.0833,1.0178,stable
2026-01-01 00:35:28,23.520001,87.309996,0.0596,-0.0145,1.0114,-0.221,-1.096,-0.686,0.0324,-0.0087,1.0037,stable
2026-01-01 00:35:29,23.520001,87.309988,0.0275,0.0340,1.0076,2.435,0.619,-0.476,0.0194,0.0105,1.0058,stable
2026-01-01 00:35:30,23.520006,87.309991,0.0328,-0.0436,0.9948,1.456,2.527,0.506,0.1167,-0.0141,1.0399,stable
2026-01-01 00:35:31,23.520016,87.309995,0.0042,-0.0125,1.0353,0.039,-0.718,0.500,0.0351,0.0131,0.9842,stable
2026-01-01 00:35:32,23.520018,87.309999,0.0228,0.0585,1.0047,1.226,0.146,0.224,0.0863,0.0080,0.9948,stable
2026-01-01 00:35:33,23.520008,87.310019,0.0073,0.0502,1.0013,0.256,0.367,-1.005,-0.0377,-0.0719,1.0303,stable
2026-01-01 00:35:34,23.520005,87.310015,-0.0091,-0.0044,1.0301,0.256,1.143,0.222,-0.0031,-0.0375,1.0018,stable
2026-01-01 00:35:35,23.519999,87.310002,0.0603,0.0334,1.0013,-0.381,0.281,-0.747,-0.0423,-0.0144,0.9569,stable
2026-01-01 00:35:36,23.520003,87.309996,0.0666,0.0521,0.9985,1.709,0.721,0.466,-0.0044,-0.0145,0.9736,stable
2026-01-01 00:35:37,23.519990,87.310004,0.0037,-0.0166,1.0317,-0.178,-0.656,0.170,0.0724,0.0572,1.0087,stable
2026-01-01 00:35:38,23.519991,87.309995,0.0172,0.0593,1.0079,0.964,0.315,-0.483,-0.0109,0.0923,1.0056,stable
2026-01-01 00:35:39,23.519995,87.309998,0.0381,-0.0507,1.0136,-0.985,0.158,0.495,0.0607,0.0049,0.9638,stable
2026-01-01 00:35:40,23.520000,87.309995,-0.0286,-0.0409,1.0044,0.551,-1.197,0.513,0.0172,-0.0578,1.0444,stable
2026-01-01 00:35:41,23.519992,87.309980,-0.0174,0.0224,1.0311,1.361,0.046,-0.528,0.0870,0.0394,0.9945,stable
2026-01-01 00:35:42,23.519989,87.310005,0.0010,0.0448,1.0144,-0.195,1.339,0.293,0.0032,-0.0191,1.0147,stable
2026-01-01 00:35:43,23.519973,87.309995,-0.0162,0.0318,1.0055,0.346,1.296,0.752,-0.0802,0.0363,1.0581,stable
2026-01-01 00:35:44,23.519996,87.309995,-0.0086,-0.0239,1.0299,0.587,1.338,0.462,0.0393,0.0066,0.9926,stable
2026-01-01 00:35:45,23.520002,87.309989,0.0367,-0.0279,1.0460,1.557,0.222,-0.198,0.0276,-0.0868,1.0398,stable
2026-01-01 00:35:46,23.519995,87.310004,-0.0101,0.0187,0.9957,1.195,1.059,0.674,0.0626,0.0357,1.0137,stable
2026-01-01 00:35:47,23.520006,87.309992,0.0170,0.0190,0.9904,0.499,-0.177,0.675,-0.0219,-0.0956,1.0781,stable
2026-01-01 00:35:48,23.520010,87.310002,0.0035,0.0142,0.9920,1.685,-0.247,-0.766,-0.0099,0.0209,0.9980,stable
2026-01-01 00:35:49,23.520011,87.310000,0.0592,0.0475,1.0181,0.557,0.642,-0.900,-0.0015,0.0532,0.9661,stable
2026-01-01 00:35:50,23.520003,87.310005,0.0580,0.0061,0.9876,-0.067,0.804,-0.583,0.0480,0.0150,1.0097,stable
2026-01-01 00:35:51,23.520010,87.310003,-0.0104,0.0042,1.0121,1.059,-0.549,0.531,-0.0316,0.0190,1.0120,stable
2026-01-01 00:35:52,23.520002,87.309993,0.0351,0.0354,1.0319,-0.129,-0.069,0.297,0.0084,-0.0461,1.0042,stable
2026-01-01 00:35:53,23.519991,87.309989,0.0458,0.0190,1.0005,-0.044,-0.171,0.078,0.0090,-0.0059,0.9841,stable
2026-01-01 00:35:54,23.519999,87.310002,0.0560,0.0435,1.0347,0.527,0.212,-0.044,-0.0804,0.0043,0.9974,stable
2026-01-01 00:35:55,23.520005,87.310002,0.0400,0.0434,1.0091,0.448,0.682,0.476,0.0698,0.0409,0.9864,stable
2026-01-01 00:35:56,23.520006,87.309988,-0.0229,-0.0311,1.0040,1.600,-0.375,-0.002,0.0056,0.0318,0.9913,stable
2026-01-01 00:35:57,23.520001,87.310003,0.0107,0.0481,1.0168,-0.260,-0.199,-0.307,0.0098,0.0582,1.0277,stable
2026-01-01 00:35:58,23.519989,87.309996,-0.0458,-0.0042,1.0117,0.637,0.184,0.348,0.0401,-0.0253,0.9677,stable
2026-01-01 00:35:59,23.519998,87.310030,0.0636,-0.0226,1.0202,0.592,-0.420,0.540,-0.0174,0.0143,1.0040,stable
2026-01-01 00:36:00,23.519984,87.310011,-0.0249,0.0350,1.0272,0.679,-0.250,0.696,0.0646,0.1474,0.9613,stable
2026-01-01 00:36:01,23.520010,87.309989,0.0248,0.0119,1.0308,0.029,-1.062,0.618,0.0080,-0.0153,0.9989,stable
2026-01-01 00:36:02,23.520001,87.309997,-0.0002,0.0187,0.9866,-1.353,0.817,-0.109,0.0114,-0.0556,1.0047,stable
2026-01-01 00:36:03,23.520013,87.310006,0.0392,0.0031,0.9753,-0.241,0.262,0.237,0.0335,0.0589,0.9655,stable
2026-01-01 00:36:04,23.520010,87.310002,0.0073,-0.0247,1.0195,-0.384,-1.615,-0.192,0.0378,-0.0645,1.0186,stable
2026-01-01 00:36:05,23.519988,87.310008,0.0462,0.0176,1.0173,1.579,0.220,0.988,-0.0553,0.1025,0.9961,stable
2026-01-01 00:36:06,23.520009,87.309985,0.0502,0.0327,1.0308,0.363,0.459,-1.065,0.0521,0.0164,1.0035,stable
2026-01-01 00:36:07,23.519999,87.309984,0.0507,0.0267,1.0101,0.523,0.257,0.026,0.0244,0.0027,1.0146,stable
2026-01-01 00:36:08,23.519991,87.309997,-0.0124,0.0223,0.9939,0.285,0.621,1.758,0.0539,0.0917,1.0385,stable
2026-01-01 00:36:09,23.520000,87.309999,0.0063,0.0420,1.0194,1.357,0.550,0.239,-0.0011,0.0420,0.9707,stable
2026-01-01 00:36:10,23.520007,87.309997,0.0073,-0.0050,1.0620,1.184,1.819,-1.053,0.0339,0.0264,0.9774,stable
2026-01-01 00:36:11,23.519988,87.309989,-0.0340,0.0011,1.0169,-0.036,1.893,-1.095,0.0176,-0.0156,1.0062,stable
2026-01-01 00:36:12,23.519989,87.310010,-0.0219,-0.0208,0.9989,0.216,1.099,1.015,0.0633,0.0230,1.0326,stable
2026-01-01 00:36:13,23.519994,87.310003,0.0043,0.0275,0.9945,0.734,-0.139,-0.057,-0.0214,0.0294,1.0030,stable
2026-01-01 00:36:14,23.520002,87.309985,-0.0200,0.0240,0.9994,0.383,0.222,-0.316,0.0111,0.0227,0.9584,stable
2026-01-01 00:36:15,23.520004,87.310009,0.0232,-0.0024,1.0357,0.342,0.142,1.042,-0.0094,0.0123,1.0146,stable
2026-01-01 00:36:16,23.519993,87.310005,0.0420,0.0199,1.0074,-0.589,-0.117,-0.126,0.0278,-0.0060,1.0228,stable
2026-01-01 00:36:17,23.520009,87.309996,0.0076,0.0462,1.0298,0.809,-0.552,0.889,0.0626,0.0363,0.9870,stable
2026-01-01 00:36:18,23.519987,87.309999,0.0414,0.0112,1.0094,0.443,1.796,-0.376,0.0427,0.0335,1.0478,stable
2026-01-01 00:36:19,23.520004,87.309991,-0.0225,0.0143,1.0042,-1.285,1.247,1.175,0.0146,0.0517,1.0354,stable
2026-01-01 00:36:20,23.520001,87.309999,0.0300,-0.0082,1.0194,-1.277,0.122,-0.833,0.0250,0.0569,0.9783,stable
2026-01-01 00:36:21,23.520003,87.310000,-0.0094,0.0347,1.0030,-0.268,0.273,0.281,0.0318,0.0419,0.9966,stable
2026-01-01 00:36:22,23.519996,87.309978,-0.0214,-0.0683,1.0113,-0.426,0.678,-0.518,0.0183,0.0282,0.9896,stable
2026-01-01 00:36:23,23.520015,87.310005,0.0446,0.0417,1.0009,-0.094,-0.485,-0.318,-0.0250,0.0035,0.9875,stable
2026-01-01 00:36:24,23.519996,87.310007,-0.0089,0.0195,1.0214,1.196,1.029,1.185,0.0160,-0.0386,0.9910,stable
2026-01-01 00:36:25,23.520032,87.310013,-0.0079,0.0432,1.0003,-0.303,2.673,0.125,-0.0085,0.0001,1.0292,stable
2026-01-01 00:36:26,23.520006,87.310001,0.0001,0.0933,1.0040,-0.290,-0.209,0.358,-0.0180,0.0763,1.0460,stable
2026-01-01 00:36:27,23.519999,87.310002,-0.0003,0.0576,1.0399,0.163,1.136,-0.015,-0.0019,-0.0152,1.0082,stable
2026-01-01 00:36:28,23.519997,87.310007,0.0035,0.0230,1.0277,0.190,0.875,0.373,0.0599,-0.0179,0.9711,stable
2026-01-01 00:36:29,23.519992,87.310003,0.0089,-0.0252,1.0204,1.238,0.886,-0.219,0.0643,-0.0398,1.0377,stable
2026-01-01 00:36:30,23.520004,87.310015,-0.0431,0.0151,0.9834,0.388,0.051,0.034,0.0278,0.0040,0.9850,stable
2026-01-01 00:36:31,23.519992,87.309990,0.0125,-0.0042,1.0206,0.092,0.735,0.072,0.0549,-0.0329,1.0151,stable
2026-01-01 00:36:32,23.520021,87.309992,-0.0220,0.0065,1.0010,1.728,-0.386,-0.226,-0.0080,0.0632,0.9916,stable
2026-01-01 00:36:33,23.519994,87.309994,0.0148,-0.0010,0.9819,1.990,0.186,0.384,0.0428,0.0285,0.9816,stable
2026-01-01 00:36:34,23.519981,87.309995,-0.0366,0.0251,1.0050,0.328,-1.488,0.392,0.0591,-0.0165,1.0242,stable
2026-01-01 00:36:35,23.520017,87.310015,-0.0064,-0.0036,1.0063,-0.049,0.389,-0.154,0.0455,0.0501,1.0036,stable
2026-01-01 00:36:36,23.520000,87.310001,0.0494,0.0107,0.9694,0.073,0.425,0.200,-0.0228,0.0005,0.9927,stable
2026-01-01 00:36:37,23.520014,87.309988,0.0647,0.0152,0.9553,-0.503,-0.161,0.754,0.0384,0.0693,1.0338,stable
2026-01-01 00:36:38,23.519986,87.310004,0.0161,0.0019,0.9990,-0.282,1.131,0.508,0.1114,0.0196,0.9864,stable
2026-01-01 00:36:39,23.519986,87.310004,0.0392,0.0411,0.9977,0.010,0.618,0.618,0.0269,-0.0910,0.9988,stable
2026-01-01 00:36:40,23.520010,87.309993,0.0081,-0.0341,1.0134,-1.316,0.851,0.062,0.0209,0.0479,1.0269,stable
2026-01-01 00:36:41,23.519998,87.310009,0.0070,-0.0250,0.9932,-0.234,-0.057,-0.120,-0.0365,0.0595,1.0226,stable
2026-01-01 00:36:42,23.520026,87.310002,0.0070,0.0560,1.0303,-0.828,0.855,0.476,0.0788,0.0041,0.9999,stable
2026-01-01 00:36:43,23.519992,87.309993,-0.0018,-0.0328,1.0159,0.588,-0.121,0.390,0.0043,-0.0130,0.9944,stable
2026-01-01 00:36:44,23.519996,87.309993,0.0279,0.0323,1.0016,-0.290,0.060,0.519,0.0256,0.0094,0.9938,stable
2026-01-01 00:36:45,23.519996,87.310005,0.0177,0.0056,0.9859,1.106,0.653,0.560,-0.0132,0.0548,1.0593,stable
2026-01-01 00:36:46,23.519966,87.309989,0.0586,0.0227,1.0233,0.549,1.167,0.434,-0.0046,0.0082,1.0083,stable
2026-01-01 00:36:47,23.519992,87.310009,0.0592,0.0357,1.0113,1.120,-0.111,-0.260,0.0007,-0.0349,1.0245,stable
2026-01-01 00:36:48,23.519987,87.310000,-0.0071,-0.0066,0.9811,-0.145,1.333,0.001,-0.0186,-0.0371,0.9915,stable
2026-01-01 00:36:49,23.520003,87.309986,0.0624,0.0463,0.9670,-0.032,1.444,-0.102,0.0713,0.0725,1.0176,stable
2026-01-01 00:36:50,23.520022,87.309990,0.0557,-0.0199,0.9895,0.424,-0.011,0.066,0.0034,0.0664,1.0229,stable
2026-01-01 00:36:51,23.520008,87.310010,-0.0041,0.0055,0.9904,0.574,0.591,-0.635,-0.0209,0.0215,0.9919,stable
2026-01-01 00:36:52,23.520004,87.310011,0.0176,-0.0044,1.0179,0.214,-0.902,0.274,0.0821,0.0354,1.0219,stable
2026-01-01 00:36:53,23.519999,87.309996,0.0628,0.0213,1.0181,-0.202,-0.579,-0.614,0.0481,0.0192,1.0296,stable
2026-01-01 00:36:54,23.520009,87.309981,-0.0215,0.0552,1.0198,-0.049,1.246,0.096,-0.0134,0.0375,0.9763,stable
2026-01-01 00:36:55,23.520005,87.310006,0.0033,0.0265,1.0228,0.427,-1.351,-0.609,0.0234,-0.0115,0.9939,stable
2026-01-01 00:36:56,23.520008,87.309999,-0.0137,0.0116,1.0193,0.495,-0.812,-0.227,-0.0609,-0.0223,1.0198,stable
2026-01-01 00:36:57,23.520007,87.310002,0.0015,0.0171,1.0095,0.668,0.120,-0.157,0.0426,0.0293,1.0377,stable
2026-01-01 00:36:58,23.519999,87.310002,-0.0393,-0.0377,1.0307,0.074,0.246,-0.225,0.0463,0.0236,0.9968,stable
2026-01-01 00:36:59,23.520009,87.309991,-0.0391,0.0289,1.0079,-0.084,-0.502,0.707,0.0291,-0.0099,0.9947,stable
2026-01-01 00:37:00,23.520001,87.309979,-0.0094,-0.0127,1.0596,0.080,-0.898,0.851,0.0374,0.0732,1.0077,stable
2026-01-01 00:37:01,23.519980,87.310004,0.0231,-0.0388,1.0042,1.056,0.561,0.008,0.0059,-0.0537,1.0601,stable
2026-01-01 00:37:02,23.520000,87.310025,0.0126,0.0406,1.0294,0.338,1.268,0.294,-0.0185,0.0366,0.9789,stable
2026-01-01 00:37:03,23.520013,87.309988,0.0613,-0.0088,1.0114,-0.820,0.504,0.806,0.0481,-0.0357,1.0353,stable
2026-01-01 00:37:04,23.520013,87.310007,0.0448,-0.0276,1.0061,1.402,-0.563,1.805,0.0024,0.0798,0.9929,stable
2026-01-01 00:37:05,23.519996,87.310000,0.0045,-0.0149,1.0222,0.467,-0.042,1.529,0.0862,-0.0647,0.9828,stable
2026-01-01 00:37:06,23.520003,87.309996,0.0171,-0.0089,1.0014,1.316,1.060,0.146,0.0172,0.0611,1.0144,stable
2026-01-01 00:37:07,23.519996,87.310010,0.0244,0.0120,1.0201,0.570,0.312,-0.320,-0.0274,0.0050,1.0035,stable
2026-01-01 00:37:08,23.519996,87.309988,-0.0162,-0.0184,1.0088,0.204,-1.224,-0.107,0.0190,0.0360,0.9852,stable
2026-01-01 00:37:09,23.519996,87.309995,-0.0199,-0.0006,1.0178,1.853,0.628,1.223,0.0963,-0.0464,1.0127,stable
2026-01-01 00:37:10,23.520011,87.309994,0.0404,0.0551,0.9847,1.222,-0.246,-0.376,0.0208,-0.0374,0.9953,stable
2026-01-01 00:37:11,23.520006,87.310008,0.0175,0.0141,1.0200,0.896,-0.962,0.737,-0.0471,0.0079,1.0251,stable
2026-01-01 00:37:12,23.519991,87.310007,0.0222,0.0164,1.0115,0.101,0.702,-0.342,0.0323,0.0422,1.0227,stable
2026-01-01 00:37:13,23.520011,87.310013,0.0483,0.0118,1.0115,0.748,-0.039,-0.686,-0.0065,-0.0657,1.0371,stable
2026-01-01 00:37:14,23.520006,87.310006,0.0666,-0.0175,1.0111,-0.105,0.250,0.224,0.0095,-0.0031,1.0253,stable
2026-01-01 00:37:15,23.519993,87.309995,0.0337,0.0101,0.9825,1.326,0.246,1.392,0.0319,-0.0611,1.0140,stable
2026-01-01 00:37:16,23.520018,87.309999,0.0346,0.0702,0.9906,-0.607,2.580,0.548,-0.0126,-0.0205,1.0309,stable
2026-01-01 00:37:17,23.520002,87.310003,0.0044,0.0534,0.9997,1.088,0.632,0.567,-0.0530,0.0048,0.9885,stable
2026-01-01 00:37:18,23.520003,87.310003,0.0637,-0.0489,0.9694,0.751,1.680,0.291,0.0560,0.0180,0.9943,stable
2026-01-01 00:37:19,23.519991,87.309999,0.0104,0.0169,0.9968,0.608,-0.431,-0.048,0.0510,-0.0035,0.9980,stable
2026-01-01 00:37:20,23.519987,87.310008,0.0112,0.0751,1.0061,0.221,1.268,0.219,0.0499,0.0856,0.9618,stable
2026-01-01 00:37:21,23.519998,87.309998,-0.0022,-0.0269,1.0074,-0.645,0.594,0.008,0.0382,-0.0348,0.9968,stable
2026-01-01 00:37:22,23.520000,87.309989,0.0072,0.0264,1.0363,-0.131,-1.153,0.046,-0.0174,-0.0267,1.0189,stable
2026-01-01 00:37:23,23.520001,87.310010,0.0173,0.0690,0.9909,-0.450,2.595,0.994,0.0276,0.0478,0.9667,stable
2026-01-01 00:37:24,23.519997,87.309992,0.0255,0.0358,1.0227,0.508,0.860,0.479,0.0455,0.0089,0.9727,stable
2026-01-01 00:37:25,23.519985,87.309999,0.0066,0.0161,1.0026,-0.293,1.190,0.896,0.0057,0.0721,0.9514,stable
2026-01-01 00:37:26,23.519999,87.309993,0.0529,-0.0359,1.0091,0.167,0.917,-0.146,-0.0563,0.0438,1.0381,stable
2026-01-01 00:37:27,23.519984,87.310000,0.0624,0.0199,0.9748,-0.725,0.465,0.622,0.0421,0.0582,0.9848,stable
2026-01-01 00:37:28,23.519990,87.310007,0.0305,0.0114,1.0225,-0.235,0.663,0.126,0.0617,0.0106,0.9998,stable
2026-01-01 00:37:29,23.520006,87.310011,0.0503,0.0688,1.0061,-1.146,1.462,0.000,-0.0352,0.0077,1.0455,stable
2026-01-01 00:37:30,23.520016,87.310000,0.0803,0.0739,1.0197,-0.124,0.656,0.167,0.0019,0.0572,1.0264,stable
2026-01-01 00:37:31,23.520000,87.309992,0.0018,-0.0040,1.0350,2.071,0.600,1.172,0.0239,-0.0328,0.9715,stable
2026-01-01 00:37:32,23.519992,87.310013,0.0229,0.1551,0.9749,-1.048,-0.259,0.133,-0.0259,0.0631,1.0219,stable
2026-01-01 00:37:33,23.519991,87.309997,0.0306,0.0279,1.0011,-0.914,0.112,0.174,0.0838,0.0020,0.9826,stable
2026-01-01 00:37:34,23.519988,87.309993,-0.0006,-0.0147,1.0311,-0.441,1.279,0.770,0.1382,0.0425,0.9751,stable
2026-01-01 00:37:35,23.520003,87.309994,0.0623,0.0041,0.9994,1.176,0.547,-0.116,0.0632,0.0130,1.0236,stable
2026-01-01 00:37:36,23.520001,87.309998,0.0366,0.0185,0.9989,-0.530,-0.682,-0.597,0.0495,0.0207,0.9679,stable
2026-01-01 00:37:37,23.519997,87.310017,0.0273,0.0250,0.9716,-0.346,-0.336,0.180,0.0149,0.0380,0.9955,stable
2026-01-01 00:37:38,23.519998,87.309988,0.0613,-0.0404,1.0173,1.221,0.630,-0.046,0.0957,0.0302,0.9814,stable
2026-01-01 00:37:39,23.520004,87.309988,0.0426,0.0462,1.0210,0.690,0.937,0.219,-0.0187,0.0204,1.0320,stable
2026-01-01 00:37:40,23.520003,87.310008,0.0265,0.0246,1.0329,-1.603,1.791,0.289,0.0456,0.0373,0.9892,stable
2026-01-01 00:37:41,23.519998,87.310011,0.0754,0.0324,1.0068,0.487,0.468,-2.018,-0.0491,0.0316,1.0105,stable
2026-01-01 00:37:42,23.519999,87.309993,0.0459,0.0307,1.0139,-0.915,0.588,0.015,0.0332,0.0080,0.9916,stable
2026-01-01 00:37:43,23.519987,87.310004,0.0139,0.0293,0.9711,-0.179,1.028,-0.057,0.0418,0.0039,0.9895,stable
2026-01-01 00:37:44,23.520005,87.310000,-0.0125,0.0063,0.9804,0.450,-0.275,0.898,0.0721,0.0322,0.9927,stable
2026-01-01 00:37:45,23.519994,87.310000,-0.0055,0.0653,1.0132,-1.086,0.168,-0.720,0.0653,0.0314,0.9947,stable
2026-01-01 00:37:46,23.520006,87.310023,0.0633,0.0225,1.0193,0.518,1.647,-0.123,-0.0336,-0.0560,0.9975,stable
2026-01-01 00:37:47,23.520008,87.309986,0.0454,0.0366,1.0125,0.458,0.859,0.001,0.0216,0.0331,0.9679,stable
2026-01-01 00:37:48,23.519988,87.309988,0.0093,-0.0016,1.0298,0.265,0.396,1.060,0.0100,-0.0069,1.0521,stable
2026-01-01 00:37:49,23.520007,87.310003,0.0004,-0.0179,1.0263,0.236,-0.040,-0.016,0.0093,0.0493,0.9953,stable
2026-01-01 00:37:50,23.519986,87.310004,0.0557,0.0096,0.9869,0.740,1.534,1.478,0.1101,0.0314,1.0553,stable
2026-01-01 00:37:51,23.520003,87.309990,-0.0119,0.0506,0.9889,0.312,0.597,1.120,0.0418,0.0184,0.9858,stable
2026-01-01 00:37:52,23.519987,87.309993,0.0673,-0.0000,1.0082,0.316,-0.114,0.865,0.0211,0.0618,0.9748,stable
2026-01-01 00:37:53,23.519998,87.310001,-0.0153,-0.0763,1.0195,0.408,1.335,-0.593,-0.0256,-0.0079,1.0120,stable
2026-01-01 00:37:54,23.519991,87.310011,0.0160,0.0112,0.9931,0.920,1.018,0.362,0.0343,-0.0255,1.0415,stable
2026-01-01 00:37:55,23.520015,87.309996,0.0526,0.0335,1.0022,-0.295,0.873,-0.022,0.0336,0.0640,0.9943,stable
2026-01-01 00:37:56,23.519991,87.310005,-0.0000,-0.0125,1.0125,0.174,0.312,0.917,0.0812,0.0374,1.0101,stable
2026-01-01 00:37:57,23.519989,87.310004,0.0579,0.0208,1.0402,1.510,-0.192,-0.331,0.0039,-0.0586,1.0312,stable
2026-01-01 00:37:58,23.519997,87.310012,0.0127,0.0327,1.0266,-0.734,1.201,0.088,0.0130,0.0654,1.0052,stable
2026-01-01 00:37:59,23.520007,87.309998,-0.0343,0.0275,1.0453,0.943,1.074,-0.075,0.0278,-0.0679,0.9946,stable
2026-01-01 00:38:00,23.519991,87.310002,-0.0313,0.0659,1.0618,0.767,-1.051,0.128,0.0122,0.0208,1.0124,stable
2026-01-01 00:38:01,23.520011,87.310002,-0.0285,-0.0368,1.0440,0.785,0.311,-0.877,0.0091,-0.0257,1.0522,stable
2026-01-01 00:38:02,23.520000,87.310012,0.0324,0.0862,1.0106,0.114,0.217,0.391,-0.0656,0.0099,0.9953,stable
2026-01-01 00:38:03,23.519999,87.309995,0.0430,0.0232,1.0028,1.308,1.332,-0.384,-0.0322,0.0340,1.0333,stable
2026-01-01 00:38:04,23.520001,87.310011,0.0157,0.0355,1.0428,-0.735,0.243,-0.376,0.0172,0.0147,0.9991,stable
2026-01-01 00:38:05,23.520012,87.309988,-0.0022,0.0007,0.9934,-1.493,1.236,1.419,-0.0063,0.0928,0.9911,stable
2026-01-01 00:38:06,23.519995,87.309996,0.0574,0.0480,0.9962,0.792,-0.551,0.896,0.0369,0.0494,1.0122,stable
2026-01-01 00:38:07,23.520013,87.310000,0.0158,-0.0046,1.0408,1.164,-0.528,0.465,0.0129,-0.0376,0.9739,stable
2026-01-01 00:38:08,23.519994,87.310003,0.0354,0.0301,1.0205,-0.703,-0.246,-0.303,-0.0875,-0.0239,0.9925,stable
2026-01-01 00:38:09,23.520000,87.310012,0.0315,0.0063,1.0020,0.015,-0.261,0.169,0.0224,0.0357,0.9681,stable
2026-01-01 00:38:10,23.520000,87.310000,0.0293,-0.0212,1.0058,0.690,-0.068,-0.398,0.0847,0.0319,1.0406,stable
2026-01-01 00:38:11,23.520013,87.310006,0.0187,0.0043,1.0183,0.815,0.948,0.545,0.0805,0.0374,1.0002,stable
2026-01-01 00:38:12,23.519996,87.310012,-0.0021,0.0028,0.9798,-0.774,1.468,-0.179,0.0629,-0.0159,0.9666,stable
2026-01-01 00:38:13,23.519990,87.309989,-0.0021,0.0399,1.0160,0.105,0.421,0.229,-0.0185,0.1051,0.9925,stable
2026-01-01 00:38:14,23.520010,87.310016,0.0520,0.0021,0.9946,1.077,0.000,-1.095,0.0233,0.0487,1.0254,stable
2026-01-01 00:38:15,23.520011,87.310001,0.0309,0.0139,0.9864,2.005,1.864,0.543,0.0642,-0.0411,1.0157,stable
2026-01-01 00:38:16,23.520007,87.310000,0.0231,0.0036,1.0260,-0.359,0.197,0.595,0.0540,-0.0234,1.0048,stable
2026-01-01 00:38:17,23.520009,87.310022,-0.0364,0.0558,0.9860,-0.901,-0.752,-0.856,0.0715,0.0132,1.0301,stable
2026-01-01 00:38:18,23.519990,87.310005,0.0271,0.0200,0.9998,-0.247,-0.483,0.942,-0.0171,0.0552,1.0335,stable
2026-01-01 00:38:19,23.519994,87.309992,-0.0372,0.0297,1.0010,1.060,0.973,-0.281,-0.0459,0.0169,1.0273,stable
2026-01-01 00:38:20,23.520003,87.310004,0.0055,0.0552,0.9837,-0.101,-0.849,1.328,0.0164,0.0618,0.9637,stable
2026-01-01 00:38:21,23.519986,87.309991,0.0019,-0.0628,0.9893,0.943,0.674,0.401,0.0447,0.0235,0.9825,stable
2026-01-01 00:38:22,23.519993,87.310005,0.0515,0.0397,1.0028,0.329,1.726,0.077,0.0245,-0.0003,1.0000,stable
2026-01-01 00:38:23,23.519986,87.309999,0.0692,-0.0089,0.9995,0.698,-0.011,1.427,0.0580,0.0226,0.9661,stable
2026-01-01 00:38:24,23.519999,87.309981,0.0218,0.0078,1.0174,-0.328,0.496,-0.473,0.0391,-0.0079,0.9773,stable
2026-01-01 00:38:25,23.519995,87.309993,-0.0135,0.0658,1.0514,0.585,0.194,0.152,-0.0140,-0.0152,1.0271,stable
2026-01-01 00:38:26,23.520005,87.309997,0.0410,-0.0247,0.9932,-0.287,0.742,0.923,0.0458,0.0082,1.0092,stable
2026-01-01 00:38:27,23.520012,87.309999,0.0310,0.0421,1.0017,0.502,-0.096,-1.001,-0.0192,0.0938,1.0403,stable
2026-01-01 00:38:28,23.519998,87.309995,0.0413,-0.0586,1.0370,-0.663,1.193,-0.396,0.0073,0.0189,0.9838,stable
2026-01-01 00:38:29,23.519999,87.310019,-0.0071,-0.0231,0.9907,-0.430,0.058,-0.026,0.0020,0.0321,0.9785,stable
2026-01-01 00:38:30,23.519999,87.309997,0.0413,0.0230,1.0490,0.720,1.523,0.429,0.0361,0.0266,1.0260,stable
2026-01-01 00:38:31,23.520015,87.309998,0.0200,-0.0372,0.9986,0.218,-1.028,-0.500,-0.0003,0.0206,1.0154,stable
2026-01-01 00:38:32,23.520000,87.309999,-0.0160,0.0495,1.0094,1.461,0.967,-0.351,0.0144,-0.0156,1.0231,stable
2026-01-01 00:38:33,23.519997,87.309999,0.0316,0.0405,1.0319,0.285,0.688,0.398,0.0409,-0.0070,1.0103,stable
2026-01-01 00:38:34,23.519997,87.309982,0.0071,0.0578,1.0092,2.072,0.634,0.844,-0.0026,0.0256,1.0461,stable
2026-01-01 00:38:35,23.519994,87.310006,-0.0130,0.0323,0.9796,0.041,-0.145,1.176,0.0342,0.0263,1.0196,stable
2026-01-01 00:38:36,23.520010,87.310006,0.0709,-0.0100,1.0240,-0.789,0.284,1.274,0.0001,-0.0059,0.9987,stable
2026-01-01 00:38:37,23.520025,87.309994,0.0428,0.0190,0.9713,0.597,-0.169,0.842,-0.0131,0.0247,1.0282,stable
2026-01-01 00:38:38,23.520005,87.310005,0.0045,-0.0219,1.0162,0.359,-2.191,0.378,-0.0023,-0.0098,1.0478,stable
2026-01-01 00:38:39,23.520006,87.309998,0.0249,-0.0238,1.0098,0.194,0.543,0.254,0.0181,0.0512,1.0174,stable
2026-01-01 00:38:40,23.520010,87.310024,0.0629,0.0863,0.9858,-0.193,0.836,0.528,0.0238,-0.0298,0.9972,stable
2026-01-01 00:38:41,23.520014,87.309996,0.0150,0.0068,0.9987,0.468,-0.298,-0.795,0.0098,-0.0239,0.9987,stable
2026-01-01 00:38:42,23.519988,87.310012,0.0253,0.0239,1.0026,1.061,-0.760,0.656,0.0068,0.0421,1.0015,stable
2026-01-01 00:38:43,23.519996,87.310001,0.0034,0.0368,0.9934,-0.494,-0.204,0.571,0.0089,-0.0184,1.0224,stable
2026-01-01 00:38:44,23.519989,87.309992,-0.0393,0.0193,0.9964,0.461,0.891,0.093,0.0700,-0.0382,1.0199,stable
2026-01-01 00:38:45,23.519991,87.310014,0.0424,0.0108,0.9700,1.007,-0.459,-0.187,0.0145,-0.0349,0.9909,stable
2026-01-01 00:38:46,23.519997,87.310002,-0.0200,0.0052,1.0157,-1.224,1.409,1.316,0.0162,0.0410,1.0220,stable
2026-01-01 00:38:47,23.519994,87.310000,0.0481,0.0329,1.0074,1.617,0.090,0.134,0.0423,0.0016,1.0177,stable
2026-01-01 00:38:48,23.520006,87.309994,-0.0497,-0.0121,0.9914,0.482,0.686,-0.320,0.1062,0.0084,0.9542,stable
2026-01-01 00:38:49,23.520010,87.309989,0.0226,0.0061,0.9833,0.381,-0.374,0.579,0.0858,0.0142,1.0059,stable
2026-01-01 00:38:50,23.520010,87.309998,0.0113,-0.0055,1.0449,1.897,1.732,0.426,-0.0380,0.0518,1.0365,stable
2026-01-01 00:38:51,23.519991,87.309980,0.0137,-0.0214,1.0017,-0.939,0.716,0.573,0.0316,-0.0373,1.0091,stable
2026-01-01 00:38:52,23.519995,87.310017,-0.0513,-0.0722,0.9956,0.488,-1.414,-1.046,0.0788,0.0463,1.0102,stable
2026-01-01 00:38:53,23.520006,87.310003,0.0358,0.0295,0.9968,1.608,0.022,1.439,-0.0001,0.0075,0.9858,stable
2026-01-01 00:38:54,23.520007,87.309992,0.0789,0.0573,1.0085,-0.073,0.677,-0.017,0.0119,0.0154,0.9981,stable
2026-01-01 00:38:55,23.519994,87.310001,0.0438,-0.0139,0.9906,0.786,-0.090,0.699,-0.0566,0.1036,0.9730,stable
2026-01-01 00:38:56,23.519984,87.310017,0.0359,0.0483,0.9725,0.857,0.041,0.463,-0.0029,0.0015,0.9830,stable
2026-01-01 00:38:57,23.520000,87.309988,0.0238,-0.0163,1.0098,1.740,-0.188,0.411,0.0208,-0.0021,1.0101,stable
2026-01-01 00:38:58,23.519994,87.309996,0.0300,-0.0231,1.0333,0.529,-0.179,0.494,-0.0585,0.0345,1.0449,stable
2026-01-01 00:38:59,23.520001,87.310003,0.0030,0.0172,1.0036,0.634,0.839,0.544,0.0516,0.0079,1.0161,stable
2026-01-01 00:39:00,23.520012,87.309998,0.0216,0.0218,1.0330,1.740,1.131,-0.368,0.0118,0.0272,0.9864,stable
2026-01-01 00:39:01,23.519983,87.310007,-0.0266,0.0690,1.0137,0.234,-0.013,0.113,0.0635,0.0096,0.9507,stable
2026-01-01 00:39:02,23.519990,87.310009,-0.0150,-0.0027,1.0110,1.424,0.153,0.081,0.0255,0.0260,1.0235,stable
2026-01-01 00:39:03,23.520008,87.309998,0.0058,-0.0176,0.9991,-0.531,1.696,-0.579,-0.0147,-0.0159,0.9818,stable
2026-01-01 00:39:04,23.519985,87.310017,-0.0036,0.0188,1.0061,0.771,0.318,-0.238,0.0697,0.1004,1.0433,stable
2026-01-01 00:39:05,23.519994,87.310006,-0.0303,0.0137,1.0068,0.199,-0.213,0.828,-0.0126,-0.0594,0.9945,stable
2026-01-01 00:39:06,23.520021,87.310009,-0.0294,0.0053,0.9598,-1.969,0.286,-0.894,0.0280,0.0620,0.9950,stable
2026-01-01 00:39:07,23.519979,87.310027,-0.0326,-0.0082,1.0131,0.387,0.583,0.888,0.0493,-0.0345,1.0361,stable
2026-01-01 00:39:08,23.519994,87.310008,0.0313,-0.0049,0.9971,0.332,-0.488,0.179,0.0708,0.0109,1.0369,stable
2026-01-01 00:39:09,23.520004,87.309989,-0.0205,0.0069,1.0273,1.077,1.412,0.417,0.0166,0.0840,1.0126,stable
2026-01-01 00:39:10,23.519999,87.309999,0.0079,-0.0327,1.0026,0.148,0.827,-0.160,-0.0072,0.0575,1.0130,stable
2026-01-01 00:39:11,23.519993,87.310002,0.0093,0.0479,0.9991,1.074,0.613,0.928,0.0650,-0.0090,1.0245,stable
2026-01-01 00:39:12,23.520000,87.310014,-0.0011,0.0586,1.0505,0.448,0.120,0.298,0.0450,0.0950,0.9973,stable
2026-01-01 00:39:13,23.520000,87.310005,0.0006,0.0295,0.9780,-0.215,1.555,0.504,0.0419,0.0443,1.0150,stable
2026-01-01 00:39:14,23.519993,87.309992,0.0224,0.0358,0.9943,-0.725,0.843,1.713,0.0166,-0.0185,1.0260,stable
2026-01-01 00:39:15,23.520002,87.310003,0.0023,-0.0435,1.0070,-0.013,1.122,0.745,0.0308,-0.0465,1.0061,stable
2026-01-01 00:39:16,23.520001,87.309997,0.0310,0.0220,1.0000,0.504,-0.064,0.600,-0.0074,-0.0703,1.0501,stable
2026-01-01 00:39:17,23.520021,87.309986,0.0214,0.0179,1.0190,1.887,-0.261,0.433,0.0257,0.0494,1.0209,stable
2026-01-01 00:39:18,23.519997,87.309989,-0.0348,-0.0196,1.0426,-0.374,1.419,-0.016,-0.0018,0.0813,1.0189,stable
2026-01-01 00:39:19,23.520002,87.309991,0.0103,0.0124,1.0027,1.165,-0.076,-0.636,0.0352,0.0311,1.0345,stable
2026-01-01 00:39:20,23.519996,87.310003,0.0179,0.0262,1.0168,-0.380,1.168,-0.275,0.0136,-0.0142,0.9797,stable
2026-01-01 00:39:21,23.519995,87.310000,0.0459,0.0080,1.0083,-0.099,1.220,0.134,0.0291,0.0199,1.0129,stable
2026-01-01 00:39:22,23.519997,87.309996,0.0461,0.0179,1.0114,-0.145,0.451,-0.615,0.0044,-0.0455,1.0201,stable
2026-01-01 00:39:23,23.519999,87.310008,0.0165,0.0272,0.9916,2.169,-0.010,0.658,-0.0170,-0.0575,1.0296,stable
2026-01-01 00:39:24,23.519988,87.310002,0.0004,-0.0008,1.0209,0.627,-0.244,-0.084,-0.0160,0.0449,1.0089,stable
2026-01-01 00:39:25,23.519997,87.310000,-0.0116,-0.0280,0.9864,-0.442,1.075,-0.263,-0.0286,-0.0573,1.0407,stable
2026-01-01 00:39:26,23.520033,87.310005,0.0227,0.0106,0.9909,1.639,0.340,-0.120,0.0531,0.0056,1.0015,stable
2026-01-01 00:39:27,23.519994,87.310007,-0.0226,0.0450,0.9872,-0.271,-0.113,0.512,0.0900,-0.0038,1.0190,stable
2026-01-01 00:39:28,23.520006,87.309992,0.0148,0.0144,1.0091,0.125,-0.012,-0.430,0.0757,0.0543,0.9688,stable
2026-01-01 00:39:29,23.519994,87.310003,0.0278,0.0402,0.9844,0.652,1.003,0.146,0.0387,0.0179,1.0644,stable
2026-01-01 00:39:30,23.520002,87.310002,0.0739,0.0108,1.0150,0.943,-0.068,0.963,-0.0315,0.0438,1.0177,stable
2026-01-01 00:39:31,23.519996,87.309993,0.0453,0.0066,0.9900,0.287,0.789,-0.500,0.0579,-0.0202,0.9657,stable
2026-01-01 00:39:32,23.519998,87.310016,-0.0023,-0.0084,0.9965,0.997,-0.471,-0.959,0.0250,0.0333,1.0398,stable
2026-01-01 00:39:33,23.520018,87.310008,-0.0170,0.0212,0.9968,1.723,-0.294,0.730,-0.0248,0.0389,0.9671,stable
2026-01-01 00:39:34,23.519995,87.310008,0.0246,0.0145,0.9797,0.159,-1.250,-0.617,-0.0351,0.0115,1.0335,stable
2026-01-01 00:39:35,23.520010,87.309990,0.0625,0.0148,0.9814,1.661,1.458,-0.543,0.0141,-0.0326,1.0218,stable
2026-01-01 00:39:36,23.519993,87.310005,0.0171,0.0389,0.9709,-0.250,-0.128,0.397,-0.0350,0.0438,0.9502,stable
2026-01-01 00:39:37,23.520007,87.309980,0.0110,-0.0353,1.0032,-0.371,0.410,-0.275,0.0229,-0.0286,0.9784,stable
2026-01-01 00:39:38,23.519986,87.310015,-0.0272,0.0570,1.0174,-1.103,0.807,0.133,-0.0549,0.0156,1.0407,stable
2026-01-01 00:39:39,23.519999,87.310008,0.0244,-0.0019,1.0254,0.269,-0.153,1.075,-0.0556,0.0579,1.0474,stable
2026-01-01 00:39:40,23.520008,87.310006,0.0275,0.0486,1.0097,-0.087,0.333,-0.053,0.0393,0.0902,0.9746,stable
2026-01-01 00:39:41,23.519990,87.309999,0.0637,0.0372,1.0092,-1.350,1.226,0.163,0.0008,-0.0214,1.0114,stable
2026-01-01 00:39:42,23.519998,87.310009,0.0469,0.0395,1.0047,1.709,-0.339,0.684,0.0292,-0.0186,1.0321,stable
2026-01-01 00:39:43,23.519991,87.309993,-0.0039,0.0451,0.9682,-1.537,-0.608,0.578,0.0453,0.0098,0.9669,stable
2026-01-01 00:39:44,23.519992,87.309987,0.0349,-0.0118,0.9802,0.526,-0.435,2.016,0.0238,0.0143,0.9915,stable
2026-01-01 00:39:45,23.520000,87.310006,0.0213,-0.0165,1.0080,1.168,0.097,0.543,-0.0190,-0.0224,0.9910,stable
2026-01-01 00:39:46,23.519980,87.309993,0.0224,-0.0288,1.0445,-0.036,-0.427,-1.257,0.0033,0.1001,0.9555,stable
2026-01-01 00:39:47,23.519996,87.310004,0.0170,-0.0239,1.0291,0.030,0.941,0.542,0.0214,0.0265,1.0015,stable
2026-01-01 00:39:48,23.519995,87.309996,0.0053,-0.0079,1.0142,0.422,1.364,0.242,0.0206,0.0007,0.9884,stable
2026-01-01 00:39:49,23.519996,87.310007,0.0533,0.0487,0.9963,-0.273,-0.093,1.614,-0.0484,0.0067,0.9858,stable
2026-01-01 00:39:50,23.519986,87.310009,0.0067,0.0692,1.0079,0.480,1.253,0.643,0.0364,0.0132,0.9814,stable
2026-01-01 00:39:51,23.520008,87.309999,-0.0157,0.0109,1.0081,0.610,0.441,-0.791,0.0219,-0.0390,0.9915,stable
2026-01-01 00:39:52,23.519988,87.309992,-0.0302,0.0068,0.9846,0.765,-0.205,-0.248,0.0040,-0.0432,0.9989,stable
2026-01-01 00:39:53,23.520023,87.309990,0.0424,0.0507,1.0027,-0.205,0.565,-0.274,-0.0139,0.0283,1.0321,stable
2026-01-01 00:39:54,23.520006,87.310000,-0.0236,0.0488,1.0038,1.716,-0.243,0.054,0.1170,-0.0168,1.0279,stable
2026-01-01 00:39:55,23.520000,87.310005,0.0111,0.0309,1.0074,1.445,1.020,0.929,-0.0458,-0.0728,0.9936,stable
2026-01-01 00:39:56,23.519995,87.309998,0.0327,-0.0003,1.0146,-0.218,0.074,1.119,0.0109,0.0592,1.0168,stable
2026-01-01 00:39:57,23.520000,87.310009,-0.0094,-0.0044,1.0286,0.575,-0.209,0.922,-0.0164,-0.0665,0.9924,stable
2026-01-01 00:39:58,23.519992,87.309988,-0.0117,-0.0339,0.9840,-0.652,0.284,1.477,0.0191,-0.0256,1.0511,stable
2026-01-01 00:39:59,23.520007,87.310000,-0.0286,0.0104,1.0201,0.043,-0.189,0.444,-0.0195,0.0229,1.0622,stable
2026-01-01 00:40:00,23.519987,87.310016,0.0208,-0.0059,1.0171,1.324,0.184,-0.395,0.0334,0.0461,1.0241,stable
2026-01-01 00:40:01,23.520003,87.309997,0.0053,0.0393,1.0031,0.317,-0.116,0.715,0.0409,0.0319,1.0277,stable
2026-01-01 00:40:02,23.520004,87.310001,0.0134,0.0313,1.0124,-1.112,-0.318,-0.397,0.0244,0.0083,0.9938,stable
2026-01-01 00:40:03,23.519988,87.309999,0.0062,0.0083,1.0193,0.362,2.490,0.653,0.0352,-0.0376,1.0513,stable
2026-01-01 00:40:04,23.520009,87.310003,0.0236,0.0209,1.0061,1.109,-0.879,0.914,-0.0079,0.0190,0.9817,stable
2026-01-01 00:40:05,23.519995,87.310001,0.0193,0.0296,1.0260,1.240,0.478,-0.171,0.0569,-0.0120,1.0174,stable
2026-01-01 00:40:06,23.520009,87.309990,-0.0484,0.0204,1.0029,0.685,0.380,-0.061,0.0050,0.0319,0.9955,stable
2026-01-01 00:40:07,23.520008,87.309996,0.0676,0.0221,1.0267,1.228,0.754,0.152,0.0145,0.0313,1.0235,stable
2026-01-01 00:40:08,23.520002,87.309994,-0.0099,0.0247,1.0126,0.478,0.624,-0.257,0.0373,-0.0266,1.0078,stable
2026-01-01 00:40:09,23.520009,87.309997,0.0299,-0.0038,1.0105,0.574,-0.324,-0.267,0.0592,0.0306,1.0066,stable
2026-01-01 00:40:10,23.520007,87.309994,0.0144,-0.0456,0.9953,-0.466,0.367,0.893,0.0188,0.0286,1.0139,stable
2026-01-01 00:40:11,23.520014,87.310008,0.0310,0.0397,0.9885,-1.612,-0.643,1.027,-0.0078,0.0020,0.9994,stable
2026-01-01 00:40:12,23.519993,87.309993,-0.0330,0.0029,0.9844,0.949,-0.304,0.024,0.0203,-0.0164,1.0158,stable
2026-01-01 00:40:13,23.520004,87.309997,0.0137,0.0080,1.0255,1.701,0.539,-0.600,-0.0084,-0.0450,0.9943,stable
2026-01-01 00:40:14,23.520004,87.310001,0.0251,-0.0524,1.0002,-1.015,0.261,0.893,0.0497,0.0296,1.0292,stable
2026-01-01 00:40:15,23.520006,87.310007,0.0125,0.0139,1.0228,-0.366,0.009,0.860,0.0201,0.0128,1.0244,stable
2026-01-01 00:40:16,23.520013,87.310012,0.0122,0.0447,0.9799,1.224,1.420,1.786,0.0250,0.0133,1.0175,stable
2026-01-01 00:40:17,23.519992,87.309996,-0.0248,-0.0309,0.9979,-1.125,1.287,-0.179,-0.0234,-0.0030,0.9638,stable
2026-01-01 00:40:18,23.519991,87.309998,0.0377,0.0304,1.0011,-0.365,-0.269,0.121,-0.0867,0.0195,0.9893,stable
2026-01-01 00:40:19,23.519996,87.310009,0.0247,-0.0246,1.0362,0.768,0.362,-0.161,0.0148,-0.0003,0.9333,stable
2026-01-01 00:40:20,23.519990,87.310010,0.0551,0.0191,1.0157,1.091,0.499,0.053,-0.0372,0.0877,0.9894,stable
2026-01-01 00:40:21,23.519975,87.309997,0.0324,0.0302,0.9849,-0.967,1.898,0.153,0.0491,0.0163,1.0096,stable
2026-01-01 00:40:22,23.519986,87.309997,-0.0239,0.0317,0.9996,-0.916,-0.420,-0.633,0.0540,0.0896,0.9982,stable
2026-01-01 00:40:23,23.519985,87.310002,0.0050,-0.0213,0.9995,-0.609,1.377,0.360,0.0442,0.0045,1.0217,stable
2026-01-01 00:40:24,23.520007,87.310003,-0.0346,-0.0120,1.0275,0.879,0.460,0.828,0.0642,-0.0095,0.9777,stable
2026-01-01 00:40:25,23.520016,87.309992,-0.0250,-0.0423,1.0172,-0.754,1.328,0.679,-0.0423,0.0288,0.9557,stable
2026-01-01 00:40:26,23.520010,87.310008,-0.0243,0.0315,0.9970,0.309,0.480,-0.178,0.0195,-0.0073,1.0339,stable
2026-01-01 00:40:27,23.520011,87.309988,-0.0692,0.0190,0.9931,1.543,1.488,-1.099,-0.0021,0.0368,1.0475,stable
2026-01-01 00:40:28,23.520013,87.309994,0.0292,-0.0345,1.0085,0.224,0.503,-0.168,0.0509,0.0135,0.9556,stable
2026-01-01 00:40:29,23.519990,87.309991,0.0198,0.0235,1.0160,1.215,0.233,0.878,0.0647,0.0092,0.9868,stable
2026-01-01 00:40:30,23.520023,87.309998,-0.0211,-0.0506,0.9947,-0.377,0.122,-0.410,-0.0146,0.0153,0.9924,stable
2026-01-01 00:40:31,23.520002,87.310006,0.0247,-0.0087,0.9635,0.847,1.166,1.104,0.0312,0.0262,0.9803,stable
2026-01-01 00:40:32,23.520004,87.310009,0.0060,-0.0067,1.0380,-0.179,0.376,-0.034,0.0541,0.0631,1.0400,stable
2026-01-01 00:40:33,23.519989,87.310001,0.0417,-0.0034,1.0249,0.756,-0.324,-0.701,0.0474,0.0067,0.9952,stable
2026-01-01 00:40:34,23.519991,87.309996,0.0394,-0.0197,1.0033,-0.618,0.609,0.384,0.0360,0.0004,1.0004,stable
2026-01-01 00:40:35,23.519991,87.309988,0.0748,0.0224,0.9804,1.635,0.731,-0.257,0.0209,-0.0428,0.9884,stable
2026-01-01 00:40:36,23.519996,87.309989,-0.0426,0.0184,1.0218,0.745,0.486,0.064,0.0502,-0.0006,1.0239,stable
2026-01-01 00:40:37,23.520000,87.310008,0.0262,-0.0233,1.0414,2.003,0.908,0.923,-0.0467,0.0087,1.0239,stable
2026-01-01 00:40:38,23.520007,87.309991,-0.0037,0.0370,1.0162,0.490,0.650,-1.004,-0.0008,0.0429,0.9426,stable
2026-01-01 00:40:39,23.519988,87.309995,0.0420,0.0132,0.9945,-0.161,0.096,1.294,0.0770,0.0386,1.0216,stable
2026-01-01 00:40:40,23.519983,87.310001,-0.0263,0.0188,0.9872,1.432,1.759,1.395,0.0187,0.0296,0.9823,stable
2026-01-01 00:40:41,23.519990,87.309982,-0.0305,-0.0011,0.9977,1.662,-0.117,-0.099,-0.0758,0.0466,1.0153,stable
2026-01-01 00:40:42,23.519986,87.310000,0.0364,0.0277,0.9667,0.140,1.031,0.475,0.0238,0.0558,1.0073,stable
2026-01-01 00:40:43,23.519983,87.310003,0.0314,0.0254,0.9893,1.118,1.220,1.354,0.0912,-0.0030,0.9991,stable
2026-01-01 00:40:44,23.519988,87.310010,0.0364,0.0508,1.0043,0.548,0.014,-0.611,0.0381,0.0202,1.0377,stable
2026-01-01 00:40:45,23.519988,87.310007,-0.0499,0.0236,0.9912,-0.798,0.545,0.286,0.0415,-0.0733,0.9344,stable
2026-01-01 00:40:46,23.520012,87.310004,0.0171,-0.0022,1.0111,0.292,1.654,0.547,0.0308,0.0355,0.9973,stable
2026-01-01 00:40:47,23.519991,87.309992,0.0324,0.0516,1.0100,0.837,1.414,0.725,0.0445,-0.0024,1.0251,stable
2026-01-01 00:40:48,23.519991,87.310004,0.0205,-0.0036,0.9849,0.468,0.016,0.991,-0.0168,0.0518,0.9819,stable
2026-01-01 00:40:49,23.520005,87.309992,-0.0269,-0.0249,0.9978,-0.105,0.650,-0.535,0.0533,0.0794,1.0276,stable
2026-01-01 00:40:50,23.520007,87.310005,-0.0446,-0.0162,1.0058,0.447,0.360,1.178,0.0551,0.0747,0.9951,stable
2026-01-01 00:40:51,23.520008,87.310002,0.0292,0.0309,0.9925,1.806,1.005,-0.754,0.0610,0.0233,1.0175,stable
2026-01-01 00:40:52,23.519991,87.309992,0.0066,0.0363,0.9868,1.147,0.104,-0.106,0.0433,0.0597,1.0146,stable
2026-01-01 00:40:53,23.520005,87.309994,0.0017,-0.0351,1.0321,1.343,0.966,0.597,0.0773,-0.0016,0.9290,stable
2026-01-01 00:40:54,23.520006,87.309999,0.0237,0.0239,0.9783,0.608,0.465,0.096,0.0380,0.0475,1.0264,stable
2026-01-01 00:40:55,23.519988,87.310006,0.0007,0.0213,1.0198,0.252,1.465,1.103,0.0824,-0.0480,0.9648,stable
2026-01-01 00:40:56,23.519996,87.310001,0.0174,0.0642,1.0170,0.405,1.818,0.247,-0.0125,0.0172,1.0354,stable
2026-01-01 00:40:57,23.519983,87.309998,0.0162,0.0179,0.9781,-0.779,-0.481,-0.435,-0.0238,-0.0115,0.9674,stable
2026-01-01 00:40:58,23.519991,87.310004,0.0054,0.0138,0.9652,0.987,-0.393,0.339,0.0265,0.0003,0.9936,stable
2026-01-01 00:40:59,23.520015,87.310019,0.0223,-0.0076,0.9661,0.602,-0.258,-0.793,0.0197,-0.0483,0.9520,stable
2026-01-01 00:41:00,23.519998,87.310011,0.0422,0.0076,1.0154,1.019,-0.266,0.896,-0.0932,-0.0078,1.0028,stable
2026-01-01 00:41:01,23.520032,87.309985,0.0343,0.0130,0.9727,0.034,0.703,0.927,0.0583,0.0456,1.0124,stable
2026-01-01 00:41:02,23.520004,87.310009,0.0310,0.0537,1.0287,-0.428,0.043,1.461,0.0291,0.0141,1.0030,stable
2026-01-01 00:41:03,23.520019,87.309987,0.0682,0.0152,0.9886,0.232,0.030,0.116,0.0549,0.0355,0.9924,stable
2026-01-01 00:41:04,23.520006,87.310003,0.0152,0.0590,1.0005,1.286,-1.802,0.274,0.0179,0.0106,1.0016,stable
2026-01-01 00:41:05,23.519992,87.310011,-0.0073,-0.0103,0.9836,-0.404,0.478,-0.424,-0.0444,0.0132,0.9734,stable
2026-01-01 00:41:06,23.520002,87.310023,0.0401,-0.0492,0.9911,0.825,-0.609,0.194,-0.0142,0.0558,1.0524,stable
2026-01-01 00:41:07,23.519996,87.310006,0.0697,0.0150,1.0105,0.639,0.011,0.987,0.0339,0.0740,1.0427,stable
2026-01-01 00:41:08,23.520004,87.309998,-0.0139,-0.0081,0.9924,1.811,0.094,-0.324,0.0355,-0.0186,1.0369,stable
2026-01-01 00:41:09,23.519997,87.310004,0.0171,0.0169,1.0483,0.129,0.243,0.850,-0.0048,-0.0585,1.0107,stable
2026-01-01 00:41:10,23.520003,87.309999,-0.0007,-0.0482,1.0104,-0.297,-0.446,0.381,0.0306,0.0804,1.0205,stable
2026-01-01 00:41:11,23.519998,87.309997,-0.0344,-0.0240,1.0359,-0.797,0.719,-0.198,0.0657,0.0719,1.0217,stable
2026-01-01 00:41:12,23.520000,87.309976,-0.0297,0.0355,0.9692,0.993,0.592,0.446,-0.0048,0.0338,1.0105,stable
2026-01-01 00:41:13,23.520001,87.309978,0.0615,0.0421,1.0135,-1.012,-0.241,-0.003,0.0225,0.0069,1.0162,stable
2026-01-01 00:41:14,23.519998,87.310000,0.0080,-0.0122,1.0352,-0.411,-1.306,0.712,0.0522,-0.0060,1.0456,stable
2026-01-01 00:41:15,23.520001,87.310012,0.0252,0.0226,1.0031,-0.300,-1.037,0.582,0.0422,0.0780,1.0048,stable
2026-01-01 00:41:16,23.519978,87.310003,0.0593,0.0150,1.0213,-0.354,-0.630,0.190,0.0822,0.0076,1.0226,stable
2026-01-01 00:41:17,23.520003,87.310012,-0.0243,0.0037,1.0282,0.827,0.614,0.421,-0.0006,0.0459,1.0026,stable
2026-01-01 00:41:18,23.520011,87.310012,0.0217,-0.0960,1.0007,0.604,2.318,-0.830,0.0548,0.0075,0.9976,stable
2026-01-01 00:41:19,23.520005,87.310003,-0.0314,0.0247,0.9806,-1.525,-0.895,-0.093,0.0799,-0.0264,0.9793,stable
2026-01-01 00:41:20,23.519991,87.310004,0.0475,0.0257,0.9984,0.646,-0.759,1.604,0.0716,0.0224,1.0335,stable
2026-01-01 00:41:21,23.519996,87.309998,0.0486,0.0396,1.0089,0.011,0.245,-0.390,-0.0570,0.0104,0.9763,stable
2026-01-01 00:41:22,23.520003,87.309994,0.0439,0.0370,0.9943,1.531,0.113,0.400,-0.0455,0.0694,1.0170,stable
2026-01-01 00:41:23,23.519991,87.309991,0.0176,0.0024,1.0139,-0.197,-0.388,0.095,-0.0156,-0.0393,1.0614,stable
2026-01-01 00:41:24,23.520006,87.309988,0.0193,-0.0275,0.9787,0.294,0.484,-0.387,0.0437,0.0640,0.9722,stable
2026-01-01 00:41:25,23.520001,87.309998,-0.0620,0.0371,1.0113,0.676,0.778,1.066,-0.0165,0.0648,0.9966,stable
2026-01-01 00:41:26,23.520002,87.310009,0.0048,0.0616,1.0397,1.469,-0.316,-0.066,-0.0216,-0.0000,0.9715,stable
2026-01-01 00:41:27,23.519996,87.309983,-0.0172,-0.0275,0.9764,1.995,1.733,1.068,0.0153,-0.0290,1.0346,stable
2026-01-01 00:41:28,23.520002,87.309999,0.0160,-0.0138,1.0056,0.725,0.649,-0.524,0.0531,-0.0162,1.0268,stable
2026-01-01 00:41:29,23.519980,87.309996,0.0855,0.0577,1.0095,1.159,-0.667,0.301,0.0166,0.0469,1.0197,stable
2026-01-01 00:41:30,23.519995,87.310018,0.0252,0.0095,1.0074,-0.013,0.374,0.524,0.0200,-0.0526,1.0177,stable
2026-01-01 00:41:31,23.520006,87.309997,0.0171,0.0065,1.0224,0.185,0.325,0.739,-0.0119,0.0444,0.9296,stable
2026-01-01 00:41:32,23.520010,87.309990,0.0128,0.0667,0.9882,0.199,0.090,0.353,-0.0094,0.0866,0.9988,stable
2026-01-01 00:41:33,23.520005,87.309999,-0.0547,-0.0089,0.9998,-0.023,-0.338,0.325,-0.0006,0.0118,1.0217,stable
2026-01-01 00:41:34,23.520009,87.310006,0.0373,0.0088,1.0107,1.455,-0.274,0.334,0.0015,0.0206,0.9920,stable
2026-01-01 00:41:35,23.520003,87.310001,0.0056,0.0126,1.0210,-0.260,0.239,-0.120,0.0733,-0.0318,1.0018,stable
2026-01-01 00:41:36,23.520010,87.309976,0.0073,-0.0071,1.0124,0.101,-0.074,1.020,0.0700,0.0122,1.0474,stable
2026-01-01 00:41:37,23.520012,87.310012,-0.0100,0.0165,1.0095,1.160,-0.019,-0.102,0.0260,-0.0220,1.0152,stable
2026-01-01 00:41:38,23.519996,87.309993,-0.0040,-0.0131,1.0307,1.629,-0.140,-0.041,0.0380,0.0129,1.0212,stable
2026-01-01 00:41:39,23.519995,87.310002,0.0025,-0.0056,0.9761,-0.500,-0.188,1.131,-0.0352,0.0473,0.9586,stable
2026-01-01 00:41:40,23.519997,87.310006,0.0534,-0.0652,1.0127,0.785,1.142,0.311,0.0243,0.0140,1.0057,low
2026-01-01 00:41:41,23.519988,87.309986,-0.0205,0.0440,1.0328,2.083,-0.346,0.056,-0.0074,0.0407,1.0566,low
2026-01-01 00:41:42,23.519986,87.309985,0.0622,0.0679,1.0077,0.881,0.906,-0.213,0.0551,0.0968,1.0555,low
2026-01-01 00:41:43,23.519988,87.310003,0.0185,0.0493,0.9873,0.730,0.663,1.591,0.0081,0.0472,1.0297,low
2026-01-01 00:41:44,23.519993,87.309997,0.0383,0.0319,0.9909,1.226,0.932,-0.435,0.0201,0.0803,1.0066,low
2026-01-01 00:41:45,23.519999,87.309999,0.0119,0.0547,0.9752,1.146,1.222,-0.401,-0.0259,0.0119,1.0368,low
2026-01-01 00:41:46,23.519990,87.310009,0.0491,0.0409,1.0193,1.542,1.531,0.881,0.0192,0.0587,1.0558,low
2026-01-01 00:41:47,23.520006,87.309972,0.0036,0.0696,0.9949,2.003,0.896,0.826,0.0169,0.0293,1.0570,low
2026-01-01 00:41:48,23.520004,87.309997,0.0251,0.0389,0.9937,1.281,1.655,0.417,0.0306,0.0190,0.9819,low
2026-01-01 00:41:49,23.519996,87.309992,0.0182,-0.0355,1.0155,0.787,0.484,0.520,0.0916,0.0257,1.0188,low
2026-01-01 00:41:50,23.520011,87.309993,0.0409,0.0092,1.0174,1.118,0.152,-0.150,0.0002,0.0363,0.9784,low
2026-01-01 00:41:51,23.520014,87.309998,0.0104,0.0679,1.0044,0.036,0.548,0.781,0.0645,0.1222,1.0379,low
2026-01-01 00:41:52,23.520007,87.310001,0.0743,0.0294,1.0096,0.448,1.478,1.090,0.0384,0.1032,1.0367,low
2026-01-01 00:41:53,23.519999,87.310008,0.0324,0.0278,1.0195,0.937,1.259,0.822,0.0586,0.0455,1.0693,low
2026-01-01 00:41:54,23.520011,87.310012,0.0629,0.0651,0.9920,0.728,1.538,1.048,-0.0354,0.1411,0.9944,low
2026-01-01 00:41:55,23.520008,87.309990,0.0616,0.0331,1.0340,2.326,1.175,1.656,0.1092,-0.0724,0.9874,low
2026-01-01 00:41:56,23.520007,87.310008,0.0850,0.0266,1.0124,2.895,1.870,0.743,0.0582,0.0113,1.0426,low
2026-01-01 00:41:57,23.519996,87.310005,0.0846,0.0351,1.0688,0.850,-0.376,0.230,0.1439,0.0286,1.0096,low
2026-01-01 00:41:58,23.520020,87.310009,0.0306,0.0382,1.0312,0.173,0.521,1.279,0.0716,0.1166,1.0341,low
2026-01-01 00:41:59,23.520000,87.309986,0.0049,-0.0212,1.0286,0.912,1.522,1.173,0.0881,0.1356,1.0556,low
2026-01-01 00:42:00,23.519997,87.310000,0.0626,0.0336,0.9977,2.218,0.884,1.119,-0.0002,0.0043,1.0183,low
2026-01-01 00:42:01,23.520000,87.310005,0.0512,0.0791,1.0095,1.352,1.282,0.569,-0.0037,0.0112,1.0252,low
2026-01-01 00:42:02,23.519988,87.309992,0.0312,0.0638,1.0334,1.760,1.225,-0.083,0.0062,-0.0006,0.9986,low
2026-01-01 00:42:03,23.519998,87.309989,0.0856,0.0538,1.0360,1.287,0.630,0.642,0.0512,0.0463,0.9627,low
2026-01-01 00:42:04,23.519998,87.310000,0.0919,0.0223,1.0315,1.982,1.030,0.231,0.0243,0.0166,0.9997,low
2026-01-01 00:42:05,23.519991,87.309996,0.0201,0.0759,1.0138,0.961,0.557,1.108,0.0744,0.0072,1.0375,low
2026-01-01 00:42:06,23.519989,87.309990,0.0580,0.0495,1.0042,0.725,0.797,0.710,0.0326,0.0074,1.0853,low
2026-01-01 00:42:07,23.520013,87.310001,0.0186,0.1075,1.0318,1.934,2.187,1.434,0.0522,0.0712,1.0256,low
2026-01-01 00:42:08,23.520014,87.309983,0.0862,0.0686,1.0408,1.786,0.329,1.310,0.0455,0.0854,1.0095,low
2026-01-01 00:42:09,23.519993,87.309981,0.0412,0.0950,1.0091,0.802,-0.151,0.950,0.0704,0.0405,0.9964,low
2026-01-01 00:42:10,23.519987,87.310006,0.0696,0.0326,1.0403,1.216,1.948,-0.557,0.0340,0.0544,1.0549,low
2026-01-01 00:42:11,23.520003,87.309982,0.0170,0.0741,1.0326,2.060,0.453,0.629,0.1432,-0.0252,1.0485,low
2026-01-01 00:42:12,23.520011,87.310001,0.0359,0.0692,0.9976,1.993,1.297,0.107,0.0671,-0.0572,1.0031,low
2026-01-01 00:42:13,23.519987,87.310002,0.0524,0.0871,1.0214,0.829,1.346,0.563,0.1526,0.0149,1.0201,low
2026-01-01 00:42:14,23.519986,87.310016,0.1349,0.0305,1.0308,2.498,1.134,-0.013,0.0664,-0.0175,1.0072,low
2026-01-01 00:42:15,23.520005,87.309998,0.0267,0.0407,1.0071,1.168,0.895,0.651,0.1160,-0.0191,1.0232,low
2026-01-01 00:42:16,23.519998,87.309997,0.0522,0.0338,1.0278,2.067,-1.065,0.942,0.0173,0.0333,1.0023,low
2026-01-01 00:42:17,23.519999,87.310007,0.0358,0.0674,1.0093,-0.116,1.379,-0.370,0.1003,0.0531,1.0304,low
2026-01-01 00:42:18,23.519976,87.310000,0.0647,0.0501,1.0343,1.379,0.951,0.536,0.1067,0.0375,1.0050,low
2026-01-01 00:42:19,23.519999,87.309998,0.0740,-0.0047,1.0207,-0.051,0.203,1.156,0.0414,0.0040,1.0471,low
2026-01-01 00:42:20,23.520012,87.309990,0.0625,-0.0179,1.0118,0.459,1.569,0.016,0.0750,0.0325,1.0493,low
2026-01-01 00:42:21,23.520000,87.310006,0.0763,0.0672,0.9990,2.412,0.153,0.244,0.0667,0.0691,1.0325,low
2026-01-01 00:42:22,23.520005,87.310003,0.0509,0.0562,1.0345,-0.391,0.668,0.942,0.0440,0.0369,1.0041,low
2026-01-01 00:42:23,23.520005,87.310006,0.1221,0.0342,1.0128,-0.783,0.825,1.718,-0.0255,0.0888,0.9998,low
2026-01-01 00:42:24,23.520004,87.309993,0.0417,0.0026,1.0050,0.884,1.696,0.307,0.0386,0.0607,1.0225,low
2026-01-01 00:42:25,23.519985,87.309990,0.0767,-0.0167,1.0162,0.365,1.633,-0.604,0.0799,-0.0133,0.9971,low
2026-01-01 00:42:26,23.519990,87.310001,0.0306,0.0301,0.9853,0.499,1.859,0.231,0.0362,0.1118,0.9912,low
2026-01-01 00:42:27,23.520004,87.309997,0.0858,-0.0006,1.0084,0.603,1.799,0.658,0.0442,0.0756,1.0441,low
2026-01-01 00:42:28,23.519995,87.309988,0.0340,0.0070,0.9913,-0.239,0.584,0.757,0.1026,0.0520,1.0179,low
2026-01-01 00:42:29,23.520007,87.310007,0.0689,0.0555,1.0186,1.236,1.313,0.331,0.0702,0.0509,0.9528,low
2026-01-01 00:42:30,23.520003,87.309993,0.0725,-0.0217,1.0276,1.549,0.441,1.230,0.0590,0.0096,1.0144,low
2026-01-01 00:42:31,23.519999,87.310006,0.0634,0.0531,1.0314,1.660,0.147,1.023,0.0532,0.0891,1.0372,low
2026-01-01 00:42:32,23.520010,87.310005,0.0111,0.0195,0.9990,2.169,0.372,-0.071,0.1469,0.1301,0.9904,low
2026-01-01 00:42:33,23.520008,87.309996,0.0281,0.0616,0.9820,0.552,0.871,0.032,0.0539,0.0897,1.0080,low
2026-01-01 00:42:34,23.520009,87.309997,0.0597,0.0404,0.9922,2.266,1.854,0.645,0.0331,0.1048,0.9742,low
2026-01-01 00:42:35,23.520011,87.309998,0.0276,0.0540,1.0485,0.217,1.535,1.232,0.0411,0.0602,1.0474,low
2026-01-01 00:42:36,23.519988,87.310005,0.0780,-0.0172,1.0566,2.292,0.929,1.733,0.0211,0.0661,1.0058,low
2026-01-01 00:42:37,23.520006,87.309986,0.0045,0.0327,0.9804,0.684,1.746,0.491,0.0709,0.0574,1.0138,low
2026-01-01 00:42:38,23.519992,87.309990,0.0022,-0.0119,1.0091,1.803,-0.405,0.570,0.0130,0.0494,1.0213,low
2026-01-01 00:42:39,23.520007,87.310004,0.0970,-0.0340,0.9784,1.901,0.593,1.621,0.0278,0.0687,1.0140,low
2026-01-01 00:42:40,23.519999,87.310007,0.0288,0.0156,1.0402,0.481,0.789,0.081,-0.0209,0.1220,1.0363,low
2026-01-01 00:42:41,23.519999,87.310003,0.0419,0.0350,1.0301,0.821,0.853,0.225,0.0594,0.0572,0.9605,low
2026-01-01 00:42:42,23.519984,87.309993,0.0683,0.0396,1.0642,1.177,1.069,0.183,0.0233,0.0870,1.0414,low
2026-01-01 00:42:43,23.520009,87.309991,-0.0208,0.0777,1.0377,1.307,0.153,0.712,0.0522,0.0852,1.0012,low
2026-01-01 00:42:44,23.519993,87.310001,0.0286,0.0706,1.0403,2.560,1.906,0.439,0.0645,0.0684,1.0138,low
2026-01-01 00:42:45,23.520017,87.310000,0.0293,0.0326,1.0437,1.263,1.153,0.763,0.0368,0.0238,1.0387,low
2026-01-01 00:42:46,23.519992,87.309990,0.0137,0.0492,1.0266,-0.137,-0.186,-0.589,0.0518,0.0623,1.0004,low
2026-01-01 00:42:47,23.520020,87.309983,0.0225,0.0034,1.0087,1.361,1.727,1.201,0.0798,0.0796,0.9894,low
2026-01-01 00:42:48,23.520002,87.309992,0.0387,0.0248,1.0192,1.211,0.564,1.034,0.0446,0.0784,1.0601,low
2026-01-01 00:42:49,23.519981,87.309998,0.0188,0.0382,1.0181,1.726,-0.386,1.434,0.0282,0.0657,1.0313,low
2026-01-01 00:42:50,23.520003,87.309982,0.0335,0.0425,1.0447,2.370,0.747,0.221,0.0212,0.0977,1.0767,low
2026-01-01 00:42:51,23.519997,87.309991,0.0450,0.0270,1.0093,-0.112,2.483,0.023,0.0346,0.0866,1.0816,low
2026-01-01 00:42:52,23.520006,87.310015,0.0460,0.0410,0.9739,0.846,0.424,1.218,0.0484,0.0400,1.0165,low
2026-01-01 00:42:53,23.519994,87.310006,0.0288,0.0148,1.0246,1.256,0.577,1.298,0.0866,0.0507,1.0221,low
2026-01-01 00:42:54,23.520003,87.310015,0.0569,0.0106,1.0151,-0.240,1.730,0.431,0.1266,0.0758,1.0257,low
2026-01-01 00:42:55,23.520004,87.310006,0.0629,0.0590,1.0700,-0.350,0.519,0.649,0.0376,-0.0789,1.0010,low
2026-01-01 00:42:56,23.519988,87.310014,0.0196,0.0663,1.0145,2.900,1.377,1.858,0.0116,0.0488,1.0397,low
2026-01-01 00:42:57,23.519994,87.309991,0.0323,0.0328,1.0338,1.206,2.042,2.020,0.0662,0.0577,1.0286,low
2026-01-01 00:42:58,23.520012,87.309993,0.0556,0.0191,1.0051,0.932,1.047,0.978,0.0635,0.0199,1.0369,low
2026-01-01 00:42:59,23.520018,87.310004,0.0485,0.0403,1.0036,0.886,2.283,0.781,0.0105,0.0964,1.0195,low
2026-01-01 00:43:00,23.520002,87.310005,0.0225,0.0180,1.0800,0.193,-0.723,-0.492,0.0187,0.0365,1.0251,low
2026-01-01 00:43:01,23.519986,87.309991,-0.0025,0.0392,1.0163,0.843,1.583,2.804,0.0412,0.0902,0.9921,low
2026-01-01 00:43:02,23.520026,87.310009,0.0191,0.0351,0.9840,0.632,1.379,0.085,0.0379,0.0434,1.0327,low
2026-01-01 00:43:03,23.519997,87.310003,0.0748,0.0606,1.0367,2.141,0.189,0.575,0.0837,0.1088,0.9985,low
2026-01-01 00:43:04,23.520003,87.309991,-0.0086,0.0126,1.0433,1.669,1.581,0.949,0.0115,0.0220,1.0112,low
2026-01-01 00:43:05,23.519991,87.309985,0.0330,0.0279,1.0056,1.534,0.388,0.754,0.0400,0.0188,0.9755,low
2026-01-01 00:43:06,23.520010,87.309999,0.0671,0.0532,1.0314,1.020,0.116,-0.934,0.0215,0.0725,0.9929,low
2026-01-01 00:43:07,23.520000,87.310001,-0.0046,0.0108,0.9797,0.735,1.937,2.077,-0.0380,-0.0255,1.0450,low
2026-01-01 00:43:08,23.519992,87.309984,0.0064,-0.0172,1.0088,-0.000,1.453,0.453,0.0625,0.0291,1.0196,low
2026-01-01 00:43:09,23.519978,87.310002,0.0884,0.0616,0.9963,1.013,0.443,0.489,0.0019,0.0553,1.0224,low
2026-01-01 00:43:10,23.520002,87.309993,0.0848,0.0272,1.0149,0.006,-0.024,1.430,0.0864,0.0956,1.0795,low
2026-01-01 00:43:11,23.520002,87.310014,0.0739,0.0374,1.0250,1.990,0.534,0.991,0.0808,0.0320,1.0275,low
2026-01-01 00:43:12,23.519994,87.309986,0.0442,0.0389,1.0094,0.618,0.948,1.255,0.0913,0.0219,1.0326,low
2026-01-01 00:43:13,23.519995,87.309999,0.0497,0.0490,1.0019,0.370,0.369,0.219,-0.0004,0.0171,1.0252,low
2026-01-01 00:43:14,23.520010,87.310008,0.0949,0.0353,1.0345,0.010,2.591,0.910,0.1195,0.1173,0.9975,low
2026-01-01 00:43:15,23.519999,87.310004,0.1038,0.0650,1.0039,1.348,0.698,1.358,0.0358,0.0528,0.9910,low
2026-01-01 00:43:16,23.520012,87.309991,0.0297,0.0407,1.0648,2.406,0.042,1.467,0.0723,0.0091,0.9709,low
2026-01-01 00:43:17,23.519998,87.309985,0.0314,0.0262,1.0463,0.735,1.010,0.957,0.0508,0.0395,1.0072,low
2026-01-01 00:43:18,23.519998,87.309994,0.0329,0.0003,1.0474,0.382,1.919,0.251,0.0791,0.0384,1.0196,low
2026-01-01 00:43:19,23.520006,87.310009,0.0646,0.0219,1.0172,0.809,1.266,1.907,0.0447,0.0453,1.0187,low
2026-01-01 00:43:20,23.519995,87.310002,0.0741,-0.0477,0.9836,-0.147,0.599,0.743,0.0526,0.0297,1.0245,low
2026-01-01 00:43:21,23.519999,87.310000,0.0131,0.0365,1.0260,2.097,0.622,1.332,0.0875,-0.0446,1.0523,low
2026-01-01 00:43:22,23.519997,87.310015,0.0322,0.0512,1.0019,2.181,1.432,1.196,0.0601,0.0242,1.0448,low
2026-01-01 00:43:23,23.520000,87.309994,0.1117,0.0154,1.0177,1.138,0.011,0.882,0.0488,-0.0059,0.9803,low
2026-01-01 00:43:24,23.519994,87.309992,0.0147,-0.0117,1.0120,0.569,2.045,1.378,0.0563,0.0575,1.0193,low
2026-01-01 00:43:25,23.519978,87.310001,0.0932,-0.0009,1.0179,1.950,1.254,0.501,0.0428,0.0583,1.0622,low
2026-01-01 00:43:26,23.520000,87.310011,0.0549,0.0638,1.0616,0.500,0.466,0.751,0.0645,0.0391,1.0170,low
2026-01-01 00:43:27,23.520003,87.309996,0.1179,0.0513,0.9781,1.414,0.800,1.228,0.0704,0.0052,0.9993,low
2026-01-01 00:43:28,23.519995,87.310004,0.0351,0.0210,1.0488,1.542,0.135,0.602,0.0464,0.0118,1.0050,low
2026-01-01 00:43:29,23.520004,87.310012,0.0410,-0.0227,1.0064,1.910,1.730,-0.247,0.0331,0.0802,1.0209,low
2026-01-01 00:43:30,23.519980,87.310008,0.0215,0.0222,1.0225,2.030,1.067,-0.289,0.0246,0.0125,1.0463,low
2026-01-01 00:43:31,23.520010,87.310008,0.0205,0.0407,1.0106,1.569,2.148,0.700,0.0370,0.0684,0.9793,low
2026-01-01 00:43:32,23.519986,87.310005,0.0364,0.0535,1.0420,0.481,1.749,0.402,0.0082,-0.0054,1.0195,low
2026-01-01 00:43:33,23.519991,87.309994,0.0448,0.0182,1.0083,-0.100,1.181,1.616,0.0282,-0.0353,1.0082,low
2026-01-01 00:43:34,23.520002,87.309999,0.0540,0.0155,0.9882,1.492,1.929,-0.331,0.0419,0.0376,1.0490,low
2026-01-01 00:43:35,23.520008,87.309994,0.0338,0.0309,0.9967,0.745,0.921,0.915,0.0496,0.0037,1.0096,low
2026-01-01 00:43:36,23.520011,87.309998,0.0028,0.1089,1.0251,1.102,0.957,0.403,0.0689,0.0696,1.0043,low
2026-01-01 00:43:37,23.520007,87.310007,0.0535,0.0455,1.0083,1.440,2.612,-0.497,0.0900,0.1180,1.0315,low
2026-01-01 00:43:38,23.520009,87.309991,0.0537,0.0551,1.0159,1.002,1.651,0.766,0.0350,0.0937,1.0001,low
2026-01-01 00:43:39,23.520007,87.309999,0.0614,0.0658,1.0277,2.168,0.623,1.424,0.0213,0.0495,1.0198,low
2026-01-01 00:43:40,23.519985,87.309995,0.0630,0.0740,1.0182,1.716,1.386,0.829,0.0705,0.0856,1.0193,low
2026-01-01 00:43:41,23.519986,87.310004,0.0653,0.0217,1.0196,0.589,0.329,0.838,0.0492,0.0100,0.9921,low
2026-01-01 00:43:42,23.519988,87.309998,0.0486,-0.0028,1.0323,2.019,0.912,0.846,0.0250,0.1026,1.0202,low
2026-01-01 00:43:43,23.519993,87.309996,0.1062,0.0561,1.0460,1.850,-0.737,0.945,0.0708,0.0762,1.0292,low
2026-01-01 00:43:44,23.519999,87.309996,0.0445,0.1197,1.0273,-0.008,1.055,0.946,0.0190,0.0584,1.0531,low
2026-01-01 00:43:45,23.520005,87.310007,0.0552,0.0087,1.0279,0.060,1.040,0.766,0.0735,-0.0051,0.9947,low
2026-01-01 00:43:46,23.520012,87.309993,0.0574,0.0245,1.0207,2.047,0.338,0.624,0.0436,0.0229,1.0490,low
2026-01-01 00:43:47,23.519994,87.310011,0.0648,0.0876,1.0422,1.523,1.229,0.661,0.1384,0.0690,1.0179,low
2026-01-01 00:43:48,23.520006,87.309999,0.0826,0.0178,0.9729,2.429,-0.676,0.486,0.0390,0.0687,1.0560,low
2026-01-01 00:43:49,23.519995,87.309996,0.0089,0.0412,1.0157,1.314,0.102,1.232,-0.0137,-0.0334,1.0028,low
2026-01-01 00:43:50,23.520003,87.310001,0.0565,0.0412,1.0206,0.232,1.618,0.793,0.0996,0.0466,1.0736,low
2026-01-01 00:43:51,23.519998,87.310013,0.0400,0.0587,1.0515,0.030,0.622,-0.110,0.0199,0.0545,0.9979,low
2026-01-01 00:43:52,23.520017,87.309987,0.0329,-0.0033,1.0292,0.621,1.694,-0.111,0.0274,0.0051,1.0086,low
2026-01-01 00:43:53,23.519991,87.309990,0.0585,0.0334,1.0058,1.537,0.731,1.563,0.0570,0.0473,1.0303,low
2026-01-01 00:43:54,23.519975,87.309988,0.0155,0.0819,1.0022,-0.216,0.638,0.115,0.0129,0.0860,1.0290,low
2026-01-01 00:43:55,23.520001,87.310002,0.0700,-0.0296,1.0347,1.224,1.705,-0.210,0.0687,0.0540,1.0248,low
2026-01-01 00:43:56,23.519995,87.309992,0.0580,0.0151,1.0223,1.468,-0.633,0.393,0.0815,-0.0689,1.0166,low
2026-01-01 00:43:57,23.519995,87.309994,0.0575,0.0493,1.0319,2.502,1.067,-0.766,0.0178,0.1100,1.0089,low
2026-01-01 00:43:58,23.519996,87.309991,0.0500,0.0031,1.0384,1.107,2.363,0.844,0.0184,0.0654,1.0204,low
2026-01-01 00:43:59,23.520003,87.309991,0.0933,0.0124,1.0041,1.405,0.689,0.483,0.0186,0.0468,1.0342,low
2026-01-01 00:44:00,23.519983,87.310002,0.0800,0.0131,0.9824,1.837,0.864,1.228,0.1138,0.0205,1.0495,low
2026-01-01 00:44:01,23.519983,87.309997,0.0412,0.0559,1.0179,1.057,0.642,0.755,0.0527,0.0623,1.0115,low
2026-01-01 00:44:02,23.520004,87.310004,0.0208,0.0257,1.0258,0.876,0.213,0.568,0.0281,0.1205,0.9995,low
2026-01-01 00:44:03,23.520005,87.310004,0.0658,0.0504,1.0188,1.319,0.773,1.387,0.0795,0.0762,1.0300,low
2026-01-01 00:44:04,23.519997,87.310002,0.0152,0.0147,1.0257,1.461,1.610,0.198,0.0981,0.0734,0.9895,low
2026-01-01 00:44:05,23.519997,87.310020,0.0897,0.0476,1.0264,0.601,1.437,0.656,0.0881,-0.0186,1.0365,low
2026-01-01 00:44:06,23.519994,87.310006,0.0200,0.0314,0.9923,0.055,1.405,0.300,0.0034,0.0599,1.0060,low
2026-01-01 00:44:07,23.520002,87.310006,0.0503,0.0424,1.0157,1.953,0.698,-0.275,-0.0270,0.0942,1.0185,low
2026-01-01 00:44:08,23.520006,87.309993,0.0730,0.0277,1.0119,0.920,0.714,0.673,0.1566,0.0725,1.0413,low
2026-01-01 00:44:09,23.519994,87.309990,0.0832,0.0855,1.0517,1.986,0.211,0.415,0.0552,0.0577,0.9816,low
2026-01-01 00:44:10,23.520003,87.310007,0.0097,-0.0145,1.0360,1.812,0.828,0.381,0.0252,0.0448,1.0251,low
2026-01-01 00:44:11,23.520001,87.310005,0.0468,0.0374,1.0048,1.593,-0.370,2.705,0.0532,0.0114,1.0244,low
2026-01-01 00:44:12,23.520013,87.310019,0.0708,0.0183,1.0242,1.066,0.289,1.285,0.1006,0.0719,0.9943,low
2026-01-01 00:44:13,23.520006,87.309998,0.0765,0.0201,1.0402,1.548,1.464,0.766,0.0837,-0.0512,1.0052,low
2026-01-01 00:44:14,23.519995,87.310001,0.0317,0.0495,1.0324,-0.454,0.283,-0.383,0.0082,0.0254,0.9580,low
2026-01-01 00:44:15,23.520013,87.310009,0.0362,0.0295,1.0000,1.639,0.300,0.413,0.0777,-0.0085,1.0242,low
2026-01-01 00:44:16,23.520000,87.310009,0.0479,0.0756,1.0261,0.658,1.394,1.356,0.1220,0.0747,0.9896,low
2026-01-01 00:44:17,23.520000,87.309999,0.1081,0.0443,0.9874,1.299,0.379,-0.268,0.0970,0.0880,0.9955,low
2026-01-01 00:44:18,23.520000,87.309986,0.0457,0.0045,1.0434,0.991,1.101,1.167,0.0881,0.1154,1.0290,low
2026-01-01 00:44:19,23.520004,87.309984,0.0499,0.0526,0.9958,2.673,1.482,0.796,0.0298,0.0596,1.0244,low
2026-01-01 00:44:20,23.519996,87.309997,0.0399,0.0242,1.0278,0.902,1.348,0.187,0.1017,0.0322,0.9809,low
2026-01-01 00:44:21,23.519994,87.310009,0.0723,-0.0009,1.0208,1.101,2.069,0.447,-0.0195,0.0837,0.9916,low
2026-01-01 00:44:22,23.519991,87.310013,0.0655,0.0529,1.0247,1.856,1.308,-0.063,0.0346,0.0412,1.0309,low
2026-01-01 00:44:23,23.520023,87.310001,0.0677,0.0184,1.0083,0.658,0.767,0.394,0.0774,0.0294,0.9955,low
2026-01-01 00:44:24,23.520002,87.310005,0.1027,-0.0025,0.9983,0.891,0.714,1.685,0.1245,0.0182,0.9861,low
2026-01-01 00:44:25,23.519992,87.310010,0.0209,0.0398,0.9696,0.637,-0.127,0.550,0.0802,-0.0047,1.0625,low
2026-01-01 00:44:26,23.520009,87.310005,0.0494,0.0634,1.0116,0.921,0.133,1.953,-0.0311,0.0606,1.0401,low
2026-01-01 00:44:27,23.519998,87.310000,0.0670,0.0510,1.0124,2.167,0.878,0.592,0.0271,0.0471,1.0568,low
2026-01-01 00:44:28,23.519989,87.309995,0.0150,0.0512,1.0153,-0.048,0.720,0.764,0.0932,0.0250,1.0326,low
2026-01-01 00:44:29,23.520010,87.309993,0.0726,0.0183,0.9971,1.349,0.844,0.316,0.0272,0.0234,1.0700,low
2026-01-01 00:44:30,23.520014,87.309987,0.0398,0.0157,1.0096,2.453,1.055,0.412,0.0995,0.0364,0.9989,low
2026-01-01 00:44:31,23.519991,87.310000,0.0184,0.0272,1.0010,1.818,1.618,1.155,0.0541,0.0386,1.0501,low
2026-01-01 00:44:32,23.520019,87.310000,0.0729,0.0009,1.0087,0.710,0.186,0.819,0.0654,-0.0005,1.0887,low
2026-01-01 00:44:33,23.519996,87.309999,0.0321,0.0681,1.0148,1.562,-0.263,0.017,0.0641,0.0835,1.0133,low
2026-01-01 00:44:34,23.519986,87.309981,0.0388,0.0536,1.0337,-0.210,1.699,0.251,0.0381,0.0717,1.0186,low
2026-01-01 00:44:35,23.519987,87.309997,0.0014,-0.0357,0.9874,1.235,0.427,1.098,0.0317,-0.0099,1.0393,low
2026-01-01 00:44:36,23.519996,87.309984,0.0772,0.0687,1.0334,0.778,1.009,0.548,0.0448,0.0692,0.9815,low
2026-01-01 00:44:37,23.520010,87.309987,0.0447,0.0252,1.0165,-0.188,0.586,1.105,0.0743,0.0186,1.0122,low
2026-01-01 00:44:38,23.519989,87.310014,0.0161,0.0152,0.9745,2.593,-0.040,0.947,0.0631,0.0081,0.9984,low
2026-01-01 00:44:39,23.520007,87.310000,0.0933,0.0126,1.0228,1.505,-1.707,0.575,0.1143,0.0290,1.0225,low
2026-01-01 00:44:40,23.520008,87.309988,0.0189,-0.0032,0.9794,2.666,-0.385,-0.037,0.0343,0.0391,1.0723,low
2026-01-01 00:44:41,23.520018,87.310006,-0.0003,0.0214,1.0412,0.360,-0.112,1.263,0.0579,0.0949,1.0284,low
2026-01-01 00:44:42,23.519991,87.310015,0.1092,0.0180,1.0023,1.770,1.312,0.329,0.0872,0.0208,1.0390,low
2026-01-01 00:44:43,23.519996,87.309990,0.0049,0.0427,0.9681,-0.219,0.796,0.745,0.1056,0.0917,1.0596,low
2026-01-01 00:44:44,23.520010,87.310002,0.0203,0.0259,1.0204,0.154,0.708,1.319,0.0527,0.0670,1.0385,low
2026-01-01 00:44:45,23.519988,87.310014,0.0239,0.0000,1.0138,0.962,0.955,-0.112,-0.0161,0.0797,1.0094,low
2026-01-01 00:44:46,23.520001,87.310002,0.0321,0.0190,1.0137,1.898,0.836,0.652,0.0548,0.0116,0.9943,low
2026-01-01 00:44:47,23.519991,87.309995,0.0226,0.0556,0.9872,0.248,0.690,0.686,0.0491,0.1188,1.0346,low
2026-01-01 00:44:48,23.519987,87.310010,0.1175,0.0386,1.0337,0.222,1.355,-0.298,0.0405,0.0483,1.0596,low
2026-01-01 00:44:49,23.519988,87.309988,0.0444,0.0526,1.0229,1.472,2.307,0.457,-0.0191,0.0837,1.0415,low
2026-01-01 00:44:50,23.519988,87.310000,0.0524,0.0383,1.0169,1.472,0.931,0.592,0.0736,0.0168,1.0630,low
2026-01-01 00:44:51,23.519998,87.310022,0.0557,-0.0010,0.9787,0.728,-0.974,0.506,0.0519,0.0881,1.0169,low
2026-01-01 00:44:52,23.519996,87.310011,0.0461,0.0664,0.9792,0.990,0.745,0.451,0.0425,0.0835,1.0500,low
2026-01-01 00:44:53,23.519997,87.310006,0.0537,0.0947,1.0480,1.460,0.291,-0.047,0.0186,-0.0070,1.0192,low
2026-01-01 00:44:54,23.520018,87.310011,0.0340,0.0195,1.0123,1.112,-0.151,1.071,0.0994,0.0684,1.0171,low
2026-01-01 00:44:55,23.519994,87.309999,0.0051,0.0331,1.0044,0.528,0.059,0.504,0.0148,0.0670,1.0246,low
2026-01-01 00:44:56,23.519987,87.309986,0.0649,0.0053,1.0519,2.011,-0.546,0.895,-0.0200,0.0725,1.0058,low
2026-01-01 00:44:57,23.519983,87.309988,0.0335,0.0258,1.0461,0.989,1.328,0.908,0.0583,0.1061,1.0046,low
2026-01-01 00:44:58,23.519989,87.309989,0.0413,0.0373,1.0077,-0.511,0.799,0.128,0.0605,0.0391,1.0291,low
2026-01-01 00:44:59,23.520006,87.310002,0.0324,0.0497,1.0028,1.423,-0.559,1.038,0.0004,0.0473,1.0648,low
2026-01-01 00:45:00,23.520005,87.309988,0.0051,0.0043,1.0213,2.305,2.661,1.201,0.0520,0.0353,1.0099,low
2026-01-01 00:45:01,23.520000,87.310006,0.0866,0.0671,1.0141,1.768,-0.168,0.765,0.0345,0.0203,0.9847,low
2026-01-01 00:45:02,23.520004,87.310008,0.0451,0.0024,1.0320,0.391,0.519,1.554,0.0341,0.0998,1.0417,low
2026-01-01 00:45:03,23.520010,87.310001,0.0170,0.0205,0.9618,2.521,1.340,0.013,0.0891,0.0413,1.0028,low
2026-01-01 00:45:04,23.520012,87.309996,0.0590,0.0404,0.9676,1.153,0.528,1.421,0.0963,0.0150,1.0273,low
2026-01-01 00:45:05,23.520020,87.310010,0.0600,0.0288,1.0481,1.075,1.668,0.904,0.1346,-0.0456,1.0574,low
2026-01-01 00:45:06,23.520005,87.310016,0.1044,0.0332,1.0287,0.978,0.422,-0.038,0.0585,0.0178,1.0202,low
2026-01-01 00:45:07,23.519988,87.310008,0.0278,0.0137,0.9832,0.090,0.941,1.513,0.0704,0.0306,1.0160,low
2026-01-01 00:45:08,23.519995,87.310007,0.0649,0.0175,0.9954,1.534,0.775,0.941,0.1009,0.0570,1.0110,low
2026-01-01 00:45:09,23.520007,87.309991,-0.0098,0.0439,1.0312,1.748,0.249,-0.236,0.0408,-0.0146,1.0383,low
2026-01-01 00:45:10,23.520023,87.309990,0.0448,0.0672,1.0192,2.257,0.883,1.576,0.0633,-0.0261,1.0735,low
2026-01-01 00:45:11,23.520003,87.310000,-0.0012,0.0245,1.0270,1.095,1.687,1.250,0.0765,0.0920,1.0295,low
2026-01-01 00:45:12,23.519999,87.309994,0.0657,0.0310,0.9865,2.037,-0.109,0.911,0.0338,0.0481,1.0581,low
2026-01-01 00:45:13,23.519997,87.309992,0.0447,0.0286,1.0195,1.008,-0.054,0.497,0.0801,0.0312,1.0231,low
2026-01-01 00:45:14,23.520007,87.309994,0.0482,0.0560,1.0343,0.652,1.118,0.075,-0.0164,0.1597,1.0133,low
2026-01-01 00:45:15,23.519992,87.310009,0.0364,0.0815,1.0294,1.095,0.701,0.457,0.0933,0.0975,1.0103,low
2026-01-01 00:45:16,23.520006,87.310011,0.0667,0.0217,1.0198,0.890,1.655,0.386,0.0093,0.0798,1.0031,low
2026-01-01 00:45:17,23.520013,87.310007,0.0147,0.0539,1.0390,0.587,-0.697,0.928,0.0602,0.0717,1.0117,low
2026-01-01 00:45:18,23.520005,87.309993,0.0776,0.0448,0.9984,1.915,2.020,0.712,0.0812,0.0717,1.0248,low
2026-01-01 00:45:19,23.520006,87.309996,0.1061,-0.0030,1.0132,0.498,1.513,0.671,0.0376,0.0218,1.0291,low
2026-01-01 00:45:20,23.520003,87.309999,0.0580,0.0319,0.9949,-0.978,1.865,1.394,0.0452,0.0222,1.0526,low
2026-01-01 00:45:21,23.520007,87.309991,0.0394,-0.0153,0.9914,0.987,1.489,0.333,0.0556,0.0263,1.0442,low
2026-01-01 00:45:22,23.519998,87.310001,0.0389,-0.0154,1.0064,1.253,0.408,0.624,0.0568,0.0384,1.0304,low
2026-01-01 00:45:23,23.520005,87.309996,0.0281,0.0561,1.0025,0.435,1.233,0.472,0.0481,0.0594,1.0484,low
2026-01-01 00:45:24,23.519987,87.310001,0.0307,0.0667,1.0475,1.316,1.155,-0.039,0.1202,0.0721,1.0243,low
2026-01-01 00:45:25,23.519990,87.309992,0.0329,0.0333,0.9820,1.153,2.559,1.238,0.0281,-0.0170,0.9986,low
2026-01-01 00:45:26,23.520007,87.310013,0.0723,0.0404,1.0218,0.350,1.291,0.666,0.0904,0.0980,1.0087,low
2026-01-01 00:45:27,23.519988,87.310010,0.0610,0.0378,0.9990,0.831,-0.424,0.261,0.0312,0.0372,1.0114,low
2026-01-01 00:45:28,23.520010,87.310015,0.0772,0.1044,1.0227,1.239,0.407,-0.512,0.0495,0.0357,1.0204,low
2026-01-01 00:45:29,23.519983,87.309995,0.0405,0.0484,0.9934,1.432,1.584,0.826,0.1152,0.0679,1.0356,low
2026-01-01 00:45:30,23.520000,87.309986,0.0497,0.0764,1.0241,2.424,0.603,0.020,0.1033,0.0599,1.0349,low
2026-01-01 00:45:31,23.520003,87.310013,0.0385,0.0116,1.0317,1.642,2.905,0.174,0.0785,0.0062,1.0117,low
2026-01-01 00:45:32,23.519989,87.309992,0.0725,0.0761,1.0085,1.692,0.969,1.284,0.0608,0.0445,1.0214,low
2026-01-01 00:45:33,23.519995,87.310006,0.0098,0.0612,1.0412,1.402,0.916,0.197,0.0166,-0.0241,1.0036,low
2026-01-01 00:45:34,23.520009,87.310002,-0.0168,0.0128,1.0069,1.368,0.995,0.666,0.0848,0.0189,1.0172,low
2026-01-01 00:45:35,23.520002,87.310017,0.0952,0.0386,1.0174,1.711,-0.051,1.232,0.0218,0.0442,1.0434,low
2026-01-01 00:45:36,23.519995,87.309990,0.0515,0.0602,1.0210,1.068,0.955,1.072,0.0840,0.0363,0.9897,low
2026-01-01 00:45:37,23.519986,87.310000,0.0619,0.0009,1.0119,2.029,1.179,1.506,0.0054,0.1072,1.0189,low
2026-01-01 00:45:38,23.519993,87.309996,0.0313,0.0731,1.0162,1.923,0.992,0.756,0.0187,0.0832,1.0151,low
2026-01-01 00:45:39,23.519990,87.309977,0.0179,0.0553,1.0120,0.282,0.111,1.103,0.0320,0.0507,1.0287,low
2026-01-01 00:45:40,23.520000,87.310007,0.0272,0.0516,0.9775,-0.212,0.772,0.751,0.0809,-0.0336,0.9744,low
2026-01-01 00:45:41,23.520010,87.309999,-0.0170,0.0069,1.0266,0.954,1.510,1.660,0.0966,-0.0254,1.0274,low
2026-01-01 00:45:42,23.520006,87.310004,0.0577,0.0037,1.0065,0.510,2.034,1.037,0.1310,0.0026,1.0293,low
2026-01-01 00:45:43,23.520013,87.309990,0.0188,0.0039,1.0252,0.665,1.470,-0.913,0.0304,0.0841,0.9936,low
2026-01-01 00:45:44,23.520019,87.310013,0.0182,-0.0082,1.0241,1.595,2.540,-0.452,0.0340,-0.0341,0.9803,low
2026-01-01 00:45:45,23.519998,87.309999,0.0589,0.0003,0.9680,2.157,0.803,1.086,-0.0084,0.0554,1.0323,low
2026-01-01 00:45:46,23.519994,87.309987,0.0009,0.0343,1.0180,-0.487,1.730,0.170,0.0332,0.0197,1.0153,low
2026-01-01 00:45:47,23.520005,87.310002,0.0483,0.0098,1.0288,1.088,-0.728,1.350,0.0712,0.0593,1.0182,low
2026-01-01 00:45:48,23.520010,87.310016,0.0292,0.0305,1.0100,1.592,1.703,-0.119,0.0322,0.0076,1.0133,low
2026-01-01 00:45:49,23.519994,87.310013,0.0340,0.0143,1.0000,0.617,0.757,0.131,0.1234,0.0447,1.0300,low
2026-01-01 00:45:50,23.519999,87.309997,0.0908,0.0480,1.0398,1.371,1.558,0.699,0.1286,0.0645,1.0433,medium
2026-01-01 00:45:51,23.519981,87.309999,0.1322,0.0817,1.0206,2.199,1.685,0.797,0.1102,0.0475,1.0637,medium
2026-01-01 00:45:52,23.520003,87.309996,0.0812,0.0423,1.0238,3.047,1.653,0.644,0.0774,0.1194,1.0406,medium
2026-01-01 00:45:53,23.520000,87.310000,0.0594,0.0485,1.0334,4.708,1.447,0.513,0.1007,0.0623,1.0443,medium
2026-01-01 00:45:54,23.520014,87.309982,0.0654,0.0704,1.0196,3.900,-0.030,-0.064,0.1339,0.0091,1.0536,medium
2026-01-01 00:45:55,23.519987,87.310024,0.0561,0.0698,1.0872,1.182,2.077,0.827,0.1672,0.0742,1.0842,medium
2026-01-01 00:45:56,23.519985,87.309990,0.0727,0.0351,1.0546,2.114,1.650,0.825,0.0679,0.1409,1.0236,medium
2026-01-01 00:45:57,23.520026,87.310005,0.1094,0.0705,1.0479,3.308,1.023,1.601,0.0648,0.0864,0.9517,medium
2026-01-01 00:45:58,23.519972,87.310012,0.1139,0.0414,1.0070,2.803,2.210,1.246,0.0665,0.0246,1.0473,medium
2026-01-01 00:45:59,23.520038,87.309987,0.0950,0.0629,1.0271,3.046,1.063,0.772,0.0935,0.0413,1.1010,medium
2026-01-01 00:46:00,23.520006,87.309991,0.1022,0.0898,1.0391,0.558,-0.203,0.806,0.0862,0.0699,1.0735,medium
2026-01-01 00:46:01,23.519997,87.309984,0.1125,0.0429,1.0547,1.829,1.009,0.529,0.0943,0.0883,1.0308,medium
2026-01-01 00:46:02,23.519996,87.309985,0.1388,0.0792,1.0312,2.067,2.943,1.741,0.0692,0.1029,1.0567,medium
2026-01-01 00:46:03,23.519986,87.310006,0.0416,0.0441,1.0585,2.002,2.284,1.287,0.0807,0.0608,0.9995,medium
2026-01-01 00:46:04,23.519996,87.309990,0.0655,0.0595,1.0436,3.419,1.422,1.851,0.0788,0.0657,1.0316,medium
2026-01-01 00:46:05,23.519995,87.310002,0.0834,0.0574,1.0556,2.643,2.248,0.165,0.1060,-0.0032,1.0177,medium
2026-01-01 00:46:06,23.519995,87.310008,0.0631,0.0822,1.0373,2.014,0.521,1.352,0.1014,0.1077,1.0436,medium
2026-01-01 00:46:07,23.519999,87.309991,0.1058,0.0753,1.0240,2.497,2.658,0.928,0.1566,-0.0043,1.0118,medium
2026-01-01 00:46:08,23.520011,87.310021,0.0475,0.0528,1.0378,1.931,1.790,0.952,0.0730,0.0634,1.0336,medium
2026-01-01 00:46:09,23.520002,87.309986,0.0587,0.0583,1.0218,1.725,2.136,0.958,0.0945,0.0978,1.0674,medium
2026-01-01 00:46:10,23.520005,87.310016,0.0846,0.1284,1.0296,4.451,2.726,0.962,0.1130,0.0953,1.0626,medium
2026-01-01 00:46:11,23.519990,87.309998,0.0740,0.0957,1.0778,1.434,1.716,2.373,0.1437,0.1281,1.0736,medium
2026-01-01 00:46:12,23.519984,87.310005,0.0011,0.0627,1.0500,1.949,1.248,1.232,0.0868,0.0552,1.0387,medium
2026-01-01 00:46:13,23.519987,87.310011,0.0548,0.0692,1.0835,1.801,1.844,0.080,0.0928,0.0206,1.0586,medium
2026-01-01 00:46:14,23.519996,87.310003,0.0860,0.0273,1.0375,2.547,1.132,0.498,0.0881,0.1099,0.9975,medium
2026-01-01 00:46:15,23.519975,87.310005,0.0890,0.0889,1.0347,1.949,2.714,1.246,0.0985,0.0235,1.0507,medium
2026-01-01 00:46:16,23.520016,87.309998,0.0617,0.1041,1.0103,2.521,0.706,1.647,0.1080,0.1081,1.0697,medium
2026-01-01 00:46:17,23.520004,87.309993,0.0980,0.0841,1.0306,1.767,2.338,1.139,0.0625,0.1035,1.0316,medium
2026-01-01 00:46:18,23.519994,87.310000,0.0659,0.0236,0.9872,1.751,1.985,0.223,0.1214,0.0313,1.0130,medium
2026-01-01 00:46:19,23.519992,87.310013,0.0570,0.0207,0.9920,3.149,2.056,1.636,0.1697,0.1217,1.0254,medium
2026-01-01 00:46:20,23.520009,87.309998,0.0719,0.0086,1.0225,0.539,1.790,1.005,0.1006,0.1957,1.0288,medium
2026-01-01 00:46:21,23.519986,87.309992,0.1499,0.0225,1.0183,2.481,1.671,1.444,0.0405,0.1388,1.0127,medium
2026-01-01 00:46:22,23.519992,87.310016,0.0957,0.0794,1.0516,2.506,2.209,1.035,-0.0103,0.1193,1.0393,medium
2026-01-01 00:46:23,23.520004,87.310006,0.0972,0.0871,1.0317,0.950,0.998,1.308,0.0642,0.1136,1.0658,medium
2026-01-01 00:46:24,23.519987,87.310000,0.0554,0.1396,1.0135,0.906,0.344,1.759,0.0514,0.0365,1.0117,medium
2026-01-01 00:46:25,23.519991,87.310004,0.0980,0.0411,1.0358,2.485,0.479,2.244,0.0830,0.0963,1.0123,medium
2026-01-01 00:46:26,23.520007,87.310008,0.0898,0.1221,1.0215,2.098,2.686,0.653,0.0663,0.0856,0.9921,medium
2026-01-01 00:46:27,23.520026,87.310009,0.0371,0.0694,1.0474,1.339,2.374,0.234,0.1080,0.0803,1.0460,medium
2026-01-01 00:46:28,23.519999,87.309998,0.1022,0.0863,1.0348,2.117,0.524,0.848,0.0883,0.0914,1.0677,medium
2026-01-01 00:46:29,23.520004,87.310010,0.0556,0.0542,1.0164,2.232,2.941,0.971,0.1370,0.1194,1.0403,medium
2026-01-01 00:46:30,23.520019,87.309996,0.0441,0.0203,1.0206,2.095,0.798,1.078,0.0849,0.1717,1.0910,medium
2026-01-01 00:46:31,23.520010,87.309996,0.1215,0.0454,1.0172,2.327,0.583,1.931,0.0748,0.0510,1.0030,medium
2026-01-01 00:46:32,23.520000,87.309986,0.1113,0.1326,1.0412,1.642,2.655,1.570,0.0944,0.0818,1.0678,medium
2026-01-01 00:46:33,23.519989,87.310001,0.0522,0.0675,1.0517,2.532,2.833,1.948,0.0657,0.0791,1.1133,medium
2026-01-01 00:46:34,23.519998,87.310008,0.1065,0.0674,1.0271,1.427,1.302,1.344,0.0559,0.1251,1.0116,medium
2026-01-01 00:46:35,23.520016,87.310001,0.0316,0.0621,1.0441,0.989,0.827,0.872,0.0699,0.1198,1.0096,medium
2026-01-01 00:46:36,23.519980,87.310003,0.0193,0.0339,1.0315,2.445,2.356,1.858,0.1438,0.1482,1.0899,medium
2026-01-01 00:46:37,23.520009,87.310009,0.0471,0.0583,1.0248,1.872,2.847,1.205,0.0319,0.0737,0.9969,medium
2026-01-01 00:46:38,23.519989,87.309999,0.0749,0.0193,1.0509,1.133,1.201,1.060,0.1571,0.1376,1.0362,medium
2026-01-01 00:46:39,23.519996,87.309998,0.0586,0.0479,1.0176,0.616,2.753,1.541,0.0567,0.0964,1.0262,medium
2026-01-01 00:46:40,23.519995,87.309989,0.0908,0.0393,1.0328,3.983,1.222,1.926,0.0601,0.0282,1.0031,medium
2026-01-01 00:46:41,23.519995,87.310007,0.0354,0.1056,1.0355,1.988,2.994,1.461,0.1343,0.1513,1.0060,medium
2026-01-01 00:46:42,23.519993,87.310005,0.0734,0.0919,1.0340,0.961,1.034,2.172,0.1185,0.0317,1.0656,medium
2026-01-01 00:46:43,23.519970,87.310012,0.0882,0.0915,1.0484,1.771,1.193,1.314,0.1157,0.1056,1.0477,medium
2026-01-01 00:46:44,23.519993,87.310026,0.0581,-0.0028,1.0155,2.590,2.186,0.105,0.0940,0.1200,1.0136,medium
2026-01-01 00:46:45,23.520004,87.310005,0.1073,0.0769,1.0540,1.834,2.367,1.088,0.1439,0.0698,1.0026,medium
2026-01-01 00:46:46,23.519993,87.310000,0.1283,0.0379,1.0752,2.243,0.721,1.088,0.1034,0.0823,1.0338,medium
2026-01-01 00:46:47,23.519987,87.309994,0.0715,0.0344,1.0249,1.240,2.094,1.928,0.1417,0.0736,1.0950,medium
2026-01-01 00:46:48,23.519991,87.309993,0.0823,0.0979,1.0533,1.381,1.128,0.941,0.0624,0.1081,0.9911,medium
2026-01-01 00:46:49,23.519989,87.310000,0.0667,0.0713,0.9984,2.668,1.776,3.087,0.1240,0.0922,1.0268,medium
2026-01-01 00:46:50,23.520022,87.309998,0.0734,0.0801,1.0300,1.890,0.038,0.749,0.1043,0.1905,1.0485,medium
2026-01-01 00:46:51,23.519983,87.309997,0.0692,0.0516,1.0029,2.975,0.236,2.231,0.0501,0.1156,1.0533,medium
2026-01-01 00:46:52,23.519994,87.310005,0.0679,0.0179,1.0522,2.472,1.542,0.940,0.0910,0.1269,1.0249,medium
2026-01-01 00:46:53,23.520005,87.310003,0.1444,0.0935,1.0215,1.017,-0.251,2.436,0.1035,0.0921,1.0235,medium
2026-01-01 00:46:54,23.520014,87.310018,0.0876,0.0584,1.0140,3.022,2.032,2.340,0.0265,0.1134,1.0110,medium
2026-01-01 00:46:55,23.520003,87.310004,0.0773,0.0803,1.0645,0.445,2.324,2.586,0.0934,0.0191,1.0768,medium
2026-01-01 00:46:56,23.519992,87.309994,0.1213,0.1252,1.0456,1.255,1.103,0.653,0.0902,0.0711,1.0311,medium
2026-01-01 00:46:57,23.520009,87.309985,0.0589,-0.0183,1.0334,0.440,0.683,1.955,0.1342,0.0700,1.0276,medium
2026-01-01 00:46:58,23.520005,87.309990,0.0999,0.0728,1.0566,2.377,1.208,1.769,0.1365,0.1099,1.0770,medium
2026-01-01 00:46:59,23.520003,87.310000,0.1355,0.0818,1.0110,2.833,1.240,0.350,0.1508,0.0822,1.0799,medium
2026-01-01 00:47:00,23.519989,87.310011,0.0663,0.0927,1.0594,2.885,1.641,0.948,0.0937,0.0922,1.0854,medium
2026-01-01 00:47:01,23.519990,87.309995,0.1162,0.1563,1.0424,2.158,1.018,0.386,0.0247,0.0615,1.1028,medium
2026-01-01 00:47:02,23.520003,87.309991,0.1214,0.1142,1.0083,0.930,2.901,0.504,0.1720,0.0649,1.0419,medium
2026-01-01 00:47:03,23.519996,87.309990,0.0348,0.0371,1.0291,1.496,1.261,1.371,0.0835,0.0827,1.1098,medium
2026-01-01 00:47:04,23.520024,87.310000,0.0836,0.0586,0.9807,1.319,1.801,0.754,0.1890,0.0796,1.0377,medium
2026-01-01 00:47:05,23.519989,87.309995,0.0636,0.0696,1.0475,1.549,1.346,0.707,0.0422,0.0446,1.0606,medium
2026-01-01 00:47:06,23.520006,87.310003,0.0344,0.0579,1.0099,2.397,2.439,0.879,0.0724,0.0396,1.0969,medium
2026-01-01 00:47:07,23.520018,87.309985,0.1024,0.0499,1.0578,1.817,1.999,1.006,0.1427,0.0390,1.0509,medium
2026-01-01 00:47:08,23.520017,87.310015,0.0743,0.0837,1.0213,2.834,1.083,1.151,0.1357,0.0744,1.0541,medium
2026-01-01 00:47:09,23.519999,87.310001,0.0836,0.0186,1.0539,2.276,2.567,0.857,0.1102,0.0986,1.0399,medium
2026-01-01 00:47:10,23.519974,87.310008,0.0804,0.0709,0.9975,1.963,2.061,0.670,0.0870,0.0523,1.1101,medium
2026-01-01 00:47:11,23.520011,87.310003,0.1161,0.0406,1.0204,2.332,1.681,0.366,0.0688,0.1330,1.0409,medium
2026-01-01 00:47:12,23.520011,87.310009,0.0110,0.0513,1.0534,1.484,1.228,1.666,0.0874,0.0618,1.0171,medium
2026-01-01 00:47:13,23.520002,87.309993,0.0873,0.0602,1.0295,2.756,0.962,1.435,0.1147,0.0761,1.0457,medium
2026-01-01 00:47:14,23.520015,87.309993,0.1017,0.0387,1.0275,1.366,0.344,1.451,0.1657,0.0895,1.0428,medium
2026-01-01 00:47:15,23.519978,87.309999,0.0892,0.0568,1.0544,2.421,1.078,1.122,0.0792,0.1315,1.0184,medium
2026-01-01 00:47:16,23.520007,87.309996,0.1159,0.0992,1.0360,2.852,2.522,1.299,0.1849,0.1895,1.0558,medium
2026-01-01 00:47:17,23.520004,87.309988,0.1233,0.0886,1.0310,1.889,2.585,0.835,0.0518,0.0715,1.0569,medium
2026-01-01 00:47:18,23.520006,87.310014,0.0296,0.0307,1.0061,2.187,0.993,0.418,0.1126,0.0193,1.0398,medium
2026-01-01 00:47:19,23.519972,87.309977,0.1005,0.0686,1.0518,2.234,1.092,0.715,0.1027,0.1279,1.0407,medium
2026-01-01 00:47:20,23.519987,87.310000,0.0303,0.0685,1.0686,2.466,0.404,1.080,0.0714,0.1439,1.0328,medium
2026-01-01 00:47:21,23.520002,87.309981,0.1276,0.1063,1.0347,1.885,1.642,1.172,0.0749,0.0954,1.1056,medium
2026-01-01 00:47:22,23.519995,87.310003,0.0575,0.0651,1.0328,1.262,0.877,1.227,0.0600,0.1171,1.0521,medium
2026-01-01 00:47:23,23.520012,87.310013,0.0214,0.0985,1.0236,3.247,0.501,0.960,0.0367,0.0434,0.9990,medium
2026-01-01 00:47:24,23.520015,87.309998,0.0733,0.1010,1.0048,1.597,0.350,0.624,0.1515,0.0553,1.0852,medium
2026-01-01 00:47:25,23.520009,87.310017,0.0324,0.1003,1.0377,1.958,2.152,1.467,0.1544,0.1004,1.0358,medium
2026-01-01 00:47:26,23.520003,87.310003,0.0679,0.0824,1.0304,2.960,1.315,2.600,0.0698,0.0933,1.0860,medium
2026-01-01 00:47:27,23.519984,87.310021,0.1387,0.0651,1.0344,2.583,1.644,1.280,0.1482,0.0450,0.9866,medium
2026-01-01 00:47:28,23.519988,87.309998,0.1226,0.0760,1.0107,2.959,1.583,1.935,0.0824,0.1159,1.0668,medium
2026-01-01 00:47:29,23.520010,87.309995,0.1116,0.0992,1.0044,3.474,0.897,1.018,0.1056,0.1735,1.0341,medium
2026-01-01 00:47:30,23.520003,87.309992,0.0837,0.0252,1.0421,1.720,1.071,1.444,0.1028,0.0498,1.0835,medium
2026-01-01 00:47:31,23.519985,87.309999,0.0473,0.1049,1.0332,2.767,1.179,1.409,0.0689,0.0882,1.0393,medium
2026-01-01 00:47:32,23.520007,87.310010,0.1259,0.1265,1.0514,1.160,2.730,1.144,0.0085,0.0752,1.0578,medium
2026-01-01 00:47:33,23.520001,87.309995,0.0571,0.0617,1.0183,2.762,1.066,1.708,0.1059,0.1175,1.0173,medium
2026-01-01 00:47:34,23.519998,87.309997,0.1395,0.0825,1.0346,3.089,1.380,1.821,0.1447,0.1656,1.0266,medium
2026-01-01 00:47:35,23.519993,87.310009,0.0719,0.0479,1.0240,2.982,0.985,2.030,0.1611,0.0395,1.0826,medium
2026-01-01 00:47:36,23.520002,87.310014,0.0901,0.0884,1.0378,2.513,2.353,1.453,0.0137,0.0942,1.0449,medium
2026-01-01 00:47:37,23.519993,87.310016,0.1051,0.0555,1.0656,2.709,0.782,0.483,0.0591,0.0389,1.0346,medium
2026-01-01 00:47:38,23.519987,87.309989,0.0820,0.0449,1.0714,2.087,1.552,0.909,0.0245,0.0720,0.9661,medium
2026-01-01 00:47:39,23.519996,87.309994,0.0855,0.0577,1.0448,1.407,1.682,1.081,0.0174,0.0388,1.0690,medium
2026-01-01 00:47:40,23.520013,87.310001,0.1465,0.0557,1.0776,2.441,1.503,1.615,0.0840,0.0617,1.0071,medium
2026-01-01 00:47:41,23.519991,87.309991,0.0763,0.0864,1.0421,2.943,2.468,1.258,0.1047,0.1080,1.0417,medium
2026-01-01 00:47:42,23.520007,87.310007,0.0549,0.0679,1.0280,2.187,0.033,0.844,0.1392,0.0835,1.0044,medium
2026-01-01 00:47:43,23.520008,87.310003,0.0874,0.0352,1.0261,1.730,2.656,0.779,0.1327,0.1043,0.9854,medium
2026-01-01 00:47:44,23.520008,87.310002,0.0317,0.1164,1.0789,2.234,0.835,1.705,0.0802,0.1031,1.0352,medium
2026-01-01 00:47:45,23.520004,87.309998,0.1637,0.0534,1.0010,1.323,2.038,0.326,0.0759,0.1990,1.0658,medium
2026-01-01 00:47:46,23.520010,87.309985,0.1009,0.0819,1.0171,3.159,1.997,0.643,0.1060,0.1107,1.0340,medium
2026-01-01 00:47:47,23.519998,87.310000,0.1149,0.0598,1.0636,1.251,1.673,1.238,0.1124,0.0542,1.0197,medium
2026-01-01 00:47:48,23.519999,87.310017,0.0782,0.1211,1.0271,1.734,2.222,1.024,0.1345,0.1077,1.0585,medium
2026-01-01 00:47:49,23.519990,87.310002,0.0955,-0.0014,1.0320,1.552,1.796,1.310,0.0861,0.0573,1.1195,medium
2026-01-01 00:47:50,23.519996,87.310004,0.0816,0.0684,1.0228,1.509,0.968,1.092,0.1829,0.1397,1.0067,medium
2026-01-01 00:47:51,23.520004,87.310004,0.1008,0.0519,1.0699,3.142,-0.173,1.375,0.0988,0.0549,1.0358,medium
2026-01-01 00:47:52,23.520000,87.310006,0.0574,0.0856,1.0455,1.699,3.299,0.909,0.1428,0.0645,1.0324,medium
2026-01-01 00:47:53,23.519994,87.309980,0.1375,0.0469,1.0116,3.296,2.354,1.199,0.0815,0.0686,1.0736,medium
2026-01-01 00:47:54,23.519988,87.310017,0.1182,0.1182,1.0020,1.602,2.037,1.889,0.0074,0.1459,1.0467,medium
2026-01-01 00:47:55,23.520014,87.310012,0.0590,0.0729,1.0511,2.876,2.729,0.729,0.1072,0.1033,1.0393,medium
2026-01-01 00:47:56,23.520000,87.310003,0.0970,0.1117,1.0447,1.318,0.525,0.635,0.0302,0.0909,1.0340,medium
2026-01-01 00:47:57,23.520005,87.310002,0.0690,0.0350,1.0630,0.935,1.871,1.999,0.0710,0.0019,1.0150,medium
2026-01-01 00:47:58,23.520002,87.310005,0.0748,0.1296,1.0441,1.783,1.602,0.811,0.1050,0.1149,1.0550,medium
2026-01-01 00:47:59,23.519998,87.309992,0.1070,0.0100,1.0351,2.904,2.449,1.496,0.1411,0.0724,1.0572,medium
2026-01-01 00:48:00,23.520012,87.310016,0.0422,0.0695,1.0873,2.489,1.605,1.651,-0.0217,0.1461,1.0709,medium
2026-01-01 00:48:01,23.520006,87.310016,0.0667,0.0290,1.0797,2.325,1.622,1.509,0.1535,0.0276,1.0524,medium
2026-01-01 00:48:02,23.519994,87.309992,0.0692,0.0077,1.0642,1.249,0.959,1.880,0.1935,0.0441,1.0039,medium
2026-01-01 00:48:03,23.520020,87.310003,0.1221,0.0711,1.0194,0.394,1.877,1.390,0.1453,0.0721,1.0722,medium
2026-01-01 00:48:04,23.520004,87.309999,0.0812,0.0875,1.0636,0.539,0.505,1.469,0.1041,0.1220,0.9954,medium
2026-01-01 00:48:05,23.520006,87.310001,0.0859,0.0872,1.0578,2.765,2.471,0.146,0.0558,0.1004,1.0080,medium
2026-01-01 00:48:06,23.520003,87.310006,0.0490,0.0768,1.0512,2.930,2.848,1.361,0.1228,0.0273,1.0681,medium
2026-01-01 00:48:07,23.519998,87.310008,0.0908,0.0465,0.9779,1.511,2.425,0.842,0.1267,0.0628,1.0081,medium
2026-01-01 00:48:08,23.519993,87.310005,0.0583,0.0486,1.0602,1.088,0.607,2.061,0.2028,0.0856,1.0056,medium
2026-01-01 00:48:09,23.520007,87.309989,0.0800,0.0191,1.0678,1.191,1.363,2.593,0.0541,0.0714,1.0420,medium
2026-01-01 00:48:10,23.519999,87.309983,0.1258,0.0600,1.0489,1.705,1.855,1.110,0.0903,0.0905,1.0489,medium
2026-01-01 00:48:11,23.519994,87.309999,0.1051,0.1069,1.0477,1.190,1.664,1.571,0.1373,0.1054,1.0844,medium
2026-01-01 00:48:12,23.520007,87.310021,0.0899,0.0866,1.0354,3.576,1.574,0.596,0.1428,0.1172,1.1150,medium
2026-01-01 00:48:13,23.519995,87.309986,0.1225,0.0702,1.0473,2.272,1.256,1.168,0.1135,0.0939,1.0754,medium
2026-01-01 00:48:14,23.519989,87.309992,0.0576,0.1298,1.0455,3.037,2.456,1.145,0.0977,0.1612,1.0988,medium
2026-01-01 00:48:15,23.520001,87.310000,0.0580,0.0752,0.9999,2.874,2.606,-0.707,0.0766,0.1138,1.0195,medium
2026-01-01 00:48:16,23.519995,87.310006,0.0896,0.1402,1.0481,3.007,1.274,1.306,0.0564,0.1179,1.0487,medium
2026-01-01 00:48:17,23.520009,87.310006,0.1195,0.0960,1.0170,2.415,2.291,1.523,0.1454,0.0973,1.0263,medium
2026-01-01 00:48:18,23.520008,87.310008,0.0564,0.0050,1.0352,2.485,0.380,2.177,0.2011,0.0670,1.0884,medium
2026-01-01 00:48:19,23.519993,87.310019,0.0485,0.0287,0.9995,2.878,1.936,1.066,0.1364,0.0786,1.0512,medium
2026-01-01 00:48:20,23.519999,87.310016,0.1536,0.1246,1.0435,2.926,3.214,1.662,0.1760,0.2156,0.9805,high
2026-01-01 00:48:21,23.520008,87.309981,0.1458,0.1050,1.0459,3.358,1.790,2.459,0.1265,0.2242,1.0220,high
2026-01-01 00:48:22,23.519982,87.310003,0.1363,0.1114,1.1338,4.160,3.203,2.217,0.1504,0.1535,1.0653,high
2026-01-01 00:48:23,23.519998,87.310004,0.1444,0.1129,1.1099,4.438,1.914,1.386,0.1526,0.1377,1.0919,high
2026-01-01 00:48:24,23.519992,87.309995,0.1473,0.0883,1.0845,2.585,1.350,3.219,0.1245,0.1297,1.0728,high
2026-01-01 00:48:25,23.520002,87.310008,0.1152,0.1152,1.0411,3.771,3.072,1.728,0.1639,0.1105,1.0951,high
2026-01-01 00:48:26,23.520010,87.309984,0.1326,0.2165,1.0625,2.695,3.222,1.870,0.2281,0.1526,1.1032,high
2026-01-01 00:48:27,23.519988,87.310016,0.0968,0.1162,1.0996,4.235,2.680,2.226,0.0650,0.1237,1.0342,high
2026-01-01 00:48:28,23.519994,87.309993,0.1494,0.1275,1.0279,4.308,3.933,1.394,0.1633,0.1044,1.1119,high
2026-01-01 00:48:29,23.520024,87.310000,0.1112,0.1091,1.0688,3.524,2.862,1.773,0.1520,0.1092,1.1169,high
2026-01-01 00:48:30,23.520006,87.310004,0.1153,0.0698,1.0167,2.471,1.703,2.726,0.1655,0.0856,1.0240,high
2026-01-01 00:48:31,23.519991,87.309987,0.1139,0.0865,1.1083,3.712,2.758,1.596,0.1809,0.1366,1.0172,high
2026-01-01 00:48:32,23.520014,87.309997,0.0779,0.1121,1.0709,3.770,4.999,2.593,0.0929,0.0933,1.0670,high
2026-01-01 00:48:33,23.519998,87.309994,0.1045,0.0716,1.0735,3.826,1.924,1.031,0.0827,0.1432,1.1591,high
2026-01-01 00:48:34,23.520002,87.309993,0.2007,0.1157,1.0793,2.540,3.324,1.209,0.1806,0.1321,1.0219,high
2026-01-01 00:48:35,23.519996,87.310006,0.0662,0.1353,1.0681,3.157,3.275,2.219,0.1570,0.0955,1.0415,high
2026-01-01 00:48:36,23.520006,87.310020,0.0852,0.0690,1.0697,3.145,2.438,1.755,0.1881,0.1595,1.0645,high
2026-01-01 00:48:37,23.519993,87.310009,0.1225,0.1057,1.0517,2.684,1.715,1.976,0.1568,0.0768,1.0623,high
2026-01-01 00:48:38,23.520004,87.310003,0.1890,0.0942,1.0350,2.063,1.713,2.693,0.2221,0.1509,1.1043,high
2026-01-01 00:48:39,23.520004,87.309995,0.1364,0.1539,1.0667,2.536,1.951,2.863,0.1241,0.1532,1.0142,high
2026-01-01 00:48:40,23.520008,87.309998,0.1547,0.1573,1.0232,3.577,3.197,1.770,0.1384,0.1044,1.0792,high
2026-01-01 00:48:41,23.519997,87.310013,0.1058,0.1308,1.0817,3.607,3.195,1.742,0.1295,0.1698,1.1205,high
2026-01-01 00:48:42,23.519998,87.310009,0.1788,0.1018,1.0646,4.750,2.340,2.205,0.2419,0.0799,1.0484,high
2026-01-01 00:48:43,23.519990,87.309988,0.1802,0.0939,0.9914,2.061,2.072,1.651,0.1500,0.1127,1.1103,high
2026-01-01 00:48:44,23.519993,87.310002,0.1326,0.0945,1.0794,4.328,3.159,2.479,0.1799,0.2021,1.1341,high
2026-01-01 00:48:45,23.520007,87.310002,0.1373,0.0943,1.0716,3.135,3.252,1.575,0.0739,0.0888,1.0472,high
2026-01-01 00:48:46,23.519995,87.309980,0.1429,0.1224,1.0397,4.452,1.332,1.041,0.1371,0.1001,1.0503,high
2026-01-01 00:48:47,23.519983,87.310016,0.1537,0.1115,1.0381,4.829,3.424,2.445,0.2701,0.1241,1.0316,high
2026-01-01 00:48:48,23.519989,87.309999,0.1454,0.1267,1.0733,4.334,2.364,2.576,0.2068,0.0798,1.0708,high
2026-01-01 00:48:49,23.519994,87.310004,0.1409,0.1158,1.1087,2.808,2.477,1.291,0.1785,0.0647,1.0470,high
2026-01-01 00:48:50,23.519981,87.309978,0.0895,0.1268,1.0655,3.466,3.240,2.447,0.1734,0.1325,1.0955,high
2026-01-01 00:48:51,23.519993,87.310019,0.1465,0.1119,1.0453,3.900,1.983,2.708,0.1409,0.1340,1.0933,high
2026-01-01 00:48:52,23.519998,87.309985,0.1363,0.1010,1.0378,3.039,2.225,2.232,0.1613,0.1936,1.0197,high
2026-01-01 00:48:53,23.519997,87.309989,0.1143,0.1218,1.0509,3.439,0.272,2.438,0.1321,0.1500,1.0939,high
2026-01-01 00:48:54,23.520007,87.309998,0.1854,0.1187,1.0530,3.595,2.522,2.741,0.1226,0.1549,1.1500,high
2026-01-01 00:48:55,23.520007,87.310016,0.1311,0.0718,1.0112,3.303,2.407,2.387,0.1236,0.1089,1.0092,high
2026-01-01 00:48:56,23.520000,87.310003,0.0932,0.1112,1.0561,4.249,2.403,1.744,0.1418,0.0724,1.0424,high
2026-01-01 00:48:57,23.519990,87.310007,0.1200,0.1397,1.0531,3.500,3.117,2.242,0.1483,0.2421,1.0829,high
2026-01-01 00:48:58,23.519978,87.309992,0.1361,0.1363,1.0410,3.590,0.785,2.423,0.1168,0.1066,1.0742,high
2026-01-01 00:48:59,23.519994,87.310009,0.1186,0.0976,1.0695,1.215,3.806,1.473,0.1980,0.1429,1.0204,high
2026-01-01 00:49:00,23.519985,87.309988,0.1032,0.1832,1.0758,2.366,2.460,2.048,0.0914,0.1642,1.0620,high
2026-01-01 00:49:01,23.519978,87.309999,0.1614,0.0863,1.1151,3.366,2.433,1.001,0.1816,0.0961,1.0797,high
2026-01-01 00:49:02,23.520008,87.309999,0.1732,0.0890,1.0675,4.970,1.839,1.710,0.1259,0.1446,1.0327,high
2026-01-01 00:49:03,23.519998,87.310007,0.1551,0.0819,1.0516,2.173,4.896,2.398,0.2368,0.1711,1.0659,high
2026-01-01 00:49:04,23.520006,87.309993,0.1282,0.1009,1.0484,3.927,2.969,2.351,0.0653,0.1043,1.0994,high
2026-01-01 00:49:05,23.520000,87.310008,0.1413,0.1549,1.0579,4.129,2.136,1.611,0.1707,0.1027,1.1022,high
2026-01-01 00:49:06,23.519994,87.310008,0.2296,0.1193,1.0194,3.886,2.080,2.456,0.1944,0.2317,1.0507,high
2026-01-01 00:49:07,23.519997,87.309987,0.1055,0.1382,1.0871,4.859,2.908,1.455,0.1880,0.1875,1.1172,high
2026-01-01 00:49:08,23.519994,87.310007,0.1570,0.1111,1.0554,4.620,1.341,2.660,0.1821,0.1734,1.0689,high
2026-01-01 00:49:09,23.520024,87.309983,0.1401,0.1028,1.0476,4.647,3.144,1.252,0.1313,0.0563,1.0544,high
2026-01-01 00:49:10,23.520000,87.310013,0.1265,0.1140,1.0603,4.149,3.260,2.450,0.1466,0.1079,1.0589,high
2026-01-01 00:49:11,23.519986,87.309987,0.1035,0.1078,1.0948,3.015,3.372,3.194,0.1777,0.1420,1.0540,high
2026-01-01 00:49:12,23.519995,87.310002,0.1775,0.0917,1.0730,3.030,1.267,2.459,0.2059,0.1346,1.0071,high
2026-01-01 00:49:13,23.519993,87.309998,0.1916,0.1727,1.0308,3.064,3.502,1.522,0.1487,0.1689,1.0358,high
2026-01-01 00:49:14,23.520006,87.309996,0.1738,0.1007,1.0306,3.298,1.266,1.910,0.1623,0.1994,1.0169,high
2026-01-01 00:49:15,23.520002,87.309995,0.1047,0.1272,1.0034,3.477,2.009,1.922,0.1586,0.1574,1.0842,high
2026-01-01 00:49:16,23.519995,87.309999,0.1611,0.1347,1.0409,3.672,1.902,1.817,0.1240,0.1864,1.0485,high
2026-01-01 00:49:17,23.519993,87.310005,0.1239,0.1162,1.0192,2.838,2.914,2.659,0.1929,0.0998,1.0694,high
2026-01-01 00:49:18,23.520003,87.309990,0.1514,0.0875,1.0940,3.859,1.994,2.267,0.0925,0.1291,1.0439,high
2026-01-01 00:49:19,23.519991,87.310008,0.1423,0.1024,1.1195,2.997,3.337,2.008,0.1351,0.1695,1.0489,high
2026-01-01 00:49:20,23.520025,87.310009,0.1849,0.1068,1.0298,3.973,2.557,1.853,0.2180,0.1481,1.0471,high
2026-01-01 00:49:21,23.519994,87.310002,0.1202,0.0755,1.0226,3.490,2.558,3.013,0.1577,0.1710,1.0825,high
2026-01-01 00:49:22,23.519976,87.310004,0.1767,0.0914,1.1001,2.587,0.716,3.326,0.1638,0.0541,1.2077,high
2026-01-01 00:49:23,23.519985,87.310003,0.0902,0.1447,1.0685,3.558,2.330,1.027,0.1106,0.1432,0.9941,high
2026-01-01 00:49:24,23.519976,87.310000,0.0484,0.0766,1.0418,3.269,1.553,1.480,0.1801,0.1437,1.1367,high
2026-01-01 00:49:25,23.519988,87.310002,0.1162,0.0637,1.0519,4.312,1.835,1.226,0.2322,0.1181,1.0994,high
2026-01-01 00:49:26,23.520024,87.310007,0.1109,0.0898,1.0804,1.772,2.921,1.308,0.1720,0.1647,1.0703,high
2026-01-01 00:49:27,23.520004,87.310013,0.1337,0.0525,1.0684,3.689,3.444,1.301,0.1739,0.1003,1.0771,high
2026-01-01 00:49:28,23.519997,87.310003,0.1044,0.1231,1.0907,3.542,2.906,1.965,0.1548,0.1607,1.0879,high
2026-01-01 00:49:29,23.519993,87.310000,0.1292,0.1213,1.0833,3.851,3.742,1.962,0.1478,0.0692,1.0854,high
2026-01-01 00:49:30,23.519996,87.309999,0.1064,0.1351,1.0598,4.225,3.476,2.556,0.2310,0.1076,1.0783,high
2026-01-01 00:49:31,23.520031,87.309988,0.1250,0.1731,1.0485,5.145,2.397,1.880,0.1815,0.1460,1.0376,high
2026-01-01 00:49:32,23.519980,87.309992,0.2286,0.0970,1.0262,2.599,3.052,1.720,0.1509,0.0531,1.0579,high
2026-01-01 00:49:33,23.519989,87.310003,0.1682,0.1409,1.0460,2.940,3.210,2.620,0.1280,0.1650,1.0493,high
2026-01-01 00:49:34,23.519983,87.309995,0.1562,0.1154,1.0371,4.014,2.055,2.721,0.2157,0.1873,1.0773,high
2026-01-01 00:49:35,23.519991,87.309985,0.1920,0.0984,1.0407,3.881,3.670,2.972,0.1427,0.1068,1.0401,high
2026-01-01 00:49:36,23.519998,87.309995,0.1808,0.0944,1.0324,4.352,1.840,2.559,0.1284,0.1742,1.0389,high
2026-01-01 00:49:37,23.520003,87.309989,0.1297,0.1255,1.0724,4.784,1.876,2.580,0.1692,0.1374,1.0683,high
2026-01-01 00:49:38,23.520003,87.309987,0.1852,0.0519,1.0534,3.373,2.332,1.853,0.1878,0.1285,1.0660,high
2026-01-01 00:49:39,23.520000,87.310019,0.1649,0.0945,1.0810,3.827,2.903,1.597,0.1453,0.0941,1.0820,high
2026-01-01 00:49:40,23.519992,87.310009,0.1688,0.1325,1.0760,4.414,2.898,1.138,0.2249,0.1298,1.0802,high
2026-01-01 00:49:41,23.520006,87.309997,0.1635,0.1493,1.0245,3.681,2.930,2.090,0.1572,0.1211,1.0275,high
2026-01-01 00:49:42,23.519996,87.309998,0.1620,0.0994,1.0774,3.469,2.699,2.905,0.1403,0.0921,1.0031,high
2026-01-01 00:49:43,23.519999,87.310004,0.1903,0.0658,1.0947,3.797,2.956,1.832,0.1863,0.1125,1.0883,high
2026-01-01 00:49:44,23.520013,87.309975,0.1219,0.0962,1.0492,3.100,2.142,2.644,0.1575,0.1451,1.0860,high
2026-01-01 00:49:45,23.520015,87.309991,0.1486,0.1287,1.1134,1.651,2.605,2.569,0.1487,0.0603,1.0625,high
2026-01-01 00:49:46,23.520008,87.309986,0.1867,0.1182,1.0666,3.980,3.047,2.036,0.1772,0.2080,1.0610,high
2026-01-01 00:49:47,23.519986,87.310018,0.1220,0.0610,1.0869,4.039,2.973,0.970,0.1526,0.1044,1.0851,high
2026-01-01 00:49:48,23.520014,87.310000,0.0845,0.1369,1.0769,3.977,2.208,1.798,0.1959,0.1477,1.0348,high
2026-01-01 00:49:49,23.520019,87.310000,0.1054,0.1396,1.0259,2.600,3.698,2.641,0.0838,0.1389,1.0670,high
2026-01-01 00:49:50,23.520009,87.310015,0.1465,0.1174,1.0049,3.597,2.855,2.146,0.1602,0.1768,1.0863,high
2026-01-01 00:49:51,23.519991,87.310002,0.1303,0.1247,1.0368,2.908,2.586,2.190,0.1577,0.1678,1.0781,high
2026-01-01 00:49:52,23.519999,87.310005,0.1580,0.1041,1.0828,3.415,2.549,1.122,0.1470,0.1435,1.0682,high
2026-01-01 00:49:53,23.519993,87.309993,0.0966,0.1695,1.0356,3.699,0.808,0.735,0.1834,0.1409,1.1213,high
2026-01-01 00:49:54,23.519997,87.309996,0.1734,0.1608,1.1105,3.201,2.427,1.922,0.1521,0.0509,1.0606,high
2026-01-01 00:49:55,23.520009,87.309985,0.1427,0.1156,1.0915,2.599,2.603,1.118,0.1542,0.1538,1.0603,high
2026-01-01 00:49:56,23.520017,87.310004,0.1238,0.1131,1.0454,3.394,2.313,1.967,0.0796,0.1786,1.0482,high
2026-01-01 00:49:57,23.520001,87.309973,0.1315,0.0871,1.0493,3.219,1.275,2.138,0.1197,0.1538,1.0206,high
2026-01-01 00:49:58,23.520010,87.310016,0.1144,0.1008,1.0402,3.919,4.586,1.737,0.1495,0.1065,1.0998,high
2026-01-01 00:49:59,23.520009,87.309993,0.1370,0.0581,1.0855,3.033,2.056,0.845,0.1539,0.1183,1.0570,high
2026-01-01 00:50:00,23.519985,87.309990,0.0314,-0.0308,0.9793,-0.930,-0.539,0.970,0.0145,0.0652,1.0302,stable
2026-01-01 00:50:01,23.520014,87.310001,0.0048,0.0148,1.0177,0.469,1.031,0.360,0.0230,0.0050,1.0318,stable
2026-01-01 00:50:02,23.519991,87.309987,0.0122,-0.0181,1.0072,1.866,-0.762,-0.690,-0.0386,-0.0101,0.9873,stable
2026-01-01 00:50:03,23.520014,87.310000,-0.0171,-0.0610,1.0321,1.182,-0.609,1.199,0.0768,-0.0156,0.9579,stable
2026-01-01 00:50:04,23.520006,87.310007,0.0439,0.0085,0.9609,0.780,-0.735,0.759,0.0911,-0.0310,1.0490,stable
2026-01-01 00:50:05,23.519999,87.309994,0.0304,-0.0172,0.9932,-0.243,1.064,-0.947,0.0484,-0.0208,1.0501,stable
2026-01-01 00:50:06,23.520012,87.309993,0.0115,0.0266,1.0123,1.169,0.322,-0.474,0.0061,0.1197,1.0046,stable
2026-01-01 00:50:07,23.520016,87.310005,-0.0210,0.0604,0.9964,0.657,0.092,-0.271,-0.0063,-0.0185,0.9948,stable
2026-01-01 00:50:08,23.520008,87.309989,0.0375,-0.0072,0.9686,0.399,1.073,0.367,-0.0133,-0.0388,1.0198,stable
2026-01-01 00:50:09,23.520006,87.309995,0.0500,0.0131,1.0242,0.461,0.128,0.201,0.0425,-0.0193,0.9561,stable
2026-01-01 00:50:10,23.520024,87.310001,0.0796,0.0320,1.0133,1.198,1.056,0.705,0.0023,-0.0186,1.0096,stable
2026-01-01 00:50:11,23.520012,87.310002,-0.0220,0.0230,1.0195,1.017,-1.101,0.216,-0.0165,0.0276,1.0087,stable
2026-01-01 00:50:12,23.519991,87.309976,-0.0019,0.0322,1.0019,0.551,0.733,-0.033,0.0215,-0.0292,1.0150,stable
2026-01-01 00:50:13,23.519975,87.309991,0.0545,0.0738,1.0433,-0.478,1.114,-0.369,0.0256,0.0197,1.0015,stable
2026-01-01 00:50:14,23.520002,87.310001,0.0022,-0.0425,0.9779,0.994,0.466,0.447,0.0159,-0.0339,1.0235,stable
2026-01-01 00:50:15,23.519994,87.310002,-0.0186,0.0068,0.9958,-0.641,1.130,-0.269,-0.0273,0.0303,1.0146,stable
2026-01-01 00:50:16,23.519995,87.309998,-0.0250,0.0547,0.9892,1.158,0.561,0.070,0.0244,0.0446,1.0184,stable
2026-01-01 00:50:17,23.519995,87.309986,0.0209,0.0083,1.0124,-0.408,0.706,-0.490,0.0492,-0.0096,1.0056,stable
2026-01-01 00:50:18,23.519992,87.310025,-0.0121,0.0493,1.0217,0.328,-0.394,1.824,-0.0030,-0.0035,1.0667,stable
2026-01-01 00:50:19,23.519998,87.310012,0.0224,0.0059,1.0138,1.572,0.755,-1.112,0.0520,0.0423,0.9793,stable
2026-01-01 00:50:20,23.519994,87.310004,0.0651,0.0043,1.0079,1.209,1.538,0.250,0.0463,-0.0411,1.0038,stable
2026-01-01 00:50:21,23.520015,87.309987,0.0486,-0.0066,1.0302,-0.075,0.386,0.232,0.0233,-0.0145,1.0301,stable
2026-01-01 00:50:22,23.520010,87.309995,0.0122,0.0201,0.9945,0.831,0.426,-0.160,0.0778,-0.0626,0.9704,stable
2026-01-01 00:50:23,23.520011,87.309983,0.0775,-0.0247,1.0104,-0.776,0.746,0.174,0.0470,0.0880,1.0016,stable
2026-01-01 00:50:24,23.519976,87.309980,-0.0092,0.0055,0.9778,0.017,0.376,0.012,-0.0196,0.0558,1.0238,stable
2026-01-01 00:50:25,23.519983,87.309988,-0.0387,0.0283,0.9824,-0.023,0.833,0.996,0.0562,0.0324,1.0299,stable
2026-01-01 00:50:26,23.520017,87.310001,0.0623,-0.0229,0.9622,1.982,0.975,0.040,0.0191,0.0115,0.9948,stable
2026-01-01 00:50:27,23.520013,87.309992,0.0397,0.0493,1.0118,0.772,1.052,0.858,0.0623,0.0476,1.0161,stable
2026-01-01 00:50:28,23.519993,87.310002,0.0254,0.0148,1.0148,1.380,0.328,0.960,-0.0492,0.0103,1.0659,stable
2026-01-01 00:50:29,23.519999,87.310018,0.0303,0.0723,0.9902,0.264,-0.934,0.761,-0.0688,-0.0068,0.9694,stable
2026-01-01 00:50:30,23.520002,87.310003,0.0243,0.0187,1.0364,-0.366,0.693,0.153,-0.0153,-0.0094,1.0424,stable
2026-01-01 00:50:31,23.519992,87.309997,-0.0045,0.0468,1.0055,-0.153,0.533,0.935,0.0687,-0.0119,0.9848,stable
2026-01-01 00:50:32,23.520000,87.310005,-0.0385,0.0422,0.9825,-0.020,1.953,-0.524,0.1041,-0.0827,1.0161,stable
2026-01-01 00:50:33,23.520008,87.309985,0.0326,0.0082,1.0221,0.092,-0.088,-0.293,0.0477,0.0498,0.9509,stable
2026-01-01 00:50:34,23.520000,87.310007,0.0777,0.0647,1.0151,0.637,-0.397,0.674,-0.0164,0.0056,1.0099,stable
2026-01-01 00:50:35,23.520002,87.310010,-0.0044,0.0054,0.9893,-0.445,-0.131,0.795,-0.0149,0.0369,1.0359,stable
2026-01-01 00:50:36,23.519985,87.310001,0.0301,-0.0110,1.0399,0.027,-0.280,0.162,0.0692,-0.0238,1.0175,stable
2026-01-01 00:50:37,23.519992,87.310010,0.0263,0.0435,1.0282,0.486,0.141,0.278,-0.0092,0.0784,1.0336,stable
2026-01-01 00:50:38,23.519979,87.310009,0.0182,0.0425,0.9920,0.411,0.729,0.442,0.0654,0.0152,0.9788,stable
2026-01-01 00:50:39,23.520007,87.310008,-0.0064,-0.0194,1.0015,-0.278,0.581,0.202,-0.0067,0.0447,1.0076,stable
2026-01-01 00:50:40,23.519992,87.309997,-0.0533,0.0160,0.9916,-0.347,-0.094,-0.612,0.0247,0.0553,1.0093,stable
2026-01-01 00:50:41,23.520001,87.310005,-0.0128,0.0054,1.0268,-0.562,-0.299,0.423,0.0287,-0.0356,1.0090,stable
2026-01-01 00:50:42,23.519991,87.309994,-0.0124,0.0470,1.0166,2.128,-0.359,0.227,0.0314,-0.0328,1.0120,stable
2026-01-01 00:50:43,23.520010,87.309989,-0.0349,0.0035,0.9658,-0.004,1.072,-0.962,-0.0114,0.0832,1.0360,stable
2026-01-01 00:50:44,23.519989,87.309996,0.0507,-0.0165,1.0084,0.454,-0.226,1.666,0.0965,-0.0333,1.0332,stable
2026-01-01 00:50:45,23.520012,87.310010,0.0243,-0.0195,0.9804,1.365,1.267,-0.602,0.0676,0.0479,1.0111,stable
2026-01-01 00:50:46,23.519985,87.310019,-0.0006,0.0223,1.0684,0.892,-0.037,-0.065,0.0667,-0.0058,1.0389,stable
2026-01-01 00:50:47,23.520019,87.309990,-0.0440,0.0364,1.0135,1.255,-1.255,0.296,0.1346,0.0786,1.0375,stable
2026-01-01 00:50:48,23.519994,87.309980,0.0353,0.0656,1.0251,0.243,-0.422,-0.820,-0.0323,-0.0199,1.0101,stable
2026-01-01 00:50:49,23.519997,87.310000,0.0264,-0.0028,1.0263,-0.110,0.182,-0.921,0.0327,0.0398,1.0101,stable
2026-01-01 00:50:50,23.520007,87.309996,0.0228,0.0774,1.0131,1.725,1.811,-0.244,0.0264,-0.0054,0.9920,stable
2026-01-01 00:50:51,23.520016,87.310010,0.0520,-0.0066,1.0197,1.153,-0.849,0.231,0.0053,0.0764,0.9994,stable
2026-01-01 00:50:52,23.519989,87.310002,0.0118,0.0546,0.9946,0.043,-0.013,0.888,-0.0304,-0.0438,1.0041,stable
2026-01-01 00:50:53,23.520012,87.310011,0.0171,0.0473,0.9890,0.467,-0.620,-0.112,0.0116,0.0389,0.9745,stable
2026-01-01 00:50:54,23.520000,87.310010,0.0141,0.0272,0.9850,-1.657,0.224,-0.792,0.0310,0.0936,0.9989,stable
2026-01-01 00:50:55,23.520011,87.310008,0.0269,-0.0133,1.0235,0.061,0.870,-0.374,0.0158,0.0463,1.0596,stable
2026-01-01 00:50:56,23.519997,87.310004,0.0459,0.0531,1.0006,0.174,1.555,0.088,0.0199,0.0207,0.9812,stable
2026-01-01 00:50:57,23.519997,87.309999,-0.0249,-0.0072,0.9943,1.160,0.296,-0.651,0.0137,0.0503,1.0360,stable
2026-01-01 00:50:58,23.520016,87.310000,0.0411,0.0376,1.0147,1.096,0.647,0.051,0.0044,0.0063,0.9988,stable
2026-01-01 00:50:59,23.520017,87.310012,0.0094,0.0188,1.0286,0.329,1.770,0.647,-0.0344,0.0342,1.0437,stable
2026-01-01 00:51:00,23.519985,87.309982,-0.0007,0.0259,0.9947,0.336,1.469,0.371,-0.1007,0.0397,1.0283,stable
2026-01-01 00:51:01,23.520021,87.309988,0.0159,0.0108,1.0261,0.506,0.697,-0.900,0.0209,0.0694,0.9781,stable
2026-01-01 00:51:02,23.519993,87.310014,-0.0092,-0.0220,0.9756,0.724,1.273,0.788,0.0486,-0.0054,1.0262,stable
2026-01-01 00:51:03,23.519987,87.309993,0.0090,-0.0164,1.0098,0.092,0.574,0.522,0.0417,-0.0465,1.0338,stable
2026-01-01 00:51:04,23.520004,87.309998,-0.0164,-0.0118,1.0336,-0.981,0.776,1.160,-0.0935,0.0515,1.0002,stable
2026-01-01 00:51:05,23.520006,87.310004,0.0122,-0.0115,0.9852,0.071,-0.282,-0.515,0.0327,-0.0176,1.0015,stable
2026-01-01 00:51:06,23.520008,87.309986,0.0336,-0.0107,0.9975,0.842,-1.061,0.307,-0.0059,-0.0188,1.0007,stable
2026-01-01 00:51:07,23.519992,87.310014,-0.0211,-0.0122,0.9771,0.186,0.705,0.235,0.0431,0.0401,0.9710,stable
2026-01-01 00:51:08,23.520012,87.309988,0.0294,0.0508,1.0490,1.527,-0.688,-0.376,0.0542,0.0394,1.0311,stable
2026-01-01 00:51:09,23.519984,87.309994,-0.0281,0.0434,0.9936,-0.893,0.378,-0.147,0.0689,-0.0169,0.9916,stable
2026-01-01 00:51:10,23.520018,87.310010,0.0270,0.0319,1.0100,1.154,1.172,-0.388,0.0329,0.0214,1.0197,stable
2026-01-01 00:51:11,23.519994,87.309996,-0.0045,0.0151,0.9957,-0.373,0.033,1.794,-0.0775,-0.0334,1.0065,stable
2026-01-01 00:51:12,23.519990,87.309989,0.0118,0.0109,0.9623,1.023,-0.902,-0.613,0.0374,0.0393,0.9887,stable
2026-01-01 00:51:13,23.519993,87.309992,0.0288,0.0057,0.9982,-1.135,0.492,0.440,0.0772,-0.0237,1.0170,stable
2026-01-01 00:51:14,23.519989,87.309998,0.0491,0.0114,0.9911,0.742,-0.381,-0.970,0.0557,-0.0380,0.9760,stable
2026-01-01 00:51:15,23.519985,87.310008,-0.0606,0.0101,0.9992,1.007,0.629,0.227,0.0578,0.0118,0.9908,stable
2026-01-01 00:51:16,23.519996,87.309990,-0.0226,0.0329,1.0066,-0.201,0.972,0.341,0.0385,-0.0135,0.9836,stable
2026-01-01 00:51:17,23.520016,87.309994,0.0423,0.0092,1.0097,-0.913,0.315,0.426,0.0356,-0.0674,0.9748,stable
2026-01-01 00:51:18,23.520012,87.310010,-0.0242,-0.0333,1.0223,1.063,0.080,0.976,-0.0511,0.0294,1.0561,stable
2026-01-01 00:51:19,23.520001,87.310006,-0.0028,0.0117,1.0032,0.432,-0.700,-0.625,0.0340,0.0367,1.0467,stable
2026-01-01 00:51:20,23.519993,87.310006,0.0287,0.0170,1.0156,1.160,1.054,0.441,0.0942,-0.0198,1.0145,stable
2026-01-01 00:51:21,23.520002,87.309981,0.0292,-0.0170,0.9805,0.672,0.615,0.996,0.0589,0.0095,1.0654,stable
2026-01-01 00:51:22,23.519998,87.310002,-0.0253,0.0220,1.0207,1.316,1.588,0.110,0.0175,-0.0075,0.9774,stable
2026-01-01 00:51:23,23.519998,87.309988,0.0264,-0.0235,1.0047,0.934,-0.170,0.722,-0.0211,0.0073,0.9658,stable
2026-01-01 00:51:24,23.519993,87.310003,-0.0559,0.0110,1.0145,1.353,-0.052,-0.971,0.0494,0.0116,1.0510,stable
2026-01-01 00:51:25,23.519995,87.310024,0.0790,0.0443,0.9777,1.233,0.980,0.940,0.0506,0.0293,0.9709,stable
2026-01-01 00:51:26,23.520008,87.309998,-0.0486,-0.0025,1.0146,0.715,-0.297,-0.649,-0.0297,0.0358,0.9615,stable
2026-01-01 00:51:27,23.519992,87.309992,0.0278,-0.0287,0.9957,1.643,0.379,0.503,0.0521,-0.0078,1.0224,stable
2026-01-01 00:51:28,23.520006,87.310004,0.0566,-0.0261,1.0152,0.195,-0.944,-0.355,0.0538,0.0468,1.0096,stable
2026-01-01 00:51:29,23.520001,87.309992,0.0256,0.0034,0.9996,1.561,0.634,0.333,0.0217,-0.0402,1.0300,stable
2026-01-01 00:51:30,23.519996,87.309998,0.0429,-0.0195,1.0582,1.128,1.495,0.029,0.0151,-0.0400,0.9697,stable
2026-01-01 00:51:31,23.520007,87.309988,-0.0284,-0.0507,1.0010,-0.221,1.789,0.846,-0.0394,0.0435,1.0329,stable
2026-01-01 00:51:32,23.519994,87.310001,0.0012,0.0006,1.0480,-0.626,0.499,1.193,0.0302,0.0136,0.9909,stable
2026-01-01 00:51:33,23.520030,87.310014,0.0181,-0.0349,1.0071,-0.288,0.151,-0.132,0.0284,0.0149,1.0177,stable
2026-01-01 00:51:34,23.520016,87.310007,0.0237,0.0021,0.9936,-0.890,0.846,-0.096,-0.0326,-0.0150,0.9859,stable
2026-01-01 00:51:35,23.520025,87.309990,-0.0105,0.0450,0.9740,0.166,-0.405,0.841,0.0235,0.0163,1.0325,stable
2026-01-01 00:51:36,23.520001,87.310008,0.0035,0.0008,1.0375,-0.971,0.416,0.728,0.0300,-0.0058,1.0413,stable
2026-01-01 00:51:37,23.520003,87.309988,-0.0182,0.0107,0.9898,-0.203,0.382,-0.030,0.0144,0.0145,1.0367,stable
2026-01-01 00:51:38,23.519995,87.310009,0.0127,0.0256,1.0445,1.267,0.971,0.271,-0.0198,-0.0591,1.0617,stable
2026-01-01 00:51:39,23.520020,87.309998,0.0159,0.0141,0.9787,1.266,1.475,-0.439,0.0842,0.1058,1.0136,stable
2026-01-01 00:51:40,23.520000,87.310006,0.0123,-0.0268,1.0103,-0.381,-0.092,0.563,0.0096,0.0415,1.0083,stable
2026-01-01 00:51:41,23.520002,87.309993,0.0262,-0.0067,0.9739,0.138,1.394,-0.426,0.0584,0.0892,1.0567,stable
2026-01-01 00:51:42,23.519988,87.309997,0.0338,0.0571,0.9726,-1.050,-0.444,0.224,0.0093,-0.0451,1.0239,stable
2026-01-01 00:51:43,23.519993,87.309989,0.0136,0.0132,1.0118,0.651,1.106,0.893,-0.0405,0.0481,1.0399,stable
2026-01-01 00:51:44,23.520031,87.309994,0.0108,0.0163,1.0182,1.628,1.734,0.194,-0.1012,0.0224,1.0335,stable
2026-01-01 00:51:45,23.520012,87.309995,0.0850,-0.0149,1.0061,1.224,-0.898,0.172,0.0291,0.0599,1.0130,stable
2026-01-01 00:51:46,23.519990,87.309993,0.0225,0.0124,1.0196,-0.097,1.124,-0.544,0.0050,0.0139,0.9984,stable
2026-01-01 00:51:47,23.520005,87.310001,-0.0059,-0.0103,0.9835,-0.305,0.011,-0.303,0.0374,0.0692,1.0111,stable
2026-01-01 00:51:48,23.520003,87.309992,0.0295,0.0344,0.9744,0.946,1.120,0.516,-0.0010,0.0072,1.0325,stable
2026-01-01 00:51:49,23.520008,87.310013,0.0106,0.0006,0.9879,0.640,1.372,0.636,0.0293,0.0108,0.9993,stable
2026-01-01 00:51:50,23.520002,87.309994,-0.0072,-0.0039,1.0257,0.686,-0.134,0.072,-0.0364,0.0353,1.0021,stable
2026-01-01 00:51:51,23.519978,87.309994,0.0328,0.0261,1.0266,-0.983,0.516,0.352,-0.0049,0.0273,1.0320,stable
2026-01-01 00:51:52,23.519988,87.310021,0.0173,-0.0542,1.0044,-0.587,-0.239,0.598,0.0303,0.0391,1.0308,stable
2026-01-01 00:51:53,23.519990,87.310007,-0.0255,0.0710,0.9915,-0.591,0.150,0.326,0.0935,0.0497,1.0190,stable
2026-01-01 00:51:54,23.519995,87.309996,0.0603,0.0000,1.0410,0.208,0.400,-0.770,-0.0735,-0.0022,0.9905,stable
2026-01-01 00:51:55,23.519992,87.310004,-0.0179,0.0226,0.9704,1.780,0.090,-0.458,-0.0235,0.0161,1.0322,stable
2026-01-01 00:51:56,23.520004,87.310024,0.0124,0.0004,1.0116,0.053,1.203,0.095,0.0464,0.0302,0.9334,stable
2026-01-01 00:51:57,23.519995,87.310009,0.0075,0.0070,0.9916,0.649,0.312,0.070,0.0469,-0.0571,0.9806,stable
2026-01-01 00:51:58,23.519987,87.309991,0.0074,-0.0082,1.0471,-0.388,1.261,0.198,0.0225,0.0720,1.0218,stable
2026-01-01 00:51:59,23.520002,87.309989,0.0093,0.0122,0.9875,-1.168,-0.395,0.245,0.0011,0.0102,1.0279,stable
2026-01-01 00:52:00,23.520001,87.309998,0.0266,0.0700,1.0211,0.696,-0.062,-0.380,0.0488,0.0099,1.0053,stable
2026-01-01 00:52:01,23.520004,87.310026,0.0364,0.0272,0.9855,-0.050,0.044,0.609,0.0344,-0.0031,1.0239,stable
2026-01-01 00:52:02,23.520013,87.310007,0.0330,0.0068,1.0205,-1.067,-0.271,0.482,-0.0120,0.0944,1.0320,stable
2026-01-01 00:52:03,23.520014,87.310014,0.0382,0.0153,0.9998,0.471,0.083,0.234,0.0163,-0.0230,0.9930,stable
2026-01-01 00:52:04,23.519990,87.309997,0.0261,-0.0050,0.9852,0.647,2.316,0.035,0.0328,-0.0061,1.0223,stable
2026-01-01 00:52:05,23.520020,87.310019,0.0278,-0.0139,0.9983,0.784,0.849,-0.169,0.0757,0.0442,1.0003,stable
2026-01-01 00:52:06,23.519999,87.309998,-0.0010,0.0243,1.0329,1.137,-0.990,1.187,0.1061,-0.0025,1.0105,stable
2026-01-01 00:52:07,23.519992,87.309993,-0.0080,0.0005,1.0223,0.814,0.647,1.886,0.0545,0.0046,1.0065,stable
2026-01-01 00:52:08,23.520007,87.310005,-0.0317,0.0107,1.0315,0.729,0.564,-0.182,0.0444,0.0438,1.0150,stable
2026-01-01 00:52:09,23.519998,87.309999,0.0433,0.0631,0.9987,0.982,-1.259,-1.070,0.0434,-0.0130,0.9944,stable
2026-01-01 00:52:10,23.520009,87.309997,0.0131,-0.0310,1.0290,0.517,-1.470,0.637,0.0217,0.0538,1.0055,stable
2026-01-01 00:52:11,23.520011,87.309987,0.0030,0.0076,1.0043,-0.494,0.320,0.072,0.0378,0.0111,1.0398,stable
2026-01-01 00:52:12,23.520010,87.310016,-0.0263,0.0222,1.0095,1.037,0.745,0.406,0.0369,-0.0163,0.9934,stable
2026-01-01 00:52:13,23.519990,87.309998,-0.0297,-0.0091,1.0264,-0.762,0.860,-0.521,0.0232,-0.0084,1.0090,stable
2026-01-01 00:52:14,23.520014,87.309980,0.0272,0.0104,1.0204,0.525,-0.413,0.100,0.0560,0.0064,1.0269,stable
2026-01-01 00:52:15,23.519984,87.309996,-0.0332,0.0610,1.0397,-0.367,0.148,0.412,0.0028,0.0655,0.9749,stable
2026-01-01 00:52:16,23.520003,87.309999,-0.0294,-0.0342,1.0372,-0.156,1.030,0.847,0.0111,0.0337,0.9993,stable
2026-01-01 00:52:17,23.520002,87.310000,0.0459,0.0741,1.0311,-0.284,0.879,0.054,0.0635,0.0319,1.0083,stable
2026-01-01 00:52:18,23.519999,87.310003,0.0311,-0.0148,0.9973,1.163,0.608,0.508,0.0510,-0.0298,1.0557,stable
2026-01-01 00:52:19,23.520014,87.310006,0.0608,-0.0063,1.0102,0.551,-0.299,-0.008,0.0529,0.0312,1.0014,stable
2026-01-01 00:52:20,23.520000,87.310028,-0.0060,-0.0063,0.9809,-0.445,0.012,-0.088,-0.0000,0.0530,0.9691,stable
2026-01-01 00:52:21,23.519985,87.310022,0.0260,0.0181,0.9584,1.284,-0.962,-1.108,0.0004,0.0227,1.0193,stable
2026-01-01 00:52:22,23.520008,87.309997,0.0097,0.0423,1.0265,0.313,1.316,-0.000,0.0372,0.0560,0.9895,stable
2026-01-01 00:52:23,23.519998,87.309994,-0.0243,0.0837,1.0057,2.679,1.329,0.052,0.0432,0.0522,1.0407,stable
2026-01-01 00:52:24,23.520009,87.309992,0.0272,0.0234,0.9976,0.677,-0.228,-0.942,0.0038,-0.0008,1.0297,stable
2026-01-01 00:52:25,23.520000,87.310018,-0.0123,-0.0177,1.0013,0.028,0.332,-0.080,0.0557,-0.0450,0.9638,stable
2026-01-01 00:52:26,23.520008,87.310018,0.0338,-0.0360,1.0317,0.301,0.418,-0.160,0.0295,0.0744,1.0112,stable
2026-01-01 00:52:27,23.520003,87.309989,0.0011,0.0607,1.0082,-0.304,-0.062,0.417,0.0125,0.0014,1.0148,stable
2026-01-01 00:52:28,23.520002,87.310000,0.0011,0.0129,0.9806,1.035,0.209,0.661,-0.0001,0.0447,1.0020,stable
2026-01-01 00:52:29,23.519989,87.310005,0.0139,-0.0011,1.0290,-0.486,-0.346,0.060,0.0637,0.0560,0.9762,stable
2026-01-01 00:52:30,23.519992,87.310008,-0.0165,-0.0135,0.9947,-0.562,1.212,0.365,0.0808,0.0353,1.0738,stable
2026-01-01 00:52:31,23.519996,87.310014,0.0270,0.0039,0.9996,0.176,-0.845,0.777,-0.0264,-0.0846,1.0239,stable
2026-01-01 00:52:32,23.519997,87.309992,0.0474,0.0163,0.9664,0.990,1.151,-0.366,0.0163,0.0093,0.9954,stable
2026-01-01 00:52:33,23.519992,87.310017,-0.0075,-0.0157,0.9868,0.393,0.083,-0.124,0.0231,0.0813,0.9716,stable
2026-01-01 00:52:34,23.520002,87.310007,0.0352,0.0179,1.0677,0.486,0.596,-0.277,0.0676,-0.0004,0.9633,stable
2026-01-01 00:52:35,23.519994,87.310003,0.0251,0.0454,1.0071,0.153,-0.278,0.380,-0.0629,-0.0051,1.0027,stable
2026-01-01 00:52:36,23.519997,87.310008,0.0828,-0.0035,1.0094,-0.213,1.924,0.443,0.0171,0.0479,1.0180,stable
2026-01-01 00:52:37,23.519997,87.309994,0.0273,0.0082,0.9999,0.050,0.782,-0.082,0.0064,0.0113,1.0007,stable
2026-01-01 00:52:38,23.519984,87.310003,0.0385,-0.0075,1.0081,0.130,0.254,-0.406,-0.0683,0.0530,0.9859,stable
2026-01-01 00:52:39,23.519989,87.309996,-0.0064,0.0635,0.9955,1.272,0.441,0.419,0.0351,0.0740,1.0668,stable
2026-01-01 00:52:40,23.519993,87.309998,0.0354,-0.0411,1.0301,0.018,-0.595,0.711,0.0998,0.0194,0.9757,stable
2026-01-01 00:52:41,23.520016,87.310009,0.0162,0.0106,1.0069,-0.208,0.253,-0.257,0.0305,0.0256,1.0047,stable
2026-01-01 00:52:42,23.519986,87.309992,0.0299,0.0555,0.9778,0.543,0.859,0.106,-0.0393,0.0331,0.9933,stable
2026-01-01 00:52:43,23.520001,87.309988,0.0012,-0.0300,1.0375,-0.056,-0.074,-0.462,0.0422,0.0203,1.0197,stable
2026-01-01 00:52:44,23.519988,87.310008,0.0159,0.0379,1.0241,-0.431,0.192,0.620,0.0565,0.0094,1.0086,stable
2026-01-01 00:52:45,23.520019,87.309995,-0.0189,0.0366,1.0168,0.576,-0.562,0.594,0.0401,0.0574,1.0130,stable
2026-01-01 00:52:46,23.520003,87.310014,-0.0052,0.0494,1.0153,1.328,0.663,1.079,0.1021,0.0326,1.0337,stable
2026-01-01 00:52:47,23.519999,87.309992,0.0275,-0.0067,0.9981,-0.681,0.222,-0.219,0.0422,0.0098,0.9763,stable
2026-01-01 00:52:48,23.520004,87.309990,0.0231,0.0022,0.9698,1.058,-0.916,1.251,0.1247,0.0314,0.9839,stable
2026-01-01 00:52:49,23.519999,87.309991,0.0014,0.0243,1.0077,0.067,1.279,1.241,0.0514,0.0152,1.0698,stable
2026-01-01 00:52:50,23.520002,87.309998,-0.0317,-0.0071,1.0255,0.122,0.969,0.658,0.0857,-0.0895,0.9877,stable
2026-01-01 00:52:51,23.520002,87.310016,-0.0090,0.0345,1.0225,0.340,-0.864,0.734,-0.0264,-0.0223,1.0039,stable
2026-01-01 00:52:52,23.520001,87.310013,0.0211,0.0046,0.9935,1.112,0.672,-0.598,0.0006,0.0550,1.0028,stable
2026-01-01 00:52:53,23.519997,87.310000,0.0643,0.0275,0.9918,1.189,0.221,0.645,-0.0276,0.0202,0.9771,stable
2026-01-01 00:52:54,23.519986,87.309994,0.0105,0.0389,1.0077,2.188,-0.011,-0.700,0.0129,-0.0172,1.0201,stable
2026-01-01 00:52:55,23.519985,87.310005,0.0538,0.0203,1.0068,0.836,1.044,0.240,0.0449,-0.0234,1.0198,stable
2026-01-01 00:52:56,23.519988,87.310002,-0.0241,-0.0237,0.9831,1.101,0.651,0.263,0.0201,0.0214,1.0477,stable
2026-01-01 00:52:57,23.520006,87.309998,0.0356,0.0368,0.9453,0.177,0.438,0.674,-0.0123,-0.0153,1.0297,stable
2026-01-01 00:52:58,23.520016,87.310001,-0.0099,0.0659,1.0268,1.042,-0.581,-0.891,-0.0316,0.0618,1.0075,stable
2026-01-01 00:52:59,23.519988,87.309995,0.0006,0.0258,1.0106,0.830,-0.453,0.329,0.0084,0.0515,1.0595,stable
2026-01-01 00:53:00,23.519991,87.310006,-0.0075,0.0376,0.9921,0.558,0.547,1.529,0.0239,-0.0514,1.0114,stable
2026-01-01 00:53:01,23.520000,87.310020,0.0379,0.0462,1.0016,0.211,0.930,0.093,0.0567,0.0278,1.0101,stable
2026-01-01 00:53:02,23.520017,87.309992,-0.0528,0.0562,1.0018,-0.887,2.212,-0.345,0.0329,0.0231,0.9926,stable
2026-01-01 00:53:03,23.520009,87.309987,-0.0126,0.0226,1.0114,1.688,1.471,-0.447,0.0908,-0.0657,0.9993,stable
2026-01-01 00:53:04,23.520002,87.309992,0.0215,-0.0168,1.0222,0.445,0.451,0.641,0.0941,-0.0551,0.9926,stable
2026-01-01 00:53:05,23.520015,87.310013,0.0033,0.0051,1.0092,-1.132,0.116,-0.677,-0.0491,0.0091,1.0007,stable
2026-01-01 00:53:06,23.520011,87.310009,0.0447,0.0912,1.0276,0.351,0.677,0.417,-0.0197,0.0839,0.9821,stable
2026-01-01 00:53:07,23.519990,87.310004,0.0019,0.0100,0.9809,-0.371,0.046,-0.238,0.0323,0.0097,1.0350,stable
2026-01-01 00:53:08,23.519997,87.310019,-0.0102,0.0627,0.9830,1.171,-0.139,-0.102,0.0511,0.0551,0.9668,stable
2026-01-01 00:53:09,23.520002,87.310013,0.0301,0.0379,1.0033,-1.270,0.007,0.309,0.0099,-0.0025,1.0099,stable
2026-01-01 00:53:10,23.520001,87.310011,-0.0142,0.0151,0.9873,-0.703,-0.293,0.319,0.0380,0.0454,0.9989,stable
2026-01-01 00:53:11,23.519993,87.309987,0.0230,-0.0143,1.0031,1.054,0.372,0.087,-0.0106,-0.0071,0.9743,stable
2026-01-01 00:53:12,23.519986,87.309997,-0.0097,-0.0478,1.0241,-0.391,0.162,-0.294,-0.0034,0.0113,1.0186,stable
2026-01-01 00:53:13,23.519991,87.309998,0.0524,-0.0199,1.0188,0.326,0.970,-0.299,-0.0236,0.0205,0.9977,stable
2026-01-01 00:53:14,23.520005,87.309999,0.0057,-0.0128,1.0381,-0.410,-0.467,-0.184,-0.0472,0.0129,1.0245,stable
2026-01-01 00:53:15,23.520003,87.309995,0.0332,0.0069,0.9827,0.524,-0.148,0.800,-0.0119,-0.0257,1.0071,stable
2026-01-01 00:53:16,23.519998,87.310004,-0.0162,-0.0150,1.0229,1.247,0.340,0.602,0.0626,0.0363,0.9891,stable
2026-01-01 00:53:17,23.520013,87.309996,0.0056,0.0437,0.9898,-0.414,0.277,0.227,0.0108,-0.0220,1.0356,stable
2026-01-01 00:53:18,23.519997,87.309994,0.0287,-0.0279,1.0257,1.821,-0.184,2.480,-0.0523,-0.0531,1.0142,stable
2026-01-01 00:53:19,23.519982,87.310002,0.0029,0.0637,1.0043,0.707,-0.778,0.765,0.0106,-0.0627,0.9876,stable
2026-01-01 00:53:20,23.520001,87.310007,-0.0039,0.0043,0.9911,0.786,0.133,0.322,-0.0021,-0.0070,0.9752,stable
2026-01-01 00:53:21,23.520001,87.310000,0.0451,0.0208,0.9904,0.392,-0.008,0.780,0.0061,0.1141,1.0100,stable
2026-01-01 00:53:22,23.519992,87.309996,0.0265,0.0207,0.9944,1.337,-0.353,0.762,-0.0327,0.0513,0.9868,stable
2026-01-01 00:53:23,23.519986,87.310001,0.0185,0.0564,1.0106,0.508,0.319,0.817,0.0739,0.0242,0.9881,stable
2026-01-01 00:53:24,23.519998,87.310001,0.0515,-0.0059,1.0142,0.530,-0.380,0.261,0.0116,0.0011,1.0725,stable
2026-01-01 00:53:25,23.519994,87.309993,0.0556,0.0063,0.9934,0.761,0.957,-0.494,0.0379,0.0539,1.0578,stable
2026-01-01 00:53:26,23.519982,87.309992,0.0222,-0.0082,1.0141,0.750,-0.279,0.375,0.0327,0.0071,1.0445,stable
2026-01-01 00:53:27,23.520008,87.310017,0.0454,-0.0027,0.9621,-0.646,1.478,-0.306,0.0571,0.0285,1.0242,stable
2026-01-01 00:53:28,23.519996,87.309999,-0.0210,-0.0379,0.9912,0.721,1.042,0.416,-0.0065,-0.0131,0.9858,stable
2026-01-01 00:53:29,23.519980,87.309997,0.0638,0.0426,1.0306,0.885,-0.964,-0.029,-0.0329,0.0467,0.9890,stable
2026-01-01 00:53:30,23.520019,87.310006,0.0621,-0.0055,0.9805,-0.708,0.231,0.932,-0.0197,0.0680,0.9419,stable
2026-01-01 00:53:31,23.520016,87.310000,0.0339,-0.0411,0.9647,1.018,-1.262,-0.021,0.0379,-0.0391,0.9321,stable
2026-01-01 00:53:32,23.520015,87.310009,0.0376,-0.0983,1.0028,0.808,-1.188,0.258,0.0860,0.0219,0.9798,stable
2026-01-01 00:53:33,23.520004,87.310006,-0.0042,-0.0312,1.0360,0.085,0.212,1.234,0.0015,-0.0157,1.0074,stable
2026-01-01 00:53:34,23.520003,87.310002,-0.0178,-0.0176,0.9993,-0.617,-0.683,-0.242,0.0616,0.0235,1.0314,stable
2026-01-01 00:53:35,23.520016,87.310001,0.0410,0.0083,1.0260,0.146,0.297,1.491,0.0207,-0.0353,0.9981,stable
2026-01-01 00:53:36,23.520013,87.310001,0.0486,0.0688,1.0052,-0.740,1.739,0.965,0.0040,0.0187,1.0579,stable
2026-01-01 00:53:37,23.520005,87.310003,0.0164,0.0144,0.9778,-0.171,0.736,0.996,0.0341,-0.0002,1.0344,stable
2026-01-01 00:53:38,23.520001,87.309990,-0.0242,0.0687,1.0427,0.892,-0.138,-0.366,0.0185,-0.0361,1.0524,stable
2026-01-01 00:53:39,23.519998,87.310007,0.0129,0.0138,1.0321,0.674,-0.356,-0.039,0.0646,0.0064,0.9937,stable
2026-01-01 00:53:40,23.519979,87.310008,0.0231,-0.0239,1.0219,-0.465,-0.069,0.056,-0.0565,0.0171,1.0361,stable
2026-01-01 00:53:41,23.520014,87.310012,0.0326,-0.0139,1.0111,-0.863,0.018,-0.227,0.0201,-0.0418,0.9963,stable
2026-01-01 00:53:42,23.520000,87.309991,-0.0240,0.0336,0.9956,-1.292,0.642,0.782,-0.0048,0.0824,0.9878,stable
2026-01-01 00:53:43,23.520000,87.309991,0.0229,0.0225,0.9828,0.460,-1.361,0.338,0.0072,-0.0028,1.0122,stable
2026-01-01 00:53:44,23.519997,87.309998,-0.0090,0.0177,0.9797,1.199,-1.296,0.208,0.1498,0.0239,1.0241,stable
2026-01-01 00:53:45,23.520011,87.309999,0.0788,0.0066,1.0362,0.743,-1.442,0.359,-0.0202,-0.0395,1.0169,stable
2026-01-01 00:53:46,23.520006,87.310002,-0.0376,0.0515,0.9614,1.096,0.651,0.381,-0.0107,0.0451,1.0315,stable
2026-01-01 00:53:47,23.519998,87.309989,0.0427,0.0103,1.0167,0.600,0.396,0.600,-0.0028,0.0471,1.0463,stable
2026-01-01 00:53:48,23.519995,87.309999,-0.0104,-0.0464,1.0057,1.681,0.342,1.279,0.0566,0.0181,1.0203,stable
2026-01-01 00:53:49,23.520011,87.310018,0.0316,0.0006,1.0060,-1.256,0.148,-0.235,0.0660,-0.0008,1.0286,stable
2026-01-01 00:53:50,23.519986,87.309995,0.0436,0.0318,1.0194,-0.102,1.747,0.218,0.0505,0.0443,1.0240,stable
2026-01-01 00:53:51,23.519997,87.309986,0.0272,-0.0209,1.0041,0.156,0.667,0.360,0.0284,0.0245,1.0291,stable
2026-01-01 00:53:52,23.519992,87.310000,-0.0373,-0.0375,0.9998,0.658,0.519,0.737,0.0317,-0.0196,1.0274,stable
2026-01-01 00:53:53,23.519992,87.309993,0.0519,-0.0154,1.0074,-0.542,0.495,-0.177,-0.0380,-0.0434,0.9969,stable
2026-01-01 00:53:54,23.519999,87.309992,-0.0257,0.0148,1.0556,0.938,-0.931,0.057,-0.0338,-0.0313,0.9817,stable
2026-01-01 00:53:55,23.519996,87.309981,0.0004,0.0037,1.0191,0.395,0.077,0.606,0.0155,0.0425,1.0090,stable
2026-01-01 00:53:56,23.520008,87.310016,0.0161,0.0104,1.0387,-0.337,0.442,-0.156,0.0268,0.0009,0.9758,stable
2026-01-01 00:53:57,23.519983,87.310009,0.0318,-0.0150,1.0062,1.329,1.780,1.586,0.0257,0.0400,1.0150,stable
2026-01-01 00:53:58,23.520015,87.310010,0.0285,0.0385,1.0100,1.717,0.549,1.595,0.0496,0.0592,0.9973,stable
2026-01-01 00:53:59,23.519997,87.310002,0.0147,0.0397,0.9874,0.905,1.374,0.869,-0.0160,0.0145,1.0000,stable
2026-01-01 00:54:00,23.519993,87.310005,0.0310,-0.0175,0.9973,0.629,0.583,-0.009,0.0287,-0.0638,0.9920,stable
2026-01-01 00:54:01,23.519996,87.310026,-0.0669,0.0777,0.9753,0.156,-0.633,1.428,-0.0567,0.0225,0.9986,stable
2026-01-01 00:54:02,23.519999,87.310000,-0.0094,0.0309,0.9947,1.883,0.225,0.772,0.0448,0.0226,1.0599,stable
2026-01-01 00:54:03,23.519991,87.309994,0.0068,-0.0686,1.0164,0.959,-0.435,0.426,-0.0270,-0.0109,0.9895,stable
2026-01-01 00:54:04,23.520003,87.309993,0.0289,-0.0135,0.9764,1.632,0.573,1.084,0.0086,-0.0213,0.9757,stable
2026-01-01 00:54:05,23.520001,87.309997,-0.0462,-0.0141,1.0313,0.701,0.106,0.035,-0.0242,-0.0388,0.9587,stable
2026-01-01 00:54:06,23.519998,87.309986,0.0187,0.0330,0.9904,-0.349,0.340,0.025,0.0094,0.0629,1.0217,stable
2026-01-01 00:54:07,23.519979,87.309991,0.0528,0.0257,0.9954,-0.983,0.648,0.394,0.0206,-0.0456,0.9449,stable
2026-01-01 00:54:08,23.520002,87.309999,0.0344,0.0569,0.9883,0.100,-0.473,1.288,0.0428,0.0228,1.0077,stable
2026-01-01 00:54:09,23.519995,87.309998,0.0251,-0.0112,1.0051,1.774,0.470,0.662,0.0049,0.0206,1.0378,stable
2026-01-01 00:54:10,23.519987,87.310005,0.0181,-0.0555,1.0048,0.883,-0.059,0.033,-0.0248,0.0593,1.0404,stable
2026-01-01 00:54:11,23.520000,87.310010,0.0190,-0.0039,1.0052,0.036,-0.973,0.054,0.0092,0.0138,0.9965,stable
2026-01-01 00:54:12,23.519992,87.309995,-0.0010,0.0207,1.0039,0.136,0.880,0.369,-0.0198,-0.0654,1.0291,stable
2026-01-01 00:54:13,23.520020,87.310005,0.0486,0.0470,1.0337,-1.104,-0.336,0.603,0.0149,0.0456,1.0309,stable
2026-01-01 00:54:14,23.520005,87.309994,0.0445,-0.0042,1.0003,0.457,-0.375,0.566,-0.0155,0.0433,0.9539,stable
2026-01-01 00:54:15,23.520009,87.310009,0.0267,-0.0100,1.0091,-0.037,-0.373,0.049,0.0119,0.0074,0.9900,stable
2026-01-01 00:54:16,23.519993,87.309993,0.0324,-0.0034,0.9963,1.174,0.524,-0.029,0.0590,0.0065,1.0238,stable
2026-01-01 00:54:17,23.519996,87.309997,0.0175,-0.0094,1.0017,0.906,1.096,1.424,0.0356,-0.0732,0.9960,stable
2026-01-01 00:54:18,23.520016,87.309995,-0.0139,0.0052,1.0190,-0.024,0.754,0.716,0.0443,0.0316,0.9904,stable
2026-01-01 00:54:19,23.520005,87.310014,0.0459,0.0077,1.0045,1.078,-0.252,0.324,-0.0203,-0.0318,1.0217,stable
2026-01-01 00:54:20,23.519984,87.309991,0.0200,0.0660,0.9896,1.627,0.168,0.077,-0.0011,-0.0063,1.0064,stable
2026-01-01 00:54:21,23.520004,87.310007,0.0312,-0.0475,0.9548,1.800,1.369,0.248,0.0044,-0.0145,0.9533,stable
2026-01-01 00:54:22,23.520000,87.310022,0.0346,0.0122,1.0145,0.420,-0.775,0.641,0.0616,0.0540,1.0165,stable
2026-01-01 00:54:23,23.519988,87.310001,-0.0115,0.0119,1.0002,-0.189,-0.320,0.478,0.0428,-0.0365,0.9436,stable
2026-01-01 00:54:24,23.519977,87.309996,0.0196,0.0734,1.0019,-1.657,1.518,-0.314,0.0052,-0.0423,1.0001,stable
2026-01-01 00:54:25,23.520008,87.309998,0.0134,0.0119,1.0051,0.833,-0.677,0.046,-0.0209,0.0443,0.9931,stable
2026-01-01 00:54:26,23.519997,87.309981,0.0520,0.0661,1.0088,2.470,1.294,-1.016,-0.0046,-0.0432,1.0282,stable
2026-01-01 00:54:27,23.519997,87.309997,-0.0175,0.0401,1.0006,0.787,-0.980,1.575,0.0659,0.0367,0.9811,stable
2026-01-01 00:54:28,23.520008,87.309987,0.0491,0.0469,0.9963,0.841,-0.668,1.035,-0.0575,-0.0065,0.9831,stable
2026-01-01 00:54:29,23.520015,87.310001,0.0546,0.0034,0.9833,-0.126,-0.351,-0.342,-0.0014,-0.0100,0.9959,stable
2026-01-01 00:54:30,23.520005,87.310002,0.0182,-0.0094,1.0094,-0.357,0.187,0.417,-0.0007,-0.0131,1.0041,stable
2026-01-01 00:54:31,23.520004,87.309986,0.0110,0.0214,0.9989,-0.061,1.286,0.035,0.0129,0.0208,0.9827,stable
2026-01-01 00:54:32,23.520014,87.310008,-0.0256,-0.0181,1.0460,1.552,-1.154,0.038,0.0584,-0.0364,0.9938,stable
2026-01-01 00:54:33,23.520002,87.309983,0.0267,-0.0334,1.0038,-0.221,1.370,-0.868,0.0314,0.0225,1.0655,stable
2026-01-01 00:54:34,23.519994,87.310001,0.0053,0.0636,0.9992,0.296,0.912,0.653,-0.0260,0.0267,1.0247,stable
2026-01-01 00:54:35,23.519994,87.309987,0.0443,0.0571,0.9574,0.397,0.569,0.252,0.0125,0.0085,1.0027,stable
2026-01-01 00:54:36,23.519989,87.309995,0.0659,-0.0464,0.9647,-0.774,0.702,-0.231,-0.0283,-0.0472,1.0823,stable
2026-01-01 00:54:37,23.519990,87.310007,-0.0074,0.0572,1.0102,1.842,0.294,0.193,-0.0130,0.0643,1.0442,stable
2026-01-01 00:54:38,23.519996,87.310004,0.0078,-0.0120,0.9848,0.636,-0.876,1.838,0.0212,-0.0143,1.0406,stable
2026-01-01 00:54:39,23.520005,87.309995,0.0202,-0.0059,0.9783,0.966,0.627,-0.408,-0.0055,0.0173,1.0042,stable
2026-01-01 00:54:40,23.519998,87.310010,0.0870,-0.0101,1.0282,0.162,0.669,0.082,0.0158,-0.0434,0.9737,stable
2026-01-01 00:54:41,23.519998,87.309996,-0.0141,0.0084,1.0257,-0.486,-1.181,0.191,0.0345,0.0012,0.9995,stable
2026-01-01 00:54:42,23.520017,87.310002,-0.0414,-0.0119,0.9930,0.520,-0.539,-0.595,-0.0018,0.0331,1.0320,stable
2026-01-01 00:54:43,23.520001,87.309985,0.0301,-0.0034,1.0190,0.740,-0.445,0.723,0.1170,0.0303,1.0067,stable
2026-01-01 00:54:44,23.520011,87.309998,0.0300,0.0384,1.0210,0.560,0.457,0.744,0.0302,0.0110,1.0420,stable
2026-01-01 00:54:45,23.520006,87.309997,0.0558,-0.0112,1.0235,-1.266,0.101,0.869,0.0134,0.0345,0.9972,stable
2026-01-01 00:54:46,23.519992,87.310015,0.0197,0.0312,1.0331,0.183,0.626,0.483,0.0255,-0.0009,1.0122,stable
2026-01-01 00:54:47,23.519998,87.310010,-0.0160,-0.0104,1.0285,1.271,1.398,-0.106,0.0202,0.1075,1.0143,stable
2026-01-01 00:54:48,23.519995,87.309990,0.0474,0.0041,1.0281,1.186,-0.671,-0.441,0.0610,-0.0772,1.0223,stable
2026-01-01 00:54:49,23.520003,87.309999,0.0568,0.0522,1.0058,0.780,0.802,0.496,-0.0029,-0.0328,1.0072,stable
2026-01-01 00:54:50,23.519979,87.309984,0.0032,0.0442,0.9956,-0.727,-0.327,-0.295,0.0376,0.0101,0.9654,stable
2026-01-01 00:54:51,23.519998,87.309992,0.0215,0.0068,0.9837,0.604,1.269,0.632,0.0022,-0.0028,1.0445,stable
2026-01-01 00:54:52,23.520009,87.309986,0.0105,0.0065,0.9962,0.930,0.923,-0.412,0.0629,0.0007,1.0162,stable
2026-01-01 00:54:53,23.519982,87.309977,0.0014,0.0494,0.9878,-0.119,-0.675,0.505,-0.0390,0.0725,1.0212,stable
2026-01-01 00:54:54,23.519993,87.309999,-0.0073,0.0126,1.0116,-0.839,0.145,-0.555,0.0910,0.0656,1.0342,stable
2026-01-01 00:54:55,23.519970,87.309993,0.0571,0.0283,1.0406,0.121,0.296,-0.271,-0.0019,0.0577,1.0419,stable
2026-01-01 00:54:56,23.520018,87.309999,-0.0353,0.0232,0.9884,0.290,0.706,0.400,-0.0061,0.0016,1.0086,stable
2026-01-01 00:54:57,23.520011,87.309983,-0.0411,0.0459,1.0321,0.591,0.605,-0.928,-0.0394,0.0638,1.0070,stable
2026-01-01 00:54:58,23.520000,87.309999,-0.0311,-0.0511,0.9991,0.710,1.540,0.037,0.0274,-0.0057,1.0179,stable
2026-01-01 00:54:59,23.519986,87.309982,0.0166,0.0055,1.0130,-1.232,0.164,1.076,0.0044,-0.0810,1.0133,stable
2026-01-01 00:55:00,23.520005,87.310005,-0.0112,0.0362,1.0382,0.565,-0.365,-0.165,0.0480,-0.0296,0.9805,stable
2026-01-01 00:55:01,23.519972,87.309993,0.0528,0.0224,1.0179,0.530,0.178,-0.335,0.0294,-0.0121,1.0058,stable
2026-01-01 00:55:02,23.520031,87.309992,0.0129,0.0102,0.9917,-0.343,-0.252,0.429,-0.0018,0.0096,1.0399,stable
2026-01-01 00:55:03,23.520002,87.309980,-0.0097,0.0334,1.0026,2.064,-0.479,0.639,0.0058,0.0072,1.0077,stable
2026-01-01 00:55:04,23.520010,87.309991,0.0194,-0.0128,1.0097,1.947,0.728,0.080,-0.0273,0.0873,0.9991,stable
2026-01-01 00:55:05,23.519982,87.310014,0.0159,0.0105,0.9956,0.349,0.248,0.149,0.0170,0.0981,1.0005,stable
2026-01-01 00:55:06,23.520001,87.309998,-0.0338,0.0420,0.9975,-0.534,-0.320,0.390,0.0156,-0.0246,1.0228,stable
2026-01-01 00:55:07,23.520008,87.310011,-0.0223,0.0078,0.9951,0.818,0.298,0.340,-0.0314,0.0512,0.9599,stable
2026-01-01 00:55:08,23.520009,87.309983,-0.0419,0.0231,1.0033,0.415,-0.428,1.014,0.0463,0.0402,0.9635,stable
2026-01-01 00:55:09,23.519999,87.310018,0.0324,-0.0018,1.0038,-0.137,-0.838,-0.075,0.0764,-0.0190,1.0074,stable
2026-01-01 00:55:10,23.520006,87.310006,0.0072,0.0262,1.0071,0.658,0.821,0.772,0.0673,0.0170,1.0011,stable
2026-01-01 00:55:11,23.520001,87.309978,0.0379,0.0329,1.0336,1.375,-0.270,0.970,0.0447,-0.0294,1.0013,stable
2026-01-01 00:55:12,23.520001,87.310006,0.0020,0.0384,0.9889,-0.528,0.866,0.954,-0.0201,0.0049,1.0485,stable
2026-01-01 00:55:13,23.519992,87.310010,-0.0070,0.0702,0.9994,-0.278,0.810,0.056,0.0471,0.0285,1.0069,stable
2026-01-01 00:55:14,23.519987,87.310003,-0.0347,0.0520,1.0073,-0.139,0.348,1.368,0.0913,-0.0527,1.0303,stable
2026-01-01 00:55:15,23.520003,87.309999,-0.0515,0.0182,1.0194,0.933,-0.519,-0.211,-0.0250,0.0230,0.9785,stable
2026-01-01 00:55:16,23.519999,87.309985,0.0272,0.0453,1.0265,-0.025,0.032,1.673,0.0129,0.0311,0.9941,stable
2026-01-01 00:55:17,23.519996,87.309977,0.0150,0.0200,1.0129,2.568,-0.391,0.683,0.0700,0.0240,0.9855,stable
2026-01-01 00:55:18,23.520001,87.309997,0.0124,-0.0012,1.0055,-0.310,1.984,0.924,0.1267,0.0146,1.0309,stable
2026-01-01 00:55:19,23.520001,87.309993,-0.0222,0.0206,1.0396,-0.320,-0.076,0.621,0.0698,-0.0184,0.9940,stable
2026-01-01 00:55:20,23.519993,87.309991,0.0666,0.0563,1.0198,1.011,-1.237,0.493,-0.0026,-0.0322,1.0060,stable
2026-01-01 00:55:21,23.519997,87.309988,-0.0192,0.0263,0.9782,1.519,-0.861,-0.249,-0.0067,0.0537,0.9992,stable
2026-01-01 00:55:22,23.519998,87.309994,0.0273,-0.0199,1.0148,0.318,0.178,-0.538,0.0238,0.0257,0.9957,stable
2026-01-01 00:55:23,23.520007,87.309992,0.0145,0.0017,0.9904,-0.938,0.847,0.952,0.0144,0.0451,0.9866,stable
2026-01-01 00:55:24,23.520002,87.309998,-0.0040,-0.0104,1.0342,-1.450,0.792,0.245,0.0174,0.0495,1.0471,stable
2026-01-01 00:55:25,23.519991,87.310005,-0.0272,0.0083,1.0350,-0.895,1.533,0.605,-0.0263,0.0634,1.0191,stable
2026-01-01 00:55:26,23.520009,87.310005,-0.0113,0.0291,1.0028,-0.249,-0.530,0.207,0.0307,-0.0007,1.0286,stable
2026-01-01 00:55:27,23.520001,87.309993,0.0258,0.0433,0.9730,0.849,0.262,0.097,-0.0153,0.0855,1.0044,stable
2026-01-01 00:55:28,23.519997,87.310002,0.0402,0.0102,1.0348,1.452,-0.538,0.564,-0.0217,-0.0323,1.0504,stable
2026-01-01 00:55:29,23.519994,87.310010,0.0431,-0.0174,1.0377,0.694,1.240,-0.220,0.0479,-0.0087,0.9914,stable
2026-01-01 00:55:30,23.520000,87.309994,0.0329,0.0110,1.0172,-0.182,-0.036,0.021,0.0137,-0.0369,1.0190,stable
2026-01-01 00:55:31,23.520006,87.309986,0.0133,0.0176,1.0056,0.233,-0.015,0.285,0.0327,0.0187,1.0210,stable
2026-01-01 00:55:32,23.520026,87.310000,0.0110,0.0114,0.9858,0.727,0.167,0.177,-0.0278,0.0028,0.9742,stable
2026-01-01 00:55:33,23.520001,87.310003,0.0193,0.0592,0.9966,0.836,-0.195,-0.675,0.0486,-0.0690,1.0111,stable
2026-01-01 00:55:34,23.519994,87.309997,0.0078,-0.0182,1.0213,0.566,0.503,1.352,0.0373,0.0042,0.9946,stable
2026-01-01 00:55:35,23.520002,87.310002,-0.0055,-0.0120,1.0224,0.567,0.193,0.294,-0.0766,0.0590,1.0009,stable
2026-01-01 00:55:36,23.520009,87.310008,0.0084,0.0216,0.9864,1.302,1.176,0.843,-0.0010,0.0092,0.9997,stable
2026-01-01 00:55:37,23.519988,87.310019,0.0662,0.0208,1.0113,-0.104,0.057,-0.921,0.0155,0.0817,0.9914,stable
2026-01-01 00:55:38,23.520005,87.310001,0.0631,-0.0484,1.0214,0.070,-0.590,0.749,0.0059,0.0598,1.0307,stable
2026-01-01 00:55:39,23.520000,87.310005,0.0226,-0.0125,1.0158,0.605,-0.207,1.257,0.0175,-0.0188,1.0379,stable
2026-01-01 00:55:40,23.519999,87.309997,-0.0197,-0.0166,1.0324,0.447,0.881,1.094,0.0325,0.0618,0.9899,stable
2026-01-01 00:55:41,23.519989,87.310004,-0.0406,0.0005,1.0017,-1.134,0.326,0.089,-0.0321,-0.0191,1.0470,stable
2026-01-01 00:55:42,23.520007,87.309992,-0.0104,-0.0804,0.9791,1.022,-0.648,-0.425,0.0135,0.0673,0.9813,stable
2026-01-01 00:55:43,23.520011,87.310011,-0.0088,0.0193,0.9924,1.547,0.495,-0.082,-0.0335,0.0407,0.9774,stable
2026-01-01 00:55:44,23.519997,87.309986,0.0500,-0.0335,1.0241,0.535,0.147,1.150,0.0471,-0.0443,0.9903,stable
2026-01-01 00:55:45,23.519989,87.310003,-0.0026,0.0089,0.9801,0.389,-0.157,-0.341,0.0119,0.0147,1.0459,stable
2026-01-01 00:55:46,23.520017,87.310019,-0.0382,0.0109,0.9997,-0.194,-1.269,0.593,0.0812,0.0590,1.0080,stable
2026-01-01 00:55:47,23.520012,87.309992,-0.0318,-0.0303,1.0298,0.686,1.601,0.780,0.0643,-0.0116,1.0463,stable
2026-01-01 00:55:48,23.519996,87.309991,0.0317,-0.0134,1.0230,1.661,-1.187,-0.032,0.0270,0.1031,1.0410,stable
2026-01-01 00:55:49,23.520000,87.310000,0.0220,-0.0280,0.9898,-2.343,-0.412,0.661,0.0184,0.0068,0.9894,stable
2026-01-01 00:55:50,23.520002,87.309993,-0.0226,-0.0097,0.9965,0.035,-0.797,0.146,0.0182,0.0071,0.9840,stable
2026-01-01 00:55:51,23.520000,87.310018,0.0280,0.0512,1.0136,0.304,-0.062,-0.049,0.0781,0.0337,1.0053,stable
2026-01-01 00:55:52,23.519984,87.310022,-0.0069,0.0351,0.9999,-0.769,-0.377,0.405,-0.0582,0.0121,1.0312,stable
2026-01-01 00:55:53,23.520006,87.309996,-0.0234,0.0124,0.9819,0.206,0.635,0.389,0.0048,0.0009,1.0233,stable
2026-01-01 00:55:54,23.520005,87.309995,-0.0084,0.0130,1.0168,1.199,0.006,0.019,0.0925,-0.0213,0.9442,stable
2026-01-01 00:55:55,23.519989,87.309999,0.0207,-0.0036,0.9796,0.506,-0.845,0.259,0.0436,0.0924,0.9969,stable
2026-01-01 00:55:56,23.519991,87.309988,0.0276,0.0258,0.9953,0.389,1.324,0.613,0.0239,-0.0090,0.9950,stable
2026-01-01 00:55:57,23.520000,87.309991,0.0251,-0.0465,1.0383,-0.720,0.157,0.436,0.0056,0.0434,0.9776,stable
2026-01-01 00:55:58,23.519997,87.310013,0.0159,0.0130,1.0119,-0.926,-0.084,0.136,-0.0086,-0.0613,0.9970,stable
2026-01-01 00:55:59,23.520005,87.310012,0.0621,-0.0461,1.0053,0.736,0.313,0.142,0.0145,0.0068,0.9800,stable
2026-01-01 00:56:00,23.519982,87.309998,-0.0229,0.0618,0.9871,-0.429,0.307,-0.263,0.0966,0.0422,1.0086,stable
2026-01-01 00:56:01,23.519991,87.309994,-0.0453,0.0055,0.9844,0.045,0.737,0.812,0.0412,-0.0216,1.0033,stable
2026-01-01 00:56:02,23.519998,87.310014,0.0202,0.0055,1.0049,0.944,-0.490,-0.120,0.0854,-0.0071,1.0260,stable
2026-01-01 00:56:03,23.520003,87.309991,0.0100,-0.0407,1.0005,-0.554,-0.910,-0.680,0.0529,-0.0331,0.9892,stable
2026-01-01 00:56:04,23.520005,87.310013,0.0232,0.0154,1.0096,0.062,0.422,-0.103,-0.0081,0.0254,1.0474,stable
2026-01-01 00:56:05,23.520015,87.309993,0.0229,0.0177,0.9743,-0.687,-0.557,0.176,0.0292,0.0795,0.9840,stable
2026-01-01 00:56:06,23.520000,87.309995,0.0056,-0.0307,1.0198,1.029,0.354,-0.491,-0.0138,-0.0544,0.9983,stable
2026-01-01 00:56:07,23.520006,87.309980,0.0584,0.0220,1.0152,0.077,1.423,0.934,-0.0471,0.0183,1.0261,stable
2026-01-01 00:56:08,23.519996,87.310002,-0.0306,0.0559,1.0207,-0.307,-0.354,0.502,0.0471,0.0077,0.9582,stable
2026-01-01 00:56:09,23.520004,87.309989,-0.0027,-0.0104,1.0361,-0.188,0.091,0.701,-0.0137,0.0673,1.0281,stable
2026-01-01 00:56:10,23.520007,87.310019,0.0223,0.0338,1.0654,0.238,0.197,0.563,0.0391,-0.0162,0.9959,stable
2026-01-01 00:56:11,23.520004,87.309993,0.0302,0.0191,1.0357,-0.175,1.345,0.635,0.0317,0.0586,0.9752,stable
2026-01-01 00:56:12,23.520014,87.309999,0.0283,-0.0330,0.9954,0.673,0.190,1.099,0.0420,-0.0036,1.0006,stable
2026-01-01 00:56:13,23.519994,87.309999,0.0409,0.0278,1.0255,-0.319,0.294,0.704,0.0414,0.0292,1.0095,stable
2026-01-01 00:56:14,23.520011,87.310009,0.0158,-0.0351,1.0191,-1.339,0.765,0.425,0.0940,0.0406,1.0095,stable
2026-01-01 00:56:15,23.520012,87.309989,-0.0288,-0.0177,1.0115,0.613,1.687,0.229,0.0425,0.0769,0.9538,stable
2026-01-01 00:56:16,23.519986,87.309984,0.0072,0.0190,1.0178,1.079,2.972,0.570,0.0285,0.0143,1.0329,stable
2026-01-01 00:56:17,23.519999,87.310009,0.0327,0.0188,1.0300,0.861,-0.302,-0.329,0.0266,-0.0557,1.0329,stable
2026-01-01 00:56:18,23.519994,87.309992,0.0036,0.0086,0.9750,-0.179,-0.900,0.016,0.0203,-0.0085,1.0208,stable
2026-01-01 00:56:19,23.519999,87.309992,0.0161,0.0371,1.0196,0.581,1.497,0.590,0.0412,0.0491,0.9906,stable
2026-01-01 00:56:20,23.520005,87.309993,-0.0395,-0.0279,1.0142,0.380,1.751,-0.416,0.0021,-0.0080,1.0223,stable
2026-01-01 00:56:21,23.520006,87.310017,0.0142,0.0089,1.0163,0.973,1.303,-0.498,-0.0504,0.0012,0.9885,stable
2026-01-01 00:56:22,23.520007,87.309984,0.0335,0.0078,1.0143,-0.411,0.406,-0.749,0.0372,-0.0254,1.0519,stable
2026-01-01 00:56:23,23.520002,87.309977,-0.0248,0.0150,0.9530,1.248,-0.221,-0.142,-0.0092,0.0349,1.0215,stable
2026-01-01 00:56:24,23.520013,87.310004,-0.0099,0.0222,1.0218,-0.384,0.868,0.122,-0.0079,-0.0210,0.9715,stable
2026-01-01 00:56:25,23.519999,87.310015,-0.0014,-0.0386,1.0137,0.033,-0.302,0.384,0.0211,0.0648,1.0182,stable
2026-01-01 00:56:26,23.520008,87.309992,0.0316,-0.0105,0.9991,-0.297,-0.642,0.211,0.0269,0.0396,0.9730,stable
2026-01-01 00:56:27,23.519982,87.310001,0.0412,0.0046,1.0447,0.108,-1.668,-1.081,0.0130,0.0985,1.0069,stable
2026-01-01 00:56:28,23.519989,87.310006,-0.0035,-0.0482,0.9655,0.213,0.113,0.082,-0.0213,0.0736,0.9783,stable
2026-01-01 00:56:29,23.519998,87.310005,0.0428,-0.0022,1.0058,0.672,-1.600,0.401,0.0902,0.0578,1.0490,stable
2026-01-01 00:56:30,23.520009,87.310014,0.0316,0.0796,1.0128,-0.547,0.139,0.336,0.0211,-0.0028,0.9982,stable
2026-01-01 00:56:31,23.520007,87.310008,0.0362,0.0441,0.9807,0.691,-0.068,-0.312,0.0102,-0.0330,0.9693,stable
2026-01-01 00:56:32,23.519978,87.310003,0.0380,0.0553,0.9934,-1.729,0.778,0.012,0.0029,-0.0431,1.0118,stable
2026-01-01 00:56:33,23.519992,87.309973,0.0475,-0.0168,1.0085,0.774,-0.733,0.133,-0.0034,0.0204,0.9851,stable
2026-01-01 00:56:34,23.520012,87.310022,0.0555,0.0111,1.0739,0.488,-0.205,0.248,-0.0104,-0.0134,1.0131,stable
2026-01-01 00:56:35,23.520033,87.309980,0.0233,0.0150,0.9533,0.948,1.877,0.165,0.0664,-0.0012,1.0155,stable
2026-01-01 00:56:36,23.519984,87.310006,0.0472,0.0054,1.0282,-0.868,-1.484,-0.660,-0.0282,0.0284,1.0188,stable
2026-01-01 00:56:37,23.519982,87.309998,0.0364,0.0220,1.0245,1.085,1.868,0.134,0.0471,0.0077,0.9889,stable
2026-01-01 00:56:38,23.519999,87.309994,0.0142,0.0043,1.0366,0.094,-0.530,0.323,-0.0354,0.0010,1.0351,stable
2026-01-01 00:56:39,23.519988,87.310001,-0.0353,-0.0095,1.0079,-0.500,-0.331,0.794,0.0121,-0.0230,1.0107,stable
2026-01-01 00:56:40,23.520014,87.309989,0.0204,0.0371,0.9753,0.657,1.052,-0.480,0.0267,-0.0295,0.9420,stable
2026-01-01 00:56:41,23.520012,87.310001,0.0573,0.0544,0.9557,1.012,-1.136,-0.363,0.0579,0.0227,1.0461,stable
2026-01-01 00:56:42,23.520004,87.309981,0.0178,-0.0266,0.9914,0.332,0.133,1.412,0.1144,-0.0003,1.0440,stable
2026-01-01 00:56:43,23.519987,87.310016,0.0451,0.0096,1.0224,1.692,0.125,0.084,-0.0188,-0.0125,1.0140,stable
2026-01-01 00:56:44,23.519994,87.309997,-0.0457,0.0196,1.0473,0.473,0.747,-0.371,-0.0079,-0.0482,0.9786,stable
2026-01-01 00:56:45,23.519989,87.310009,0.0223,0.0565,1.0076,-1.776,-1.071,-0.761,-0.0241,0.0176,0.9431,stable
2026-01-01 00:56:46,23.520013,87.310005,0.0089,0.0171,1.0093,0.571,0.259,0.577,-0.0088,0.0466,1.0049,stable
2026-01-01 00:56:47,23.520001,87.310006,-0.0334,0.0565,1.0326,2.142,-1.239,0.895,-0.0084,0.0161,1.0526,stable
2026-01-01 00:56:48,23.520021,87.310020,0.0123,0.0388,0.9838,-0.376,-0.435,0.262,-0.0273,0.0133,0.9889,stable
2026-01-01 00:56:49,23.520021,87.310013,-0.0205,0.0693,1.0179,1.038,-0.529,0.264,0.0678,0.0003,1.0558,stable
2026-01-01 00:56:50,23.519991,87.310010,-0.0046,0.0067,0.9744,2.052,0.195,0.850,0.0146,-0.0039,1.0115,stable
2026-01-01 00:56:51,23.520010,87.310003,-0.0037,0.0117,1.0010,0.738,-0.045,1.033,0.0760,0.0088,1.0284,stable
2026-01-01 00:56:52,23.520001,87.310001,0.0082,0.0081,1.0168,0.714,1.377,0.369,0.0165,0.0281,1.0494,stable
2026-01-01 00:56:53,23.520009,87.310004,0.0378,0.0504,1.0040,-0.651,1.749,-0.009,-0.0595,-0.0046,1.0009,stable
2026-01-01 00:56:54,23.520010,87.310003,-0.0292,-0.0028,0.9868,1.042,0.767,0.185,-0.0057,-0.0008,1.0580,stable
2026-01-01 00:56:55,23.519991,87.309983,0.0313,0.0357,1.0040,0.930,0.449,0.609,0.0198,0.0163,0.9640,stable
2026-01-01 00:56:56,23.520009,87.310004,0.0192,-0.0229,0.9923,0.045,-0.380,0.866,0.0389,0.0448,0.9766,stable
2026-01-01 00:56:57,23.519992,87.310002,0.0087,0.0054,0.9936,1.441,1.690,0.442,-0.0038,-0.0291,1.0294,stable
2026-01-01 00:56:58,23.520011,87.309993,-0.0079,-0.0138,1.0100,0.796,-0.611,0.272,0.0262,-0.0110,1.0134,stable
2026-01-01 00:56:59,23.520002,87.310017,0.0041,-0.0243,1.0207,1.078,-0.016,-0.394,-0.0783,0.0025,1.0227,stable
2026-01-01 00:57:00,23.520016,87.309997,-0.0105,0.0475,1.0088,0.664,0.409,0.986,0.0553,0.0110,0.9981,stable
2026-01-01 00:57:01,23.520000,87.310012,0.0079,-0.0183,1.0345,1.362,0.721,0.155,0.0288,0.0434,1.0102,stable
2026-01-01 00:57:02,23.519999,87.309992,0.0030,0.0354,1.0268,-0.156,0.767,0.069,0.0304,0.0038,1.0634,stable
2026-01-01 00:57:03,23.519986,87.309994,-0.0306,-0.0180,1.0015,0.963,-0.597,-0.347,0.0342,0.0305,1.0100,stable
2026-01-01 00:57:04,23.519996,87.310002,0.0343,-0.0050,1.0172,0.375,0.078,-0.232,0.0384,0.0191,0.9487,stable
2026-01-01 00:57:05,23.520002,87.310013,0.0538,-0.0286,1.0222,0.703,-0.034,-0.592,0.0326,0.0152,1.0010,stable
2026-01-01 00:57:06,23.519998,87.309995,-0.0388,0.0277,0.9978,1.531,0.205,0.545,0.0036,-0.0401,0.9987,stable
2026-01-01 00:57:07,23.519999,87.309995,0.0146,0.0134,1.0233,0.061,-1.031,0.192,0.0133,0.0691,1.0767,stable
2026-01-01 00:57:08,23.519967,87.309997,0.0086,-0.0397,1.0386,-0.367,1.119,1.022,-0.0188,0.0088,1.0412,stable
2026-01-01 00:57:09,23.520005,87.309993,0.0312,-0.0058,1.0128,0.530,0.561,0.678,0.1061,-0.0303,1.0170,stable
2026-01-01 00:57:10,23.520022,87.310012,-0.0046,0.0390,1.0203,1.226,-1.093,-0.154,0.0439,-0.0358,0.9957,stable
2026-01-01 00:57:11,23.519983,87.310005,0.0424,0.0125,1.0252,1.076,0.773,0.595,0.0136,0.0636,1.0388,stable
2026-01-01 00:57:12,23.519997,87.309999,0.0481,0.0658,0.9825,-0.101,0.425,0.113,0.0354,-0.0232,0.9772,stable
2026-01-01 00:57:13,23.520007,87.309994,0.0449,0.0140,0.9469,1.038,1.843,-0.081,0.0432,0.0443,1.0161,stable
2026-01-01 00:57:14,23.520013,87.310015,0.0160,0.0172,1.0121,-0.970,0.993,0.419,0.0479,-0.0295,1.0118,stable
2026-01-01 00:57:15,23.519986,87.310009,0.0086,-0.0094,0.9819,-1.307,0.471,0.197,-0.0045,-0.0207,1.0017,stable
2026-01-01 00:57:16,23.519981,87.310014,-0.0241,0.0187,1.0508,0.126,-0.402,-0.078,-0.0198,0.0180,0.9977,stable
2026-01-01 00:57:17,23.520002,87.309990,0.0253,0.0016,1.0297,0.746,0.160,-0.150,-0.0256,-0.0038,1.0319,stable
2026-01-01 00:57:18,23.520012,87.309993,0.0097,0.0375,0.9837,0.098,-0.014,0.502,0.0306,0.0568,0.9714,stable
2026-01-01 00:57:19,23.519975,87.309999,-0.0015,0.0397,0.9993,0.133,-0.741,-0.835,0.0305,0.0641,1.0120,stable
2026-01-01 00:57:20,23.520016,87.310014,0.0453,0.0021,0.9754,1.033,-0.320,-0.351,-0.0612,-0.0245,1.0210,stable
2026-01-01 00:57:21,23.520000,87.310018,0.0136,-0.0441,0.9857,-0.012,-1.425,0.273,0.0546,0.0532,1.0307,stable
2026-01-01 00:57:22,23.519996,87.310009,0.0418,-0.0022,1.0148,0.775,1.866,0.142,-0.0155,0.0295,0.9825,stable
2026-01-01 00:57:23,23.519998,87.309999,-0.0434,-0.0398,1.0154,0.617,0.196,0.338,-0.0001,-0.0179,0.9914,stable
2026-01-01 00:57:24,23.520025,87.310011,0.0357,-0.0184,0.9937,1.583,0.782,0.696,-0.0434,-0.0045,0.9976,stable
2026-01-01 00:57:25,23.520007,87.309995,0.0023,-0.0459,1.0374,1.344,-1.980,1.513,-0.0015,0.0202,0.9818,stable
2026-01-01 00:57:26,23.519984,87.309997,0.0061,-0.0302,1.0022,0.177,1.108,1.196,0.0067,0.0004,1.0203,stable
2026-01-01 00:57:27,23.519991,87.310001,0.0575,0.0409,1.0214,-0.541,-0.086,0.864,0.0304,-0.0010,1.0153,stable
2026-01-01 00:57:28,23.519986,87.309985,-0.0114,0.0474,0.9808,1.248,0.466,0.270,0.0041,0.0600,0.9874,stable
2026-01-01 00:57:29,23.519988,87.309982,0.0714,0.0179,1.0056,0.410,0.638,0.102,-0.0824,0.0337,0.9965,stable
2026-01-01 00:57:30,23.520006,87.310013,-0.0054,0.0375,1.0111,-0.564,1.351,0.533,0.0059,0.0262,0.9939,stable
2026-01-01 00:57:31,23.520003,87.309995,0.0358,0.0390,0.9998,-0.330,0.296,-0.194,0.0011,0.0594,1.0183,stable
2026-01-01 00:57:32,23.520001,87.310003,0.0430,0.0258,1.0215,-0.375,0.504,0.344,0.0299,0.0439,0.9734,stable
2026-01-01 00:57:33,23.519988,87.309988,0.0353,-0.0088,1.0106,0.558,-1.906,-0.599,0.0823,0.0045,0.9896,stable
2026-01-01 00:57:34,23.520007,87.310000,0.0275,0.0382,1.0383,2.011,0.738,-0.420,0.0543,-0.0168,0.9677,stable
2026-01-01 00:57:35,23.520011,87.310000,0.0596,0.0331,1.0188,0.072,1.349,0.823,0.0402,-0.0526,1.0039,stable
2026-01-01 00:57:36,23.519989,87.309995,0.0145,-0.0132,1.0248,0.391,0.814,0.382,0.0007,0.0586,1.0032,stable
2026-01-01 00:57:37,23.520007,87.309995,0.0049,0.0057,1.0017,0.267,0.856,0.456,0.0272,-0.0154,1.0110,stable
2026-01-01 00:57:38,23.520010,87.309981,0.0259,0.0639,1.0279,0.593,0.688,-0.589,0.0295,0.0918,0.9950,stable
2026-01-01 00:57:39,23.519993,87.309999,-0.0195,0.0020,1.0293,0.574,0.643,-1.488,0.0016,-0.0271,1.0233,stable
2026-01-01 00:57:40,23.520003,87.310012,0.0223,0.0047,1.0373,1.102,0.453,-0.080,-0.0307,0.0612,0.9920,stable
2026-01-01 00:57:41,23.520020,87.310007,0.0419,-0.0002,1.0208,-1.006,-0.176,0.493,0.0304,0.0448,0.9942,stable
2026-01-01 00:57:42,23.520000,87.310003,0.0532,-0.0448,0.9989,-0.673,1.102,-0.010,0.0488,-0.0145,1.0093,stable
2026-01-01 00:57:43,23.519989,87.310005,0.0202,0.0453,0.9881,0.744,0.944,-0.663,-0.0046,0.0701,1.0210,stable
2026-01-01 00:57:44,23.519992,87.309993,0.0171,-0.0314,0.9962,0.169,0.175,0.339,-0.0075,0.0049,1.0066,stable
2026-01-01 00:57:45,23.519993,87.310002,0.0115,0.0384,1.0079,-1.112,0.368,0.880,0.0439,0.0767,0.9932,stable
2026-01-01 00:57:46,23.519986,87.310027,-0.0050,0.0271,1.0039,0.609,0.058,-0.876,-0.0307,-0.0021,1.0306,stable
2026-01-01 00:57:47,23.520020,87.309995,-0.0156,0.0254,1.0113,-0.502,0.858,0.589,0.0035,-0.0437,1.0430,stable
2026-01-01 00:57:48,23.520012,87.310006,0.0628,-0.0055,1.0356,0.839,0.876,0.005,0.0136,-0.0513,1.0161,stable
2026-01-01 00:57:49,23.520003,87.310009,0.0308,0.0044,0.9931,-1.022,1.684,-0.271,0.0569,-0.0140,1.0177,stable
2026-01-01 00:57:50,23.519989,87.310005,-0.0054,0.0040,1.0021,0.819,1.698,0.470,0.0630,-0.0293,1.0272,stable
2026-01-01 00:57:51,23.520011,87.310004,0.0421,-0.0172,1.0004,0.264,1.356,0.336,-0.0076,0.0297,1.0237,stable
2026-01-01 00:57:52,23.520023,87.310029,0.0351,0.0137,0.9774,0.061,1.897,-0.340,-0.0168,0.0177,1.0259,stable
2026-01-01 00:57:53,23.519993,87.309997,-0.0041,-0.0203,1.0117,1.719,0.369,0.594,0.0433,0.0472,0.9992,stable
2026-01-01 00:57:54,23.519998,87.310013,0.0128,0.0472,0.9729,-0.617,-0.529,0.322,-0.0766,0.0053,0.9555,stable
2026-01-01 00:57:55,23.520000,87.309995,0.0571,0.0428,1.0516,1.649,0.824,-0.501,0.0874,0.0687,0.9995,stable
2026-01-01 00:57:56,23.519987,87.310000,-0.0350,0.0101,0.9835,0.521,0.361,0.382,0.0566,0.0250,1.0198,stable
2026-01-01 00:57:57,23.520008,87.310003,-0.0019,-0.0027,1.0167,0.747,1.132,0.923,0.0111,-0.0092,1.0158,stable
2026-01-01 00:57:58,23.519996,87.310008,0.0209,0.0196,1.0306,-0.846,-0.356,0.771,0.1034,-0.0205,1.0197,stable
2026-01-01 00:57:59,23.520008,87.309992,0.0547,0.0142,1.0009,0.396,0.405,-0.272,-0.0116,-0.0045,1.0218,stable
2026-01-01 00:58:00,23.519984,87.310008,0.0639,0.0134,0.9960,1.012,-0.652,-0.598,0.0547,0.0531,0.9930,stable
2026-01-01 00:58:01,23.519999,87.310019,0.0490,0.0137,1.0094,1.456,1.224,0.865,-0.0868,-0.0100,0.9986,stable
2026-01-01 00:58:02,23.520010,87.310003,0.0231,0.0507,0.9915,1.783,0.273,0.877,0.0097,0.0117,0.9834,stable
2026-01-01 00:58:03,23.519993,87.309988,-0.0190,0.0792,1.0259,1.403,-0.402,-0.088,0.0167,-0.0068,0.9618,stable
2026-01-01 00:58:04,23.519988,87.309994,0.0288,-0.0316,1.0131,-0.280,-0.834,0.520,0.0751,0.0481,1.0066,stable
2026-01-01 00:58:05,23.520006,87.309995,0.0215,-0.0379,1.0123,-0.242,0.453,0.473,0.0313,0.0462,1.0189,stable
2026-01-01 00:58:06,23.519997,87.309987,-0.0651,0.0223,1.0351,0.713,-0.693,0.626,0.0026,0.0275,1.0374,stable
2026-01-01 00:58:07,23.520009,87.309992,-0.0005,0.0153,1.0352,0.496,0.384,0.902,0.0523,0.0203,1.0029,stable
2026-01-01 00:58:08,23.520009,87.309998,-0.0030,0.0210,0.9965,0.567,1.521,1.021,0.0054,0.1164,0.9951,stable
2026-01-01 00:58:09,23.519994,87.310006,0.0065,-0.0069,1.0256,0.759,0.139,2.064,0.0205,0.0720,0.9537,stable
2026-01-01 00:58:10,23.519998,87.310004,0.0268,-0.0237,1.0350,0.861,0.943,-0.530,0.0053,-0.0379,0.9647,stable
2026-01-01 00:58:11,23.520017,87.309998,-0.0021,-0.0134,1.0014,0.667,-1.426,0.962,0.0847,0.0066,0.9889,stable
2026-01-01 00:58:12,23.520014,87.310008,-0.0020,0.0303,0.9978,0.179,0.873,-0.015,0.0270,0.0249,1.0322,stable
2026-01-01 00:58:13,23.520007,87.309987,0.0386,0.0192,1.0027,1.258,0.051,0.630,0.0103,0.0173,1.0028,stable
2026-01-01 00:58:14,23.520005,87.309991,0.0461,0.0286,1.0061,-1.023,-0.791,-0.089,0.0389,0.0319,1.0145,stable
2026-01-01 00:58:15,23.519982,87.309984,-0.0182,-0.0034,0.9892,-0.062,-0.422,-0.139,0.0263,0.0252,1.0317,stable
2026-01-01 00:58:16,23.519997,87.309998,0.0155,-0.0022,0.9922,1.386,-0.210,-0.132,0.0744,-0.0422,0.9915,stable
2026-01-01 00:58:17,23.520000,87.310016,-0.0251,-0.0010,0.9979,0.830,1.873,1.343,0.0171,0.0167,0.9994,stable
2026-01-01 00:58:18,23.520012,87.310010,-0.0321,-0.0006,1.0114,-0.340,-0.240,0.610,-0.0196,0.0066,1.0357,stable
2026-01-01 00:58:19,23.519987,87.309996,0.0086,0.0600,1.0399,-0.732,-0.339,0.610,0.0147,-0.0129,0.9992,stable
2026-01-01 00:58:20,23.519988,87.309999,0.0713,0.1022,1.0421,0.265,1.321,1.610,0.0050,0.0561,1.0408,low
2026-01-01 00:58:21,23.519986,87.309996,0.0353,-0.0127,0.9874,1.252,-0.297,1.734,0.0372,-0.0111,1.0425,low
2026-01-01 00:58:22,23.519982,87.309976,0.0518,0.0816,1.0313,0.764,0.894,0.386,0.0588,0.0586,1.0030,low
2026-01-01 00:58:23,23.520014,87.309993,0.0296,0.0765,1.0250,0.468,-0.024,1.028,0.0186,0.0137,0.9934,low
2026-01-01 00:58:24,23.519993,87.309998,0.0582,-0.0028,1.0038,0.421,0.809,0.463,0.0394,-0.0094,1.0046,low
2026-01-01 00:58:25,23.519992,87.310002,0.0705,0.0222,1.0154,1.384,0.880,1.635,0.0643,0.0436,0.9934,low
2026-01-01 00:58:26,23.520013,87.310018,-0.0253,0.0130,1.0129,2.499,1.096,1.159,0.1040,-0.0160,1.0420,low
2026-01-01 00:58:27,23.519999,87.310002,0.0668,0.0075,1.0275,-0.228,1.735,0.879,0.1346,0.0268,0.9863,low
2026-01-01 00:58:28,23.519994,87.310013,0.0522,0.0360,1.0066,1.843,-0.703,0.321,0.0315,-0.0297,1.0333,low
2026-01-01 00:58:29,23.519998,87.310002,0.0319,0.0325,1.0017,0.846,1.338,0.782,0.0616,0.0557,1.0422,low
2026-01-01 00:58:30,23.520000,87.309993,0.0636,0.0393,1.0138,1.198,0.553,-0.533,0.0852,0.0657,0.9964,low
2026-01-01 00:58:31,23.519998,87.309994,0.0686,0.0601,1.0379,2.151,0.869,2.198,0.0083,0.0466,1.0175,low
2026-01-01 00:58:32,23.520007,87.309996,0.0643,0.0583,1.0423,1.172,2.612,0.176,0.0165,0.0221,1.0575,low
2026-01-01 00:58:33,23.520002,87.310006,0.0350,0.0309,1.0344,1.268,1.096,0.767,0.0428,0.0510,0.9857,low
2026-01-01 00:58:34,23.519991,87.309986,0.0479,0.0278,1.0043,1.239,3.520,0.946,0.0451,-0.0008,1.0440,low
2026-01-01 00:58:35,23.519981,87.310005,0.0908,-0.0048,0.9794,0.897,0.977,-0.461,0.0708,0.0352,1.0147,low
2026-01-01 00:58:36,23.520014,87.309998,0.0321,0.0334,1.0161,0.652,1.109,0.890,0.0783,0.0067,1.0315,low
2026-01-01 00:58:37,23.519999,87.310003,0.0533,0.0384,1.0186,-0.616,1.815,1.674,0.0985,0.0200,1.0676,low
2026-01-01 00:58:38,23.519991,87.309980,0.0471,0.0196,1.0269,-0.449,1.415,0.711,0.0916,0.0235,1.0667,low
2026-01-01 00:58:39,23.519992,87.309996,0.0197,0.0637,1.0089,1.855,0.034,0.252,0.0274,0.0664,1.0376,low
2026-01-01 00:58:40,23.519992,87.310000,0.0376,0.0288,1.0477,0.679,0.465,0.855,0.0548,0.0086,0.9878,low
2026-01-01 00:58:41,23.519993,87.309988,0.0497,0.0201,1.0237,2.010,-0.318,-0.418,0.0584,0.0372,1.0310,low
2026-01-01 00:58:42,23.520004,87.310022,0.0568,0.0631,1.0538,1.759,0.685,0.102,-0.0154,0.0264,0.9822,low
2026-01-01 00:58:43,23.520009,87.309998,0.0239,0.0006,1.0074,-0.170,0.945,0.681,0.1543,-0.0078,0.9871,low
2026-01-01 00:58:44,23.520013,87.309993,0.0339,0.0130,1.0164,0.684,0.924,0.481,0.0585,0.0960,1.0408,low
2026-01-01 00:58:45,23.519982,87.309974,0.0620,0.0280,1.0057,0.260,0.380,1.403,0.1002,0.0967,1.0095,low
2026-01-01 00:58:46,23.520011,87.309995,0.0388,0.0329,1.0300,0.988,0.547,1.487,0.0724,0.0910,1.0584,low
2026-01-01 00:58:47,23.520002,87.310000,0.0045,0.0489,1.0371,0.507,-0.416,1.911,0.0695,0.0681,1.0315,low
2026-01-01 00:58:48,23.520001,87.309989,0.0843,0.0166,1.0356,1.261,0.450,1.148,0.0780,-0.0005,1.0309,low
2026-01-01 00:58:49,23.519997,87.310004,0.0661,0.0674,1.0526,1.867,1.471,0.323,0.0787,0.0951,1.0123,low
2026-01-01 00:58:50,23.519997,87.310005,0.0289,0.0271,1.0319,0.262,0.287,0.624,0.0201,0.0256,1.0422,low
2026-01-01 00:58:51,23.520000,87.310001,0.0134,0.0470,1.0287,0.694,1.228,0.177,0.0251,0.0615,0.9907,low
2026-01-01 00:58:52,23.520028,87.309982,0.0084,0.0513,1.0287,-0.156,0.927,0.341,0.1002,0.1064,0.9866,low
2026-01-01 00:58:53,23.520004,87.309998,0.0057,0.0891,1.0055,1.440,0.462,0.272,0.1448,0.1511,1.0173,low
2026-01-01 00:58:54,23.520020,87.310000,0.0190,0.0493,0.9907,2.364,1.272,1.669,0.0742,0.0296,1.0210,low
2026-01-01 00:58:55,23.520001,87.309991,0.0678,0.0473,0.9795,1.119,0.664,1.273,0.0569,0.0093,1.0349,low
2026-01-01 00:58:56,23.520007,87.310012,0.0598,0.0587,1.0516,1.524,-0.046,1.180,0.1196,0.0394,1.0139,low
2026-01-01 00:58:57,23.519975,87.310004,0.0339,0.0136,1.0216,1.028,1.561,0.155,0.0473,0.1230,1.0019,low
2026-01-01 00:58:58,23.520012,87.310009,0.0678,0.0282,1.0100,1.265,3.211,0.180,0.1328,0.0737,1.0081,low
2026-01-01 00:58:59,23.520000,87.309987,0.0269,0.0030,1.0015,0.273,-0.204,1.854,0.1048,0.0180,0.9993,low
2026-01-01 00:59:00,23.520011,87.310012,0.0298,0.0144,1.0202,1.022,0.624,1.427,0.0857,0.0461,0.9953,low
2026-01-01 00:59:01,23.519995,87.309997,0.0849,0.0382,1.0473,1.284,0.532,-0.678,0.1101,0.0647,1.0351,low
2026-01-01 00:59:02,23.519993,87.310015,0.0358,0.0256,0.9818,1.402,0.833,1.000,0.0229,-0.0241,1.0302,low
2026-01-01 00:59:03,23.520021,87.310009,0.0436,0.0343,1.0116,1.195,1.849,0.750,0.0492,0.0617,0.9903,low
2026-01-01 00:59:04,23.520009,87.309995,0.0439,0.0441,0.9985,1.029,1.090,0.463,0.0684,0.0653,1.0277,low
2026-01-01 00:59:05,23.520002,87.309993,0.0689,0.0340,1.0220,0.383,1.455,-1.245,0.0486,0.0368,1.0312,low
2026-01-01 00:59:06,23.520009,87.309994,0.0417,0.0564,1.0142,1.381,0.330,0.938,0.0334,0.0650,1.0062,low
2026-01-01 00:59:07,23.519991,87.310006,0.0123,0.0539,1.0433,1.435,0.589,0.458,0.0894,0.0859,0.9829,low
2026-01-01 00:59:08,23.519989,87.310010,0.0764,0.0104,1.0148,0.629,0.826,0.569,0.0576,0.0588,1.0433,low
2026-01-01 00:59:09,23.519987,87.310014,0.0521,0.0553,0.9939,0.409,0.275,0.404,0.0593,0.0184,1.0282,low
2026-01-01 00:59:10,23.520003,87.310009,0.0242,0.0124,1.0294,1.949,-0.017,0.568,0.1150,0.0473,1.0397,low
2026-01-01 00:59:11,23.520003,87.309999,0.0450,0.0240,1.0169,-0.070,0.805,0.429,0.0487,0.0163,1.0020,low
2026-01-01 00:59:12,23.519997,87.309995,0.0520,0.0585,1.0245,1.230,0.829,-0.312,0.0686,0.0828,1.0271,low
2026-01-01 00:59:13,23.520001,87.310001,0.0945,-0.0187,1.0135,-0.094,0.817,0.288,0.0773,0.0370,1.0541,low
2026-01-01 00:59:14,23.520013,87.310016,0.0327,0.0701,0.9918,1.377,0.602,-0.362,0.0580,0.0482,1.0201,low
2026-01-01 00:59:15,23.519991,87.309982,0.0532,0.0603,1.0302,2.379,1.969,0.633,0.1235,0.0515,0.9944,low
2026-01-01 00:59:16,23.520004,87.310007,0.0523,0.0412,1.0520,0.022,-0.690,0.816,0.1094,0.0835,1.0362,low
2026-01-01 00:59:17,23.519994,87.310029,0.0642,0.0840,0.9965,0.222,1.500,1.501,0.0239,0.0090,1.0521,low
2026-01-01 00:59:18,23.519993,87.309999,-0.0057,0.0357,1.0477,0.889,1.301,1.557,0.0373,0.0072,1.0105,low
2026-01-01 00:59:19,23.520000,87.310009,0.0595,-0.0046,1.0247,1.244,1.147,0.890,0.0578,0.0492,1.0309,low
2026-01-01 00:59:20,23.519985,87.310007,0.0158,0.0024,1.0244,0.771,0.719,0.257,-0.0251,0.0169,1.0586,low
2026-01-01 00:59:21,23.520004,87.309999,0.0859,-0.0083,1.0225,0.976,0.408,1.386,0.0611,0.0300,1.0253,low
2026-01-01 00:59:22,23.520021,87.309992,0.0440,0.0599,1.0358,1.046,0.043,0.274,0.0900,0.0968,1.0750,low
2026-01-01 00:59:23,23.520004,87.310002,0.0200,0.0461,1.0284,0.420,-0.065,0.340,0.1224,0.0186,1.0155,low
2026-01-01 00:59:24,23.519997,87.310008,0.0351,0.0093,1.0176,0.941,1.575,0.292,0.1109,-0.0027,1.0158,low
2026-01-01 00:59:25,23.519991,87.309986,0.0864,0.0669,1.0039,0.753,1.803,0.595,0.0323,0.0367,1.0372,low
2026-01-01 00:59:26,23.520002,87.310011,-0.0115,-0.0103,1.0118,0.432,0.287,-1.626,0.0698,0.0437,0.9360,low
2026-01-01 00:59:27,23.519964,87.310000,0.0622,0.0352,1.0253,2.362,1.260,-0.239,0.0899,-0.0033,1.0248,low
2026-01-01 00:59:28,23.519999,87.310005,0.0527,0.0955,1.0082,-0.541,1.505,0.226,0.0325,0.0506,1.0073,low
2026-01-01 00:59:29,23.519982,87.310001,0.0669,0.0714,1.0000,0.251,0.019,0.718,0.0598,0.0832,1.0234,low
2026-01-01 00:59:30,23.519993,87.310010,0.0776,0.0293,1.0017,2.221,0.023,2.090,0.0356,0.0543,1.0187,low
2026-01-01 00:59:31,23.519989,87.310001,0.0164,0.0446,1.0108,0.926,-0.226,0.316,-0.0086,0.0387,1.0357,low
2026-01-01 00:59:32,23.520020,87.310015,0.0312,0.0230,1.0534,0.982,0.332,1.245,0.0970,0.0229,1.0245,low
2026-01-01 00:59:33,23.519989,87.309984,-0.0256,0.0068,1.0507,1.741,0.342,-0.175,0.0591,0.0019,1.0034,low
2026-01-01 00:59:34,23.520010,87.309982,0.0355,0.0174,1.0191,1.499,1.959,0.837,-0.0230,0.0817,1.0097,low
2026-01-01 00:59:35,23.520008,87.310001,0.0237,0.0209,1.0266,1.678,0.260,-0.057,0.0193,-0.0136,1.0377,low
2026-01-01 00:59:36,23.519981,87.310000,0.0393,-0.0317,1.0284,1.535,0.643,-0.420,0.0559,0.0848,1.0102,low
2026-01-01 00:59:37,23.519998,87.310012,0.0916,0.0038,1.0098,0.664,1.156,-1.328,0.0398,0.0991,1.0278,low
2026-01-01 00:59:38,23.519990,87.310009,0.0561,0.0102,1.0204,2.729,1.852,0.034,0.0354,0.0281,1.0024,low
2026-01-01 00:59:39,23.520011,87.310004,0.0499,0.0264,1.0136,3.252,0.908,0.002,0.0386,0.0577,1.0295,low
2026-01-01 00:59:40,23.519993,87.310006,0.0320,0.0384,1.0218,0.504,1.441,0.016,0.0435,0.0248,1.0625,low
2026-01-01 00:59:41,23.519995,87.309992,0.0154,0.0566,0.9932,0.035,0.869,-0.079,0.0662,0.0088,1.0487,low
2026-01-01 00:59:42,23.520015,87.309983,0.0764,0.0611,1.0303,-0.771,2.153,0.357,0.0574,0.0531,1.0036,low
2026-01-01 00:59:43,23.519993,87.310020,0.0568,0.0820,1.0153,1.380,0.920,0.808,0.1220,0.0611,0.9976,low
2026-01-01 00:59:44,23.520014,87.309994,0.0982,0.1200,0.9995,1.962,-0.270,0.102,0.1170,0.0358,0.9914,low
2026-01-01 00:59:45,23.520013,87.309996,0.0504,-0.0082,1.0513,1.046,0.472,0.959,0.1451,0.0444,1.0304,low
2026-01-01 00:59:46,23.520010,87.309995,0.0680,0.0343,0.9885,1.113,0.486,-0.107,0.0874,0.0091,1.0337,low
2026-01-01 00:59:47,23.519990,87.309998,0.0727,0.0367,0.9708,0.458,0.953,-0.245,0.0095,0.0988,1.0441,low
2026-01-01 00:59:48,23.519991,87.310010,0.0165,0.0301,1.0219,2.233,-0.799,0.829,0.0489,0.0250,1.0061,low
2026-01-01 00:59:49,23.519988,87.309976,0.0514,0.0648,1.0316,1.671,-0.025,1.721,0.0188,0.0295,1.0308,low
2026-01-01 00:59:50,23.519999,87.309984,0.0349,0.0139,1.0194,0.435,1.884,0.595,0.1305,-0.0615,1.0474,low
2026-01-01 00:59:51,23.520005,87.310001,0.0390,0.0435,0.9930,0.898,2.724,-0.422,-0.0060,-0.0322,1.0063,low
2026-01-01 00:59:52,23.519993,87.309992,0.0482,0.0034,0.9824,0.700,0.945,0.536,-0.0359,0.0060,1.0102,low
2026-01-01 00:59:53,23.520006,87.309997,0.0729,0.0529,1.0335,1.475,2.554,0.515,0.0399,0.0425,0.9836,low
2026-01-01 00:59:54,23.519986,87.309998,-0.0040,0.0586,1.0433,1.273,2.242,1.252,0.0846,0.0058,1.0031,low
2026-01-01 00:59:55,23.520006,87.310012,0.0266,0.0260,1.0336,0.817,1.199,1.959,0.0717,0.0724,0.9881,low
2026-01-01 00:59:56,23.519991,87.309989,0.0604,0.0584,1.0412,1.228,0.913,1.321,0.1109,0.0822,1.0100,low
2026-01-01 00:59:57,23.519994,87.309993,0.0941,0.0038,1.0034,1.350,0.992,0.514,0.0463,0.0069,1.0413,low
2026-01-01 00:59:58,23.520008,87.310003,0.0007,0.0652,1.0678,1.690,1.763,1.162,0.0478,0.0299,0.9970,low
2026-01-01 00:59:59,23.520001,87.310013,0.0485,0.0328,1.0052,-0.242,-0.158,0.553,0.1524,0.0701,0.9817,low
2026-01-01 01:00:00,23.520012,87.309989,0.0778,0.0252,1.0091,0.987,2.409,0.036,0.0266,-0.0162,1.0046,low
2026-01-01 01:00:01,23.520004,87.310008,0.0642,0.0210,1.0109,1.528,0.232,1.951,0.0602,0.0487,1.0021,low
2026-01-01 01:00:02,23.519994,87.309991,0.0446,0.0376,1.0134,0.700,0.864,0.046,0.0095,-0.0080,1.0482,low
2026-01-01 01:00:03,23.520001,87.310010,0.0654,0.0241,1.0299,1.151,1.051,0.722,0.0768,0.0459,1.0592,low
2026-01-01 01:00:04,23.520005,87.310009,0.0740,-0.0177,1.0228,2.215,1.649,1.802,0.1263,0.1236,1.0449,low
2026-01-01 01:00:05,23.519999,87.309995,0.0587,0.0313,1.0511,1.151,-0.177,0.865,0.1166,0.0001,1.0968,low
2026-01-01 01:00:06,23.519998,87.310008,0.0921,0.0625,1.0145,1.651,0.022,0.652,0.0161,0.0169,1.0303,low
2026-01-01 01:00:07,23.520020,87.309992,0.0306,0.0256,1.0075,1.252,1.639,0.263,0.0697,0.0278,1.0154,low
2026-01-01 01:00:08,23.520003,87.309987,0.0417,0.0434,1.0314,1.004,-0.816,1.302,0.0782,0.0666,1.0121,low
2026-01-01 01:00:09,23.520016,87.309998,0.0377,0.0115,0.9590,-0.309,2.548,0.690,0.0250,0.1461,1.0106,low
2026-01-01 01:00:10,23.520006,87.310025,0.0514,0.0494,1.0023,0.186,0.881,1.321,0.0971,0.0459,1.0280,low
2026-01-01 01:00:11,23.520000,87.310005,0.0970,0.0510,1.0299,0.309,-0.258,1.115,0.0672,0.0154,1.0069,low
2026-01-01 01:00:12,23.519988,87.309999,0.1110,0.0405,1.0122,1.465,0.317,0.537,0.0582,0.0102,1.0032,low
2026-01-01 01:00:13,23.520007,87.310003,0.0291,0.0053,1.0476,0.716,2.024,-0.501,0.0332,0.0958,1.0968,low
2026-01-01 01:00:14,23.520017,87.310005,-0.0412,0.0399,1.0198,0.836,1.445,0.931,0.0232,0.0136,1.0191,low
2026-01-01 01:00:15,23.520010,87.309984,0.0546,0.0698,1.0446,0.612,0.557,1.056,-0.0107,0.0592,1.0507,low
2026-01-01 01:00:16,23.519981,87.309997,0.0471,0.0193,1.0165,0.361,1.053,1.124,0.0465,0.0392,0.9998,low
2026-01-01 01:00:17,23.520014,87.310002,-0.0061,0.0282,1.0353,2.183,0.589,0.364,0.0458,-0.0183,1.0324,low
2026-01-01 01:00:18,23.519997,87.310009,0.0180,0.0879,1.0331,1.557,0.582,1.043,0.0525,0.0665,1.0208,low
2026-01-01 01:00:19,23.520018,87.309996,0.0645,0.0178,1.0420,-1.051,1.048,-0.048,0.1203,0.0294,1.0256,low
2026-01-01 01:00:20,23.519996,87.309993,0.0589,0.0261,1.0536,1.349,2.121,0.394,0.0483,0.0511,1.0556,low
2026-01-01 01:00:21,23.519997,87.309984,0.0035,0.0198,1.0127,1.214,1.183,0.467,0.1125,0.0767,0.9852,low
2026-01-01 01:00:22,23.520004,87.309994,0.0201,0.0687,1.0244,0.565,1.593,0.570,0.0138,0.1121,1.0193,low
2026-01-01 01:00:23,23.520015,87.309986,0.0586,0.0980,1.0279,0.139,0.996,0.357,0.0807,0.0172,1.0849,low
2026-01-01 01:00:24,23.519996,87.309998,0.0837,0.0435,1.0214,1.990,1.096,0.830,0.1198,0.0290,0.9976,low
2026-01-01 01:00:25,23.519998,87.309991,0.0119,-0.0177,0.9989,0.997,1.055,1.016,0.0199,0.0719,1.0054,low
2026-01-01 01:00:26,23.520007,87.310005,0.0544,0.0411,1.0081,-0.442,0.871,1.882,-0.0418,0.0398,1.0476,low
2026-01-01 01:00:27,23.519999,87.309999,0.0205,0.0297,0.9996,2.944,0.864,1.263,0.1264,0.1065,1.0055,low
2026-01-01 01:00:28,23.520010,87.309993,0.0442,0.0050,1.0183,0.655,-0.299,1.329,-0.0218,0.0710,1.0034,low
2026-01-01 01:00:29,23.520011,87.310000,0.0980,0.0197,1.0629,1.834,-0.317,0.100,0.0719,0.0740,1.0247,low
2026-01-01 01:00:30,23.519978,87.309991,0.0264,0.0308,1.0175,1.059,0.727,0.392,0.0276,0.0490,1.0212,low
2026-01-01 01:00:31,23.520013,87.309996,0.0535,0.0523,0.9862,0.885,0.184,1.234,0.0592,0.0364,1.0118,low
2026-01-01 01:00:32,23.519991,87.309997,0.0793,0.0717,0.9784,1.351,1.909,1.108,-0.0327,0.0444,1.0190,low
2026-01-01 01:00:33,23.519986,87.310006,0.0649,0.0242,1.0236,2.136,1.413,0.246,0.0386,0.0037,1.0268,low
2026-01-01 01:00:34,23.520001,87.310006,0.0286,0.0561,0.9779,1.268,0.516,1.657,0.0539,0.0772,1.0455,low
2026-01-01 01:00:35,23.520005,87.310003,0.0819,-0.0177,1.0450,0.142,1.142,0.855,0.0230,0.0599,1.0383,low
2026-01-01 01:00:36,23.519996,87.309999,0.0648,0.0270,1.0533,1.488,2.563,0.233,0.0012,0.0568,1.0170,low
2026-01-01 01:00:37,23.520015,87.309983,0.0327,0.0629,1.0253,2.597,1.094,1.289,0.0426,0.1037,1.0308,low
2026-01-01 01:00:38,23.520005,87.310003,0.0194,0.0033,1.0342,-0.127,0.632,0.181,0.0591,0.0224,0.9942,low
2026-01-01 01:00:39,23.520008,87.309991,0.0645,0.0661,1.0262,1.837,1.104,0.620,0.0128,0.0819,1.0814,low
2026-01-01 01:00:40,23.520011,87.310012,0.0220,0.0903,1.0075,1.552,0.392,-0.303,0.0896,0.0465,1.0371,low
2026-01-01 01:00:41,23.519998,87.309990,0.0739,0.0109,1.0201,1.266,1.102,0.446,0.1154,0.0613,1.0195,low
2026-01-01 01:00:42,23.520001,87.310027,0.0450,0.0577,1.0136,0.901,1.337,0.460,0.0443,0.0620,1.0056,low
2026-01-01 01:00:43,23.520020,87.310008,0.0032,0.0385,1.0484,1.034,0.440,0.046,0.0128,-0.0450,1.0215,low
2026-01-01 01:00:44,23.520011,87.310002,0.0379,0.0622,0.9859,0.242,1.182,0.942,0.0442,0.1105,0.9946,low
2026-01-01 01:00:45,23.519985,87.310005,-0.0133,0.0224,1.0183,2.471,1.326,0.395,0.0724,-0.0368,1.0122,low
2026-01-01 01:00:46,23.519992,87.310014,0.0103,0.0441,0.9978,0.859,0.980,1.237,-0.0170,0.1081,1.0213,low
2026-01-01 01:00:47,23.520007,87.310012,0.0297,0.0333,1.0243,0.635,-0.845,1.326,0.0053,0.0714,1.0009,low
2026-01-01 01:00:48,23.519999,87.309995,0.0469,0.0131,1.0199,1.051,0.618,0.628,0.0481,0.0455,0.9932,low
2026-01-01 01:00:49,23.519995,87.309993,0.0431,-0.0087,1.0015,1.151,1.972,1.036,0.1023,0.1164,0.9985,low
2026-01-01 01:00:50,23.520004,87.310020,0.0601,0.0505,0.9969,1.327,1.160,1.340,0.0841,0.0629,1.0063,low
2026-01-01 01:00:51,23.519981,87.309980,0.0319,0.0574,1.0460,1.152,1.760,0.488,0.0269,0.0769,1.0529,low
2026-01-01 01:00:52,23.520010,87.309998,-0.0085,0.0574,1.0145,1.858,1.692,0.945,0.0649,0.0166,1.0009,low
2026-01-01 01:00:53,23.519999,87.310010,0.0425,-0.0131,1.0462,2.067,1.065,1.064,0.0927,-0.0114,1.0043,low
2026-01-01 01:00:54,23.520000,87.310007,0.0969,0.0969,1.0067,0.670,1.126,0.850,0.0193,0.0459,1.0498,low
2026-01-01 01:00:55,23.519997,87.310013,-0.0021,0.0145,1.0379,1.760,1.328,0.941,0.0728,0.0605,1.0455,low
2026-01-01 01:00:56,23.519994,87.309999,0.0512,0.0477,0.9982,0.989,1.469,0.481,0.0763,0.0437,0.9989,low
2026-01-01 01:00:57,23.520005,87.309988,0.0665,0.0094,1.0139,2.379,0.274,0.904,0.0413,-0.0031,1.0704,low
2026-01-01 01:00:58,23.520007,87.309991,0.0162,0.0107,1.0431,2.493,-0.171,-0.743,0.0480,0.0763,1.0324,low
2026-01-01 01:00:59,23.520004,87.310016,0.0633,0.0250,1.0301,0.347,2.078,0.986,0.0009,0.0760,0.9677,low
2026-01-01 01:01:00,23.519997,87.309993,0.0214,0.0374,0.9959,1.171,1.238,0.439,0.0790,0.0692,0.9912,low
2026-01-01 01:01:01,23.519992,87.310000,0.1049,0.0629,1.0310,-0.353,1.754,1.405,0.1091,0.0371,0.9833,low
2026-01-01 01:01:02,23.519989,87.310013,0.0941,0.0198,1.0357,0.038,-0.284,1.015,0.0357,0.0877,1.0147,low
2026-01-01 01:01:03,23.519990,87.309998,0.0574,0.0774,0.9835,0.568,-0.582,0.014,0.0537,-0.0228,0.9466,low
2026-01-01 01:01:04,23.520001,87.310001,0.0134,-0.0226,1.0522,0.439,2.054,1.074,0.1136,0.1077,1.0610,low
2026-01-01 01:01:05,23.520015,87.310017,0.1021,0.0476,1.0274,1.179,0.732,1.304,0.0051,0.1044,1.0027,low
2026-01-01 01:01:06,23.519988,87.309999,0.0359,-0.0061,0.9951,1.865,0.844,-0.262,0.0538,-0.0199,1.0160,low
2026-01-01 01:01:07,23.520012,87.309995,0.0470,0.0450,1.0199,0.587,0.819,0.890,0.0630,0.0351,1.0046,low
2026-01-01 01:01:08,23.520017,87.309993,0.0199,0.0061,1.0166,2.436,-0.679,0.508,-0.0103,0.0511,1.0245,low
2026-01-01 01:01:09,23.520001,87.309990,0.0668,-0.0353,1.0507,1.011,0.852,0.783,0.0666,0.1396,1.0403,low
2026-01-01 01:01:10,23.519979,87.309974,0.0931,-0.0102,1.0204,1.132,0.673,0.101,0.0683,0.1251,0.9491,low
2026-01-01 01:01:11,23.520009,87.310004,0.0243,0.0135,1.0335,3.540,0.916,0.051,0.0065,-0.0734,0.9760,low
2026-01-01 01:01:12,23.520014,87.309995,0.0694,0.0771,1.0020,0.726,1.786,0.097,0.0739,0.1008,1.0304,low
2026-01-01 01:01:13,23.519996,87.309996,0.0553,-0.0027,0.9833,2.096,0.652,0.803,0.0485,0.0731,1.0294,low
2026-01-01 01:01:14,23.520005,87.310014,0.0255,0.0345,1.0306,1.658,-0.003,-0.357,0.0127,0.0479,1.0914,low
2026-01-01 01:01:15,23.520026,87.310012,0.0563,0.0026,1.0506,3.109,1.388,0.744,0.1018,0.0816,1.0493,low
2026-01-01 01:01:16,23.520000,87.310021,0.0593,-0.0099,1.0252,1.311,0.485,1.826,0.0859,-0.0219,1.0298,low
2026-01-01 01:01:17,23.519995,87.310003,0.0292,0.0666,1.0352,0.390,2.217,0.188,0.0492,0.0119,1.0776,low
2026-01-01 01:01:18,23.519996,87.309997,0.0591,0.0039,1.0024,1.160,0.573,0.537,0.0684,0.0090,1.0461,low
2026-01-01 01:01:19,23.520003,87.309996,0.0163,0.0506,1.0196,0.036,0.806,0.200,0.0414,0.0555,1.0457,low
2026-01-01 01:01:20,23.520009,87.309999,0.0220,0.0169,1.0027,-1.268,1.138,0.303,0.1100,0.0798,1.0017,low
2026-01-01 01:01:21,23.520000,87.310002,-0.0127,0.0090,1.0249,0.234,-0.059,-0.761,0.0646,0.0553,0.9547,low
2026-01-01 01:01:22,23.520009,87.309988,0.0349,0.0282,1.0016,2.719,0.910,1.523,0.0471,0.0695,1.0061,low
2026-01-01 01:01:23,23.520007,87.310003,-0.0034,0.0294,1.0168,1.069,0.909,0.673,0.0816,0.0396,0.9912,low
2026-01-01 01:01:24,23.520000,87.309990,0.0501,0.0119,1.0290,-0.079,0.387,1.542,0.0895,-0.0034,1.0128,low
2026-01-01 01:01:25,23.519981,87.309990,0.0237,0.0227,0.9938,1.595,1.166,1.441,0.0793,0.0890,1.0449,low
2026-01-01 01:01:26,23.520015,87.310002,0.0166,0.0413,1.0525,-0.253,0.625,0.516,0.0988,0.0313,0.9989,low
2026-01-01 01:01:27,23.520001,87.310010,0.0840,0.0183,1.0274,0.919,1.240,0.943,0.0921,0.0398,1.0267,low
2026-01-01 01:01:28,23.519992,87.310004,0.0489,0.0895,1.0173,0.786,2.606,0.002,0.1018,0.0271,1.0055,low
2026-01-01 01:01:29,23.520013,87.309994,0.0184,0.0600,1.0505,1.984,3.138,0.701,0.0888,0.0944,0.9937,low
2026-01-01 01:01:30,23.520003,87.310001,0.0438,0.0726,1.0250,1.157,0.262,0.071,0.0117,0.0487,1.0485,low
2026-01-01 01:01:31,23.520007,87.310001,0.1060,0.0444,0.9903,0.024,1.176,1.356,0.0462,-0.0033,1.0255,low
2026-01-01 01:01:32,23.520004,87.310015,0.0132,0.0595,0.9988,1.750,1.507,-0.221,0.0315,0.0632,1.0284,low
2026-01-01 01:01:33,23.520000,87.310000,0.0223,0.0890,1.0179,-0.012,0.503,0.351,0.0093,0.0325,1.0115,low
2026-01-01 01:01:34,23.520010,87.310009,0.1157,0.0472,1.0314,0.149,1.574,1.923,0.0146,0.0840,1.0742,low
2026-01-01 01:01:35,23.519984,87.310009,0.0556,0.0631,1.0363,1.740,1.036,0.912,0.0922,0.0592,0.9615,low
2026-01-01 01:01:36,23.520004,87.309988,0.0172,0.0528,1.0005,0.144,1.010,1.424,0.0766,0.0119,1.0470,low
2026-01-01 01:01:37,23.520011,87.310012,0.0328,0.0169,1.0055,2.064,0.673,1.550,0.0708,0.0708,1.0180,low
2026-01-01 01:01:38,23.520001,87.310006,0.0909,0.0314,0.9982,1.895,1.526,0.729,0.0349,0.0051,1.0118,low
2026-01-01 01:01:39,23.520004,87.309998,0.0420,0.0381,1.0318,1.233,0.457,0.907,0.0108,0.0308,1.0448,low
2026-01-01 01:01:40,23.519997,87.309992,0.0614,0.0372,1.0417,1.653,0.107,0.542,0.0176,0.0560,0.9911,low
2026-01-01 01:01:41,23.520002,87.309990,0.0260,-0.0058,1.0291,0.674,0.695,0.227,0.0892,-0.0698,0.9820,low
2026-01-01 01:01:42,23.520007,87.310003,0.0799,0.0424,1.0051,0.956,-0.010,0.509,0.1293,0.0786,1.0331,low
2026-01-01 01:01:43,23.519999,87.309993,0.0247,0.0286,0.9938,0.097,0.320,0.175,0.0670,0.0628,0.9847,low
2026-01-01 01:01:44,23.519989,87.310010,0.0460,0.0095,1.0370,2.061,0.962,1.357,0.1061,0.0411,0.9641,low
2026-01-01 01:01:45,23.520002,87.310021,-0.0199,-0.0263,1.0178,1.523,1.661,-0.048,0.0693,0.0335,1.0048,low
2026-01-01 01:01:46,23.519990,87.310009,0.1142,0.0403,0.9762,2.252,2.557,1.209,0.0625,0.0540,1.0109,low
2026-01-01 01:01:47,23.519989,87.309997,0.0367,0.0147,1.0520,0.316,1.105,1.456,0.0118,-0.0230,1.0302,low
2026-01-01 01:01:48,23.519993,87.310008,0.0528,0.0533,1.0515,0.048,0.652,0.628,0.0705,-0.0047,0.9809,low
2026-01-01 01:01:49,23.519993,87.310009,0.0287,0.0194,1.0181,1.449,0.468,1.400,0.0440,0.0389,1.0645,low
2026-01-01 01:01:50,23.519995,87.309991,0.0375,0.0441,1.0272,1.569,2.572,0.548,0.0422,0.0947,1.0566,low
2026-01-01 01:01:51,23.520015,87.309995,0.0448,0.0173,1.0282,1.246,1.060,0.259,0.0391,0.0421,1.0206,low
2026-01-01 01:01:52,23.520014,87.309988,0.0012,0.0108,1.0290,-0.918,0.832,0.776,0.1234,0.0577,1.0392,low
2026-01-01 01:01:53,23.520003,87.309994,0.0654,0.0613,0.9999,1.478,1.858,1.170,0.1127,0.0655,0.9787,low
2026-01-01 01:01:54,23.519990,87.309998,0.0391,0.1060,1.0745,1.105,1.040,1.203,0.0183,0.0843,1.0228,low
2026-01-01 01:01:55,23.519999,87.309995,0.0316,-0.0219,1.0339,1.753,0.881,1.338,0.0432,0.0430,1.0140,low
2026-01-01 01:01:56,23.520017,87.310003,0.0367,-0.0202,1.0167,0.716,0.347,-0.178,-0.0037,-0.0057,1.0727,low
2026-01-01 01:01:57,23.520016,87.310003,-0.0062,0.0409,1.0275,1.685,1.442,0.182,0.1633,0.0846,0.9965,low
2026-01-01 01:01:58,23.519986,87.309987,0.0709,0.0015,1.0043,-0.553,1.062,0.926,0.1243,-0.0489,0.9758,low
2026-01-01 01:01:59,23.519989,87.309997,0.0671,-0.0236,1.0288,0.931,1.488,1.803,0.1154,0.0801,1.0147,low
2026-01-01 01:02:00,23.520017,87.309992,0.0604,0.0378,1.0370,1.311,-0.019,1.540,0.0170,0.0341,1.0371,low
2026-01-01 01:02:01,23.519995,87.310015,0.0775,0.0221,1.0060,0.038,1.515,1.190,0.0741,0.0979,0.9761,low
2026-01-01 01:02:02,23.520017,87.309994,0.1102,0.0390,1.0085,0.942,3.106,0.676,0.1034,0.0457,1.0162,low
2026-01-01 01:02:03,23.520007,87.310007,0.1035,0.0126,1.0202,1.751,0.021,2.078,0.0874,0.0230,1.0206,low
2026-01-01 01:02:04,23.519995,87.309992,0.0379,0.0335,0.9942,0.465,0.560,1.409,0.0083,0.0107,1.0253,low
2026-01-01 01:02:05,23.519983,87.310004,0.0493,0.0277,1.0211,0.795,1.143,0.167,0.0044,0.0321,1.0529,low
2026-01-01 01:02:06,23.519984,87.309985,0.0579,-0.0036,1.0133,0.928,1.864,-0.405,0.0451,0.0063,1.0464,low
2026-01-01 01:02:07,23.519987,87.310006,0.0615,0.0241,1.0144,0.512,0.886,1.335,0.1325,0.0628,1.0074,low
2026-01-01 01:02:08,23.520012,87.309982,0.0162,0.0595,1.0026,0.845,1.562,0.820,-0.0019,0.0072,1.0430,low
2026-01-01 01:02:09,23.519990,87.309991,0.0771,0.0117,1.0420,1.628,0.628,1.689,0.1109,0.1078,0.9721,low
2026-01-01 01:02:10,23.520004,87.310009,0.0803,0.0298,1.0165,0.338,0.768,0.199,0.1312,0.0172,1.0186,low
2026-01-01 01:02:11,23.520009,87.310014,0.0289,0.0362,1.0031,0.847,1.274,1.533,0.0679,0.0851,1.0266,low
2026-01-01 01:02:12,23.520005,87.309996,0.0110,0.0346,1.0187,1.808,-0.334,-0.264,0.0763,0.0531,1.0584,low
2026-01-01 01:02:13,23.519995,87.310000,0.0331,0.0170,0.9668,0.541,0.328,1.296,0.0296,0.0029,1.0606,low
2026-01-01 01:02:14,23.519997,87.309996,0.0118,-0.0015,0.9984,0.796,1.823,0.505,0.0839,0.0625,0.9985,low
2026-01-01 01:02:15,23.520002,87.309986,0.0690,0.0203,1.0242,1.222,1.358,0.193,0.0242,0.0437,1.0240,low
2026-01-01 01:02:16,23.520008,87.310008,0.0259,0.0226,1.0160,1.519,0.769,1.748,0.1091,0.0026,1.0176,low
2026-01-01 01:02:17,23.520007,87.310010,0.0579,0.0425,1.0007,1.573,0.598,0.278,0.0828,0.0268,1.0095,low
2026-01-01 01:02:18,23.519975,87.310001,0.0483,0.0310,1.0202,1.831,1.384,0.403,0.0194,0.1649,0.9895,low
2026-01-01 01:02:19,23.520009,87.310004,0.0742,0.0594,1.0147,0.785,0.779,1.515,0.0469,0.0447,1.0348,low
2026-01-01 01:02:20,23.519990,87.310010,0.0310,0.0149,1.0131,0.717,1.403,1.218,0.0086,0.0129,1.0436,low
2026-01-01 01:02:21,23.519995,87.309998,0.0504,0.0489,1.0005,1.921,1.442,0.076,0.0250,0.0385,0.9685,low
2026-01-01 01:02:22,23.519991,87.310008,-0.0132,0.0251,0.9871,1.025,0.758,0.549,0.0483,0.1083,1.0018,low
2026-01-01 01:02:23,23.519990,87.310000,0.0474,0.0395,1.0158,0.576,0.806,0.374,0.0444,0.0370,1.0539,low
2026-01-01 01:02:24,23.520000,87.310003,0.0639,0.0744,1.0027,3.015,3.147,0.841,0.0789,-0.0306,1.0176,low
2026-01-01 01:02:25,23.519994,87.309999,0.0654,0.0617,1.0167,1.420,0.862,1.112,0.0728,0.1197,1.0571,low
2026-01-01 01:02:26,23.519995,87.309992,0.0367,0.0307,1.0162,2.438,-0.663,-0.484,0.0215,0.0541,0.9858,low
2026-01-01 01:02:27,23.520009,87.309992,0.0790,0.0206,1.0286,1.409,1.068,0.727,-0.0040,0.0213,1.0389,low
2026-01-01 01:02:28,23.520009,87.310001,0.0426,0.0824,1.0561,0.765,2.269,-0.242,0.0047,0.0321,0.9845,low
2026-01-01 01:02:29,23.520008,87.310027,0.0312,0.0517,1.0307,2.578,0.689,0.752,0.1006,0.0929,1.0057,low
2026-01-01 01:02:30,23.520003,87.310007,0.0637,0.0938,1.0408,1.699,1.142,0.760,0.0850,0.1276,1.0278,medium
2026-01-01 01:02:31,23.520003,87.309980,0.0916,0.0503,1.0481,1.508,1.142,1.586,0.1425,0.1509,1.0327,medium
2026-01-01 01:02:32,23.519993,87.309994,0.0508,0.0826,1.0213,1.621,2.422,1.517,0.1652,0.1034,1.0596,medium
2026-01-01 01:02:33,23.520003,87.310001,0.0386,0.0400,1.0376,3.468,1.810,0.908,0.0813,0.1470,1.0817,medium
2026-01-01 01:02:34,23.519996,87.310017,0.0592,0.1138,1.0430,1.988,1.136,0.627,0.1240,0.1039,1.0685,medium
2026-01-01 01:02:35,23.520007,87.309999,0.0929,0.1121,0.9861,0.404,0.597,2.586,0.0742,0.1222,1.0211,medium
2026-01-01 01:02:36,23.519982,87.310017,0.1372,0.0750,1.0587,1.199,0.576,1.242,0.0792,0.0847,1.0331,medium
2026-01-01 01:02:37,23.519997,87.309991,0.1421,0.0772,1.0377,2.004,1.737,1.393,0.1100,0.1018,1.0809,medium
2026-01-01 01:02:38,23.520005,87.309999,0.1301,0.0993,1.0171,2.494,2.650,1.507,0.0923,0.1776,1.0234,medium
2026-01-01 01:02:39,23.520004,87.310011,0.1217,0.0677,1.0234,2.662,0.985,1.361,0.1363,0.0930,1.0405,medium
2026-01-01 01:02:40,23.519990,87.309997,0.0331,0.0510,1.0068,1.632,0.670,1.295,0.0836,0.1065,1.0849,medium
2026-01-01 01:02:41,23.520020,87.309997,0.0561,0.0401,1.0477,2.743,2.035,2.195,0.1246,0.0388,1.0492,medium
2026-01-01 01:02:42,23.520007,87.309994,0.1137,0.0844,1.0657,2.664,2.092,0.926,0.1394,0.1361,1.0163,medium
2026-01-01 01:02:43,23.520003,87.310005,0.1100,0.1128,1.0008,2.699,2.755,1.212,0.1568,0.0900,1.0105,medium
2026-01-01 01:02:44,23.519997,87.309997,0.0842,0.0633,1.0140,4.402,0.765,0.532,0.0789,0.0949,1.0895,medium
2026-01-01 01:02:45,23.520008,87.309987,0.0352,0.0507,1.0497,1.795,0.931,1.423,0.1496,0.1761,1.0890,medium
2026-01-01 01:02:46,23.520006,87.310000,0.1079,0.0827,0.9908,1.327,1.601,1.548,0.1905,0.0505,1.0593,medium
2026-01-01 01:02:47,23.520020,87.310012,0.0926,0.0842,0.9976,2.590,0.175,1.789,0.0303,0.0699,1.0407,medium
2026-01-01 01:02:48,23.520009,87.310004,0.0940,0.0626,1.0129,3.000,0.684,0.995,0.1541,0.0999,1.0152,medium
2026-01-01 01:02:49,23.519993,87.309988,0.1251,0.0679,1.0186,2.851,1.922,1.349,0.1058,0.0979,1.0271,medium
2026-01-01 01:02:50,23.519995,87.310009,0.0454,0.0531,1.0665,1.077,1.374,-0.124,0.0269,0.1077,1.0265,medium
2026-01-01 01:02:51,23.520006,87.310010,0.1078,0.0702,1.0314,2.563,2.972,0.257,0.0636,0.1021,0.9936,medium
2026-01-01 01:02:52,23.520001,87.309979,0.0921,0.0737,1.0483,3.016,0.784,1.162,0.0470,0.1004,1.0784,medium
2026-01-01 01:02:53,23.519996,87.309998,0.1123,0.0939,1.0307,1.050,1.283,0.665,0.0986,0.1085,1.0119,medium
2026-01-01 01:02:54,23.520002,87.310010,0.1021,0.0763,1.0294,2.933,2.624,0.929,0.0444,0.0834,1.0145,medium
2026-01-01 01:02:55,23.520011,87.310000,0.0802,0.0624,1.0436,2.048,1.467,2.102,0.1406,0.1306,1.0661,medium
2026-01-01 01:02:56,23.520008,87.309984,0.0497,0.0936,1.0259,2.648,-0.168,0.198,0.1344,0.1030,1.0391,medium
2026-01-01 01:02:57,23.519996,87.310010,0.1279,0.0716,1.0386,1.473,1.882,0.543,0.0655,0.0565,1.0803,medium
2026-01-01 01:02:58,23.520007,87.309989,0.1169,0.0711,1.0604,3.336,2.598,1.175,0.1166,0.0282,1.0511,medium
2026-01-01 01:02:59,23.520011,87.310013,0.1286,0.0856,1.0244,2.098,1.173,1.605,0.0750,0.0491,1.0218,medium
2026-01-01 01:03:00,23.519983,87.310004,0.0891,0.0801,1.0684,1.861,2.231,1.671,0.1061,0.1096,0.9980,medium
2026-01-01 01:03:01,23.520015,87.309991,0.1014,0.0674,1.0871,3.747,2.033,1.392,0.1367,0.1075,1.0594,medium
2026-01-01 01:03:02,23.519983,87.309996,0.0798,0.0837,1.0196,1.005,2.923,2.504,0.1111,-0.0168,0.9710,medium
2026-01-01 01:03:03,23.519989,87.309995,0.1211,0.0686,1.0442,2.623,2.495,0.544,0.0864,0.0921,1.0317,medium
2026-01-01 01:03:04,23.520006,87.309996,0.1445,0.1024,1.0355,2.138,1.268,1.616,0.1292,0.0922,1.0489,medium
2026-01-01 01:03:05,23.519986,87.310006,0.0489,0.0710,1.0041,1.078,-0.093,2.173,0.0534,0.0988,1.0601,medium
2026-01-01 01:03:06,23.520007,87.310013,0.0015,0.0700,1.0332,1.811,1.840,1.580,0.1599,0.0981,1.0055,medium
2026-01-01 01:03:07,23.520003,87.309990,0.1634,0.0641,1.0592,1.571,2.505,1.330,0.1377,0.1291,1.0712,medium
2026-01-01 01:03:08,23.519993,87.309997,0.1149,0.0343,1.0904,1.755,1.313,2.537,0.0615,0.1312,1.0915,medium
2026-01-01 01:03:09,23.519994,87.310017,0.0331,0.0661,1.0485,2.898,0.694,1.701,0.1081,0.0304,1.0191,medium
2026-01-01 01:03:10,23.519989,87.310009,0.1116,0.0549,1.0009,3.533,1.742,1.127,0.0767,0.1222,1.0397,medium
2026-01-01 01:03:11,23.519993,87.309995,0.0132,0.0894,1.0174,2.133,0.322,1.869,0.1396,0.1206,1.1014,medium
2026-01-01 01:03:12,23.519999,87.310004,0.0703,0.0642,1.0203,4.192,1.041,1.201,0.0308,0.0342,1.0213,medium
2026-01-01 01:03:13,23.520014,87.309985,0.1181,0.0490,1.0410,2.915,0.548,0.893,0.1646,0.1152,1.0212,medium
2026-01-01 01:03:14,23.519997,87.310003,0.1231,0.0517,1.0189,1.898,-0.267,0.501,0.1181,0.1252,1.0283,medium
2026-01-01 01:03:15,23.519997,87.309994,0.0769,0.0921,0.9998,3.411,2.957,1.006,0.1442,-0.0074,1.0347,medium
2026-01-01 01:03:16,23.520011,87.310003,0.1420,0.0769,1.0505,0.678,1.441,0.766,0.1417,0.0457,1.1081,medium
2026-01-01 01:03:17,23.520009,87.309995,0.0755,0.1001,1.0298,2.320,1.917,1.830,0.0752,0.0756,1.0009,medium
2026-01-01 01:03:18,23.519997,87.310004,0.1012,0.0833,1.0189,0.809,1.724,1.667,0.0875,0.1048,1.0296,medium
2026-01-01 01:03:19,23.520011,87.309973,0.1019,0.1201,1.0208,2.224,1.068,1.117,0.1489,0.1351,1.0313,medium
2026-01-01 01:03:20,23.520005,87.309992,0.0696,0.1110,1.0277,1.611,1.834,1.555,0.0882,0.1335,1.0376,medium
2026-01-01 01:03:21,23.520014,87.310008,0.0496,0.0831,1.0191,2.790,1.461,1.347,0.1285,0.0449,1.0467,medium
2026-01-01 01:03:22,23.520008,87.310000,0.1036,0.0581,1.0533,3.205,2.331,2.631,0.1829,0.0678,0.9980,medium
2026-01-01 01:03:23,23.519996,87.310005,0.1246,0.1772,1.0322,1.477,1.955,1.225,0.0960,0.1140,1.0483,medium
2026-01-01 01:03:24,23.520006,87.309988,0.0284,0.0412,1.0433,-0.048,1.424,0.677,0.0472,0.1385,1.0849,medium
2026-01-01 01:03:25,23.520005,87.310003,0.1293,0.0522,1.0483,1.279,0.993,1.187,0.1652,0.0125,1.0128,medium
2026-01-01 01:03:26,23.520008,87.310009,0.0867,0.0727,1.0417,1.967,1.051,1.938,0.1127,0.1073,1.0449,medium
2026-01-01 01:03:27,23.519993,87.309998,0.1325,0.1159,1.0700,1.598,0.854,2.150,0.1066,0.1314,1.0961,medium
2026-01-01 01:03:28,23.519985,87.310009,0.0794,0.0995,1.0319,0.649,1.897,1.906,0.1792,0.1654,1.0677,medium
2026-01-01 01:03:29,23.519979,87.310007,0.0472,0.1019,1.0410,0.904,2.487,0.580,0.1289,0.0421,0.9815,medium
2026-01-01 01:03:30,23.520002,87.309997,0.0830,0.0769,1.0656,2.125,2.426,1.629,-0.0022,0.0373,1.0704,medium
2026-01-01 01:03:31,23.520002,87.310012,0.0761,0.0949,1.0043,2.617,2.515,1.619,0.0926,0.0935,1.0234,medium
2026-01-01 01:03:32,23.519990,87.309994,0.1153,0.0448,1.0447,2.315,0.299,2.003,0.0890,0.1012,1.0410,medium
2026-01-01 01:03:33,23.519998,87.309979,0.0855,0.0675,1.0311,2.737,1.803,0.325,-0.0197,0.1048,1.0729,medium
2026-01-01 01:03:34,23.520005,87.310011,0.1045,0.0605,1.0063,2.385,1.282,0.462,0.0449,0.1015,1.0254,medium
2026-01-01 01:03:35,23.520008,87.309997,0.1132,0.0269,1.0336,3.491,1.178,1.112,0.0352,0.0485,1.0480,medium
2026-01-01 01:03:36,23.520009,87.310006,0.0371,0.0601,1.0466,2.743,1.728,1.084,0.0903,0.1332,1.0648,medium
2026-01-01 01:03:37,23.520011,87.309992,0.1042,0.0386,1.0483,1.787,1.530,0.521,0.0974,0.1261,1.0311,medium
2026-01-01 01:03:38,23.520015,87.309991,0.1535,0.0567,1.0228,1.769,2.606,1.390,0.0887,0.1163,1.0505,medium
2026-01-01 01:03:39,23.520003,87.310001,0.0624,0.0670,1.0287,2.700,1.212,2.214,0.1356,0.1473,1.0303,medium
2026-01-01 01:03:40,23.520009,87.310024,0.1120,0.1065,1.0097,4.128,1.054,0.107,0.0565,0.1285,1.0237,medium
2026-01-01 01:03:41,23.519981,87.310013,0.1025,0.0774,1.0409,1.330,2.508,0.064,0.1039,0.1279,1.0805,medium
2026-01-01 01:03:42,23.519992,87.310010,0.0910,0.0950,1.0565,3.157,1.155,1.453,0.0700,0.1625,1.0422,medium
2026-01-01 01:03:43,23.520008,87.310008,0.0370,0.0809,1.0310,1.936,2.239,1.007,0.0873,0.0534,1.0332,medium
2026-01-01 01:03:44,23.519991,87.310015,0.1601,0.0407,1.0325,2.266,1.641,0.406,0.0938,0.0652,1.0109,medium
2026-01-01 01:03:45,23.519994,87.309993,0.1083,0.0310,1.0161,0.559,2.227,2.149,0.0825,0.1162,1.0296,medium
2026-01-01 01:03:46,23.519995,87.309978,0.1070,0.0663,1.0321,2.411,0.783,1.265,0.1144,0.0703,1.0155,medium
2026-01-01 01:03:47,23.520007,87.309996,0.0513,0.1162,1.0286,1.635,2.154,1.173,0.0548,0.0493,1.0187,medium
2026-01-01 01:03:48,23.520014,87.310015,0.0841,0.0657,1.0220,1.229,1.186,1.433,0.1525,0.0826,1.0191,medium
2026-01-01 01:03:49,23.520001,87.309989,0.1033,0.1018,0.9847,1.146,3.378,1.401,0.1371,0.0946,1.0426,medium
2026-01-01 01:03:50,23.520006,87.309991,0.0403,0.0713,1.0293,1.281,0.996,2.109,0.1718,0.0803,1.0090,medium
2026-01-01 01:03:51,23.520006,87.309997,0.0781,0.0355,1.0359,3.002,1.796,0.653,0.0950,0.1516,1.0560,medium
2026-01-01 01:03:52,23.519979,87.309987,0.1259,0.0903,1.0263,3.754,1.354,0.369,0.1194,0.0625,1.0677,medium
2026-01-01 01:03:53,23.519985,87.309994,0.0178,0.0790,0.9957,1.600,1.562,2.016,0.0333,0.0252,1.0302,medium
2026-01-01 01:03:54,23.519997,87.309997,0.1023,0.0884,1.0570,2.220,1.507,1.994,0.1137,0.1209,1.0310,medium
2026-01-01 01:03:55,23.520008,87.310004,0.1064,0.0734,1.0256,0.694,1.667,0.316,0.0449,0.0716,1.0563,medium
2026-01-01 01:03:56,23.520015,87.309996,0.0941,0.0575,1.0374,1.260,1.246,2.525,0.1363,0.0936,1.0363,medium
2026-01-01 01:03:57,23.519999,87.310001,0.1420,0.0892,1.0072,1.696,3.021,1.181,0.0368,0.0657,1.1065,medium
2026-01-01 01:03:58,23.520010,87.310001,0.0709,0.1022,1.0212,1.585,2.372,1.282,0.0741,0.0612,1.0188,medium
2026-01-01 01:03:59,23.520003,87.309999,0.0811,0.0502,1.0597,3.211,1.341,2.542,0.1265,0.0794,1.0916,medium
2026-01-01 01:04:00,23.520020,87.309998,0.0641,0.0540,1.0036,2.838,2.230,1.198,0.0767,0.0940,1.0350,medium
2026-01-01 01:04:01,23.519995,87.310018,0.1129,0.0293,1.0399,1.918,2.224,0.687,0.1295,-0.0023,1.0558,medium
2026-01-01 01:04:02,23.520002,87.310001,0.0716,0.0612,1.0253,2.561,1.013,1.791,0.0953,0.0775,1.0824,medium
2026-01-01 01:04:03,23.520011,87.309998,0.0794,0.0407,1.0322,0.538,2.424,1.185,0.1735,0.0955,1.0303,medium
2026-01-01 01:04:04,23.520009,87.310005,0.1133,0.0252,1.0282,3.203,0.993,1.833,0.0735,0.0192,1.0697,medium
2026-01-01 01:04:05,23.519996,87.310006,0.1131,0.0498,1.0386,1.862,1.485,0.773,0.0826,0.0900,1.0658,medium
2026-01-01 01:04:06,23.519987,87.310010,0.1284,0.0588,1.0634,2.477,3.347,0.968,0.2123,0.1091,1.0857,medium
2026-01-01 01:04:07,23.520011,87.310020,0.0541,0.0381,1.0714,1.264,0.934,1.763,0.1092,0.1096,1.0933,medium
2026-01-01 01:04:08,23.519994,87.310000,0.0623,0.0369,1.0079,3.026,1.903,0.511,0.1644,0.1244,1.0233,medium
2026-01-01 01:04:09,23.520008,87.310000,0.0471,0.0481,1.0611,2.771,1.887,1.570,0.0734,0.0720,1.0277,medium
2026-01-01 01:04:10,23.519991,87.309988,0.0975,0.0642,1.0335,-0.033,1.409,1.350,0.1204,0.0415,1.0232,medium
2026-01-01 01:04:11,23.520005,87.309994,0.0678,0.0362,1.0149,2.188,2.992,0.897,0.0513,0.0554,1.1217,medium
2026-01-01 01:04:12,23.520004,87.310000,0.0279,0.0545,1.0832,2.523,2.533,0.708,0.0846,0.1237,1.0218,medium
2026-01-01 01:04:13,23.519996,87.309995,0.0568,0.0626,1.0455,1.169,1.096,2.093,0.0628,0.0190,0.9862,medium
2026-01-01 01:04:14,23.519995,87.310003,0.1036,0.0767,1.0251,1.326,1.541,1.153,0.1199,0.0873,1.0540,medium
2026-01-01 01:04:15,23.520004,87.310010,0.0483,0.0973,1.0444,1.410,2.972,1.565,0.0953,0.0266,1.0162,medium
2026-01-01 01:04:16,23.520007,87.309996,0.1136,0.0217,1.0301,3.484,1.820,1.016,0.1258,0.0756,1.0772,medium
2026-01-01 01:04:17,23.520000,87.309992,0.1247,0.0831,1.0571,2.326,3.704,1.227,0.0857,0.1015,0.9970,medium
2026-01-01 01:04:18,23.519993,87.310009,0.0341,0.0837,1.0633,2.877,2.361,2.187,0.1751,0.1155,1.0744,medium
2026-01-01 01:04:19,23.520001,87.310001,0.0970,0.0839,1.0371,1.041,2.910,1.579,0.1323,0.0803,1.0615,medium
2026-01-01 01:04:20,23.520006,87.309992,0.0760,0.0473,1.0204,1.589,1.486,0.971,0.0860,0.1476,1.0686,medium
2026-01-01 01:04:21,23.520007,87.309993,0.0617,0.0257,1.0172,3.088,1.096,1.834,0.1338,0.0870,0.9872,medium
2026-01-01 01:04:22,23.519995,87.310000,0.1177,0.0640,1.0369,1.900,2.081,1.953,0.1380,0.0302,1.0490,medium
2026-01-01 01:04:23,23.520008,87.310007,0.0553,0.0464,1.0521,1.997,2.448,1.503,0.1222,0.0368,1.0285,medium
2026-01-01 01:04:24,23.520010,87.310003,0.1129,0.0531,1.0067,1.139,1.687,0.578,0.0815,0.0989,1.0612,medium
2026-01-01 01:04:25,23.519990,87.310007,0.0793,0.0911,1.0518,2.556,2.649,0.934,0.1179,0.1152,1.0654,medium
2026-01-01 01:04:26,23.520012,87.310003,0.0784,0.0527,1.0904,3.169,2.224,2.136,0.0976,0.0689,1.0318,medium
2026-01-01 01:04:27,23.520005,87.309991,0.1362,0.0583,1.0096,2.623,3.063,1.325,0.1299,0.0511,1.0336,medium
2026-01-01 01:04:28,23.520003,87.310001,0.1197,0.1371,1.0195,1.752,3.280,0.782,0.1000,0.1089,1.0654,medium
2026-01-01 01:04:29,23.520012,87.309970,0.1324,0.0780,1.0837,-0.072,3.167,2.611,0.0452,0.0686,1.0412,medium
2026-01-01 01:04:30,23.519990,87.310004,0.1019,0.0539,1.0175,1.814,1.624,0.399,0.1328,0.0891,0.9924,medium
2026-01-01 01:04:31,23.519992,87.310004,0.1006,0.1065,1.0233,1.812,2.430,1.107,0.0469,0.0845,1.0763,medium
2026-01-01 01:04:32,23.519999,87.309998,0.0622,0.0616,1.0739,2.046,1.844,0.170,0.1471,0.0122,1.0471,medium
2026-01-01 01:04:33,23.519984,87.309997,0.0307,0.0904,1.0689,3.388,0.976,2.090,0.1358,0.0739,1.0101,medium
2026-01-01 01:04:34,23.520015,87.310012,0.0497,0.1038,1.0692,2.402,1.224,1.129,0.0832,0.1247,1.0690,medium
2026-01-01 01:04:35,23.520015,87.309993,0.0943,0.1417,1.0045,1.989,1.783,1.543,0.1540,0.0891,1.0653,medium
2026-01-01 01:04:36,23.519995,87.309989,0.0561,0.0723,1.0033,1.916,1.735,1.601,0.1544,0.0538,1.0385,medium
2026-01-01 01:04:37,23.520015,87.310006,0.1186,0.0514,1.0577,0.547,0.814,1.071,0.0641,0.1015,1.0097,medium
2026-01-01 01:04:38,23.519992,87.309990,0.0558,0.0692,1.0139,2.111,1.644,1.190,0.0458,0.0474,1.0235,medium
2026-01-01 01:04:39,23.519994,87.309999,-0.0127,0.0700,1.0589,2.793,2.007,1.314,0.1199,0.0945,1.0616,medium
2026-01-01 01:04:40,23.520003,87.310000,0.1222,0.0690,1.0458,2.677,1.899,1.275,0.0902,0.0401,0.9941,medium
2026-01-01 01:04:41,23.520023,87.310012,0.0969,0.0990,1.0505,2.500,1.773,1.184,0.1397,0.1097,1.0204,medium
2026-01-01 01:04:42,23.519991,87.310002,0.0410,0.0489,1.0117,2.211,1.924,0.861,0.1242,0.0808,0.9987,medium
2026-01-01 01:04:43,23.519991,87.309990,0.0925,0.1006,1.0451,1.928,3.192,1.416,0.0886,0.1038,1.0576,medium
2026-01-01 01:04:44,23.520018,87.310002,0.0999,0.0634,1.0026,3.262,2.157,1.112,0.0815,0.1592,0.9904,medium
2026-01-01 01:04:45,23.519980,87.309994,0.0704,0.0731,0.9914,2.408,0.940,1.141,0.0568,0.1194,0.9988,medium
2026-01-01 01:04:46,23.519983,87.310010,0.0982,0.0804,1.0314,3.856,1.755,2.200,0.1072,0.1077,1.0898,medium
2026-01-01 01:04:47,23.520002,87.309988,0.0827,0.1093,1.0548,3.584,1.884,1.627,0.0728,0.1421,1.0081,medium
2026-01-01 01:04:48,23.520002,87.310011,0.0973,0.0043,1.0216,3.402,1.672,1.254,0.1140,0.0740,1.0367,medium
2026-01-01 01:04:49,23.520000,87.309990,0.0774,0.0728,1.0253,1.881,2.439,1.341,0.2031,0.1459,1.0153,medium
2026-01-01 01:04:50,23.519995,87.309994,0.0678,0.0540,1.0757,3.044,1.446,0.841,0.0866,0.1585,1.0798,medium
2026-01-01 01:04:51,23.519992,87.310006,0.0745,0.1449,1.0137,2.733,0.558,1.136,0.0635,0.0842,1.0277,medium
2026-01-01 01:04:52,23.520012,87.310009,0.1383,0.1119,1.0595,2.469,2.094,2.206,0.1240,0.0791,1.0377,medium
2026-01-01 01:04:53,23.519997,87.310015,0.0896,0.0593,1.0075,2.073,2.259,0.993,0.1756,0.1453,1.0613,medium
2026-01-01 01:04:54,23.520016,87.309995,0.1179,0.0661,1.0806,4.099,1.183,1.278,0.1787,0.0739,1.0585,medium
2026-01-01 01:04:55,23.520003,87.309992,0.1010,0.0819,0.9897,2.169,1.413,1.161,0.1246,0.0905,1.0308,medium
2026-01-01 01:04:56,23.519991,87.310001,0.1248,0.0127,0.9971,2.122,0.846,1.570,0.1047,0.0172,1.1061,medium
2026-01-01 01:04:57,23.520002,87.309985,0.1248,0.1129,1.0610,1.728,0.288,0.717,0.0699,-0.0284,1.0489,medium
2026-01-01 01:04:58,23.520002,87.310013,0.0881,0.1077,1.0423,1.933,1.204,2.036,0.0882,0.1064,1.0290,medium
2026-01-01 01:04:59,23.519993,87.309989,0.0678,0.0317,1.0452,2.851,1.147,1.464,0.0889,0.1143,1.0128,medium
2026-01-01 01:05:00,23.519997,87.310015,0.1496,0.1355,1.0429,3.450,1.520,1.735,0.1932,0.1370,1.0756,high
2026-01-01 01:05:01,23.520018,87.309986,0.1254,0.0944,1.0013,4.202,3.287,1.894,0.1575,0.1525,1.0659,high
2026-01-01 01:05:02,23.519981,87.309998,0.1254,0.1451,0.9977,4.565,1.761,2.556,0.1373,0.2285,1.0911,high
2026-01-01 01:05:03,23.519985,87.309984,0.1536,0.0996,1.0913,2.410,3.421,3.340,0.0674,0.1338,1.1198,high
2026-01-01 01:05:04,23.520023,87.310014,0.1223,0.1120,1.0711,4.318,4.537,1.604,0.1635,0.1666,0.9927,high
2026-01-01 01:05:05,23.520009,87.310011,0.1609,0.1299,1.0567,3.348,3.935,2.406,0.1744,0.1228,1.1218,high
2026-01-01 01:05:06,23.519998,87.309994,0.1764,0.1457,1.0327,3.729,2.718,2.220,0.1348,0.1483,1.0459,high
2026-01-01 01:05:07,23.520008,87.309987,0.0897,0.1368,1.0129,3.572,3.097,2.420,0.1234,0.0852,1.0812,high
2026-01-01 01:05:08,23.520014,87.310007,0.1315,0.0407,1.0425,4.784,3.706,1.371,0.1124,0.1643,1.1548,high
2026-01-01 01:05:09,23.519995,87.309989,0.1471,0.2087,1.0825,3.288,1.389,1.930,0.1412,0.0847,1.0214,high
2026-01-01 01:05:10,23.520012,87.310001,0.1466,0.1789,1.0581,2.779,3.289,1.347,0.1419,0.1523,1.0264,high
2026-01-01 01:05:11,23.519999,87.309993,0.1566,0.0968,1.0439,2.338,2.271,1.882,0.1529,0.0917,1.0638,high
2026-01-01 01:05:12,23.520010,87.309984,0.0883,0.1321,1.0624,3.843,0.934,1.965,0.1237,0.0996,1.0870,high
2026-01-01 01:05:13,23.519996,87.310010,0.1163,0.0622,1.0649,2.291,4.418,2.152,0.1350,0.1941,1.0638,high
2026-01-01 01:05:14,23.519996,87.309994,0.0785,0.1170,1.0712,2.737,2.832,2.763,0.1947,0.1562,1.0441,high
2026-01-01 01:05:15,23.520000,87.309990,0.1453,0.0849,1.0488,3.144,1.619,2.594,0.1628,0.1118,1.1329,high
2026-01-01 01:05:16,23.520005,87.309998,0.1350,0.1103,1.0678,2.927,1.740,2.241,0.1166,0.2218,1.0675,high
2026-01-01 01:05:17,23.519998,87.310012,0.1209,0.1190,1.0380,1.901,1.620,2.626,0.2078,0.1515,1.1258,high
2026-01-01 01:05:18,23.520013,87.310003,0.1252,0.1024,1.0190,3.252,1.878,2.359,0.2166,0.1920,1.0916,high
2026-01-01 01:05:19,23.520008,87.309991,0.1078,0.0447,1.0284,3.699,3.345,1.938,0.1598,0.0888,1.1068,high
2026-01-01 01:05:20,23.520001,87.309992,0.1093,0.1034,1.0336,3.605,3.439,2.250,0.0996,0.1880,1.1274,high
2026-01-01 01:05:21,23.520014,87.309988,0.0967,0.1188,1.0042,3.481,2.325,1.802,0.1550,0.1232,1.0691,high
2026-01-01 01:05:22,23.520006,87.309992,0.1540,0.0829,1.0934,2.676,2.046,2.239,0.1752,0.1310,1.0525,high
2026-01-01 01:05:23,23.519989,87.310011,0.1880,0.0960,1.0276,3.267,4.713,1.357,0.1715,0.1481,1.1137,high
2026-01-01 01:05:24,23.519998,87.309998,0.2006,0.1226,1.0508,2.771,2.024,1.627,0.2526,0.0727,1.0903,high
2026-01-01 01:05:25,23.519996,87.310005,0.1113,0.1041,1.1129,3.199,3.882,0.945,0.1334,0.1799,1.0444,high
2026-01-01 01:05:26,23.519996,87.310013,0.1170,0.1331,1.0937,2.946,3.094,1.587,0.1800,0.1287,1.0491,high
2026-01-01 01:05:27,23.520003,87.310002,0.1532,0.1272,1.0750,3.396,3.351,2.325,0.1264,0.1617,1.0435,high
2026-01-01 01:05:28,23.519985,87.309987,0.1031,0.0760,1.0287,3.615,2.209,3.009,0.1902,0.1924,1.1066,high
2026-01-01 01:05:29,23.520023,87.309998,0.1743,0.0976,1.0354,3.522,3.325,2.076,0.2255,0.1202,1.1095,high
2026-01-01 01:05:30,23.520020,87.310005,0.1725,0.0927,1.0323,3.288,1.944,2.100,0.1354,0.1497,1.0988,high
2026-01-01 01:05:31,23.520003,87.309983,0.1051,0.0409,1.0888,3.008,2.737,0.465,0.1577,0.1800,1.1074,high
2026-01-01 01:05:32,23.520015,87.310010,0.1179,0.0853,1.0582,2.966,3.069,1.132,0.1355,0.1524,1.1083,high
2026-01-01 01:05:33,23.519997,87.309986,0.2274,0.1333,1.0513,4.390,4.360,3.190,0.1976,0.0935,0.9772,high
2026-01-01 01:05:34,23.520000,87.309995,0.1430,0.0426,1.1047,1.921,3.411,2.040,0.1425,0.1565,1.1134,high
2026-01-01 01:05:35,23.519995,87.309993,0.1584,0.0764,1.0192,4.087,2.610,1.992,0.1497,0.1234,1.0400,high
2026-01-01 01:05:36,23.520005,87.309997,0.1466,0.1928,1.0585,3.288,1.947,2.529,0.1811,0.1205,1.0811,high
2026-01-01 01:05:37,23.519980,87.309997,0.0881,0.1541,1.0272,2.352,2.163,-0.001,0.1434,0.0861,1.1319,high
2026-01-01 01:05:38,23.519998,87.309996,0.1538,0.0751,1.0216,3.835,3.578,2.365,0.1857,0.0650,1.0687,high
2026-01-01 01:05:39,23.520004,87.310008,0.1603,0.1156,1.0565,2.478,1.741,-0.029,0.1312,0.0867,1.0671,high
2026-01-01 01:05:40,23.519999,87.309993,0.1455,0.1205,1.0837,1.827,3.171,1.931,0.1225,0.1344,1.0526,high
2026-01-01 01:05:41,23.520008,87.310023,0.1347,0.1204,0.9848,3.140,2.206,1.714,0.1017,0.1483,1.0555,high
2026-01-01 01:05:42,23.519999,87.310004,0.1128,0.1411,1.0468,3.192,2.226,1.806,0.1822,0.1354,1.0741,high
2026-01-01 01:05:43,23.520008,87.309993,0.1299,0.1058,1.0626,3.140,3.869,1.536,0.1306,0.0906,1.0179,high
2026-01-01 01:05:44,23.520000,87.310005,0.1203,0.1039,1.0643,4.088,2.257,1.486,0.2140,0.1687,1.0864,high
2026-01-01 01:05:45,23.520002,87.310006,0.1884,0.0935,1.0450,2.949,3.129,1.863,0.1093,0.1290,1.0859,high
2026-01-01 01:05:46,23.520006,87.310011,0.1383,0.0252,1.0732,2.993,2.894,3.631,0.1978,0.1643,1.0743,high
2026-01-01 01:05:47,23.520002,87.309999,0.1350,0.0440,1.0562,3.566,3.050,1.527,0.1595,0.1325,1.0231,high
2026-01-01 01:05:48,23.520001,87.309993,0.1219,0.1272,1.0358,3.257,1.779,2.082,0.1412,0.1649,1.0461,high
2026-01-01 01:05:49,23.520004,87.310015,0.1393,0.1249,1.0403,2.836,3.549,1.075,0.0985,0.1041,1.0417,high
2026-01-01 01:05:50,23.520000,87.310018,0.1173,0.0621,1.0679,3.184,2.788,2.185,0.1840,0.1386,1.0501,high
2026-01-01 01:05:51,23.519991,87.310007,0.1394,0.1100,1.0594,3.831,3.495,1.570,0.1854,0.1665,1.0127,high
2026-01-01 01:05:52,23.519988,87.309995,0.1428,0.0920,1.0201,3.934,3.205,2.088,0.1404,0.1615,1.0414,high
2026-01-01 01:05:53,23.520002,87.310013,0.1260,0.0927,0.9988,4.004,3.774,2.688,0.2583,0.2146,1.0704,high
2026-01-01 01:05:54,23.519994,87.310022,0.1308,0.0857,1.0801,2.827,1.655,2.306,0.1645,0.1139,1.0647,high
2026-01-01 01:05:55,23.520000,87.310005,0.1836,0.0802,1.0267,2.864,1.563,1.800,0.1511,0.1236,1.1041,high
2026-01-01 01:05:56,23.519996,87.309995,0.1596,0.0580,0.9981,2.534,1.095,0.966,0.1141,0.1404,1.0324,high
2026-01-01 01:05:57,23.519995,87.310008,0.1093,0.1915,1.0631,3.178,1.885,1.245,0.1986,0.1461,1.1250,high
2026-01-01 01:05:58,23.520011,87.309992,0.1876,0.1540,1.0751,4.666,2.348,2.476,0.1802,0.2249,1.0364,high
2026-01-01 01:05:59,23.519992,87.310000,0.2041,0.1512,1.0383,2.509,3.062,2.126,0.1496,0.1537,1.0698,high
2026-01-01 01:06:00,23.520009,87.309987,0.1376,0.0663,1.0592,3.276,2.318,2.590,0.2124,0.1110,1.1104,high
2026-01-01 01:06:01,23.520005,87.309992,0.1534,0.1028,1.0659,3.928,2.104,2.169,0.2280,0.1314,1.0243,high
2026-01-01 01:06:02,23.520005,87.310002,0.1849,0.1480,1.0663,3.281,3.330,2.325,0.1931,0.1263,1.1338,high
2026-01-01 01:06:03,23.519992,87.309993,0.0995,0.0996,1.0246,2.925,1.885,1.007,0.2021,0.1524,1.0974,high
2026-01-01 01:06:04,23.520001,87.310013,0.1421,0.1030,1.0344,2.525,3.638,1.237,0.1507,0.2641,1.0758,high
2026-01-01 01:06:05,23.519998,87.310020,0.1528,0.1111,1.0369,2.956,1.649,1.818,0.1543,0.1104,1.1095,high
2026-01-01 01:06:06,23.520010,87.310006,0.1526,0.1034,1.0431,3.492,1.183,2.040,0.1745,0.1143,1.1007,high
2026-01-01 01:06:07,23.519988,87.309994,0.1086,0.1227,1.0483,3.648,1.931,1.730,0.1491,0.1478,1.0140,high
2026-01-01 01:06:08,23.519985,87.309988,0.1641,0.1127,1.0823,2.718,2.343,1.563,0.2005,0.1210,1.0275,high
2026-01-01 01:06:09,23.520014,87.309985,0.1545,0.0772,1.1053,3.239,1.771,2.194,0.1803,0.0690,1.0590,high
2026-01-01 01:06:10,23.520000,87.309999,0.0978,0.0695,1.0107,4.624,2.647,1.849,0.1401,0.1740,1.0680,high
2026-01-01 01:06:11,23.519995,87.309983,0.1381,0.1437,1.1127,4.871,3.037,2.505,0.1427,0.1312,1.0093,high
2026-01-01 01:06:12,23.519996,87.309997,0.1324,0.0746,1.0806,3.537,2.810,3.214,0.1607,0.1233,1.0393,high
2026-01-01 01:06:13,23.520003,87.310001,0.1293,0.1069,1.1194,5.077,1.415,1.245,0.1549,0.1511,1.0757,high
2026-01-01 01:06:14,23.519995,87.310007,0.1737,0.1043,1.0699,3.135,2.537,0.868,0.1235,0.2118,1.1124,high
2026-01-01 01:06:15,23.519999,87.309999,0.1809,0.1027,1.0422,4.462,2.309,2.749,0.1938,0.1928,1.0705,high
2026-01-01 01:06:16,23.519993,87.310004,0.1690,0.0843,1.0286,3.289,1.280,3.079,0.1514,0.1144,1.0064,high
2026-01-01 01:06:17,23.520009,87.309985,0.1391,0.1327,1.0524,5.278,2.790,3.167,0.1667,0.0894,1.0627,high
2026-01-01 01:06:18,23.520008,87.309996,0.1219,0.1031,1.0813,4.220,3.025,1.416,0.1486,0.1070,1.0694,high
2026-01-01 01:06:19,23.519989,87.310004,0.1392,0.1188,1.0882,4.321,2.232,2.232,0.2102,0.1034,1.0790,high
2026-01-01 01:06:20,23.520011,87.310000,0.1125,0.0843,1.0512,1.850,2.653,2.328,0.2300,0.1112,1.0623,high
2026-01-01 01:06:21,23.519994,87.310007,0.1599,0.1098,1.0239,1.288,2.928,1.762,0.1824,0.2010,1.1192,high
2026-01-01 01:06:22,23.520006,87.310002,0.1645,0.0733,1.1005,3.925,2.109,2.014,0.1546,0.0870,1.0823,high
2026-01-01 01:06:23,23.519984,87.309995,0.1507,0.1097,1.0291,4.289,2.330,2.581,0.2520,0.1063,1.0311,high
2026-01-01 01:06:24,23.520002,87.310004,0.0975,0.1059,1.0614,2.631,3.410,2.288,0.1766,0.1082,0.9895,high
2026-01-01 01:06:25,23.520005,87.309983,0.1284,0.0938,1.0385,2.554,2.813,2.334,0.2175,0.1733,1.0111,high
2026-01-01 01:06:26,23.520001,87.310000,0.0746,0.1035,1.0967,4.579,1.801,1.783,0.1888,0.1579,1.0855,high
2026-01-01 01:06:27,23.519985,87.310000,0.1212,0.1380,1.0995,3.089,2.306,3.166,0.2082,0.1596,1.1414,high
2026-01-01 01:06:28,23.519998,87.310015,0.1194,0.1320,1.0365,2.569,3.383,1.943,0.1398,0.1481,1.1184,high
2026-01-01 01:06:29,23.520007,87.310000,0.1261,0.0983,1.1026,3.157,4.306,3.187,0.1252,0.1484,1.1064,high
2026-01-01 01:06:30,23.519999,87.309994,0.1443,0.1077,1.0777,3.628,3.222,2.280,0.1576,0.1695,1.1060,high
2026-01-01 01:06:31,23.519999,87.310006,0.1853,0.1351,1.0725,3.923,1.882,1.447,0.1699,0.1474,1.0857,high
2026-01-01 01:06:32,23.520006,87.310000,0.1350,0.1040,1.0345,3.145,2.198,3.056,0.1870,0.1072,1.1392,high
2026-01-01 01:06:33,23.520007,87.309998,0.1208,0.1131,1.0326,2.147,3.016,2.023,0.2106,0.1609,1.1589,high
2026-01-01 01:06:34,23.520001,87.309990,0.1607,0.1160,1.0453,2.085,1.933,2.621,0.1325,0.1051,1.1147,high
2026-01-01 01:06:35,23.520002,87.309994,0.1232,0.1005,1.0117,3.691,1.229,1.820,0.2163,0.0985,1.0915,high
2026-01-01 01:06:36,23.520002,87.310008,0.0980,0.1012,1.0648,4.456,2.682,1.925,0.1197,0.0658,1.0705,high
2026-01-01 01:06:37,23.520006,87.309992,0.1673,0.1279,1.0756,3.962,4.159,2.565,0.1669,0.0987,1.0994,high
2026-01-01 01:06:38,23.519987,87.309993,0.1426,0.1000,1.0611,2.171,2.630,1.140,0.1750,0.1521,1.0976,high
2026-01-01 01:06:39,23.520012,87.309999,0.1587,0.0858,1.0116,3.786,2.986,1.313,0.0927,0.1239,1.0630,high
